category,workload,pass,time_ms
blockscale_gemm,blockscale_gemm_dyn_sm90,SEMA,0.37
blockscale_gemm,blockscale_gemm_dyn_sm90,NORM,0.27
blockscale_gemm,blockscale_gemm_dyn_sm90,VALNO,2.46
blockscale_gemm,blockscale_gemm_dyn_sm90,INFER,0.27
blockscale_gemm,blockscale_gemm_dyn_sm90,LATENORM,0.13
blockscale_gemm,blockscale_gemm_dyn_sm90,MEMORYREUSE,1.20
blockscale_gemm,blockscale_gemm_dyn_sm90,ACTIVE-THREADS,0.05
blockscale_gemm,blockscale_gemm_dyn_sm90,CHECK,2.06
blockscale_gemm,blockscale_gemm_dyn_sm90,CODEGEN,0.16
blockscale_gemm,blockscale_gemm_dyn_sm90,GPU,0.41
blockscale_gemm,blockscale_gemm_dyn_sm90,MUCHK,0.06
blockscale_gemm,blockscale_gemm_dyn_sm90,ASSERT-SITE,0.15
blockscale_gemm,blockscale_gemm_dyn_sm90,CODEGEN,15.10
blockscale_gemm,blockscale_gemm_dyn_sm90,Total,22.68
blockscale_gemm,blockscale_gemm_e4m3_dyn_sm90_warpspec_1p1c,SEMA,0.71
blockscale_gemm,blockscale_gemm_e4m3_dyn_sm90_warpspec_1p1c,NORM,0.59
blockscale_gemm,blockscale_gemm_e4m3_dyn_sm90_warpspec_1p1c,VALNO,4.76
blockscale_gemm,blockscale_gemm_e4m3_dyn_sm90_warpspec_1p1c,INFER,0.56
blockscale_gemm,blockscale_gemm_e4m3_dyn_sm90_warpspec_1p1c,LATENORM,0.22
blockscale_gemm,blockscale_gemm_e4m3_dyn_sm90_warpspec_1p1c,MEMORYREUSE,1.69
blockscale_gemm,blockscale_gemm_e4m3_dyn_sm90_warpspec_1p1c,ACTIVE-THREADS,0.11
blockscale_gemm,blockscale_gemm_e4m3_dyn_sm90_warpspec_1p1c,CHECK,2.12
blockscale_gemm,blockscale_gemm_e4m3_dyn_sm90_warpspec_1p1c,CODEGEN,0.18
blockscale_gemm,blockscale_gemm_e4m3_dyn_sm90_warpspec_1p1c,GPU,0.32
blockscale_gemm,blockscale_gemm_e4m3_dyn_sm90_warpspec_1p1c,MUCHK,0.04
blockscale_gemm,blockscale_gemm_e4m3_dyn_sm90_warpspec_1p1c,ASSERT-SITE,0.13
blockscale_gemm,blockscale_gemm_e4m3_dyn_sm90_warpspec_1p1c,CODEGEN,10.44
blockscale_gemm,blockscale_gemm_e4m3_dyn_sm90_warpspec_1p1c,Total,21.86
blockscale_gemm,blockscale_gemm_e4m3_dyn_sm90_warpspec_1p1c_m2048_n2048_k2048,SEMA,0.61
blockscale_gemm,blockscale_gemm_e4m3_dyn_sm90_warpspec_1p1c_m2048_n2048_k2048,NORM,0.52
blockscale_gemm,blockscale_gemm_e4m3_dyn_sm90_warpspec_1p1c_m2048_n2048_k2048,VALNO,4.04
blockscale_gemm,blockscale_gemm_e4m3_dyn_sm90_warpspec_1p1c_m2048_n2048_k2048,INFER,0.45
blockscale_gemm,blockscale_gemm_e4m3_dyn_sm90_warpspec_1p1c_m2048_n2048_k2048,LATENORM,0.18
blockscale_gemm,blockscale_gemm_e4m3_dyn_sm90_warpspec_1p1c_m2048_n2048_k2048,MEMORYREUSE,2.03
blockscale_gemm,blockscale_gemm_e4m3_dyn_sm90_warpspec_1p1c_m2048_n2048_k2048,ACTIVE-THREADS,0.13
blockscale_gemm,blockscale_gemm_e4m3_dyn_sm90_warpspec_1p1c_m2048_n2048_k2048,CHECK,2.67
blockscale_gemm,blockscale_gemm_e4m3_dyn_sm90_warpspec_1p1c_m2048_n2048_k2048,CODEGEN,0.23
blockscale_gemm,blockscale_gemm_e4m3_dyn_sm90_warpspec_1p1c_m2048_n2048_k2048,GPU,0.46
blockscale_gemm,blockscale_gemm_e4m3_dyn_sm90_warpspec_1p1c_m2048_n2048_k2048,MUCHK,0.07
blockscale_gemm,blockscale_gemm_e4m3_dyn_sm90_warpspec_1p1c_m2048_n2048_k2048,ASSERT-SITE,0.19
blockscale_gemm,blockscale_gemm_e4m3_dyn_sm90_warpspec_1p1c_m2048_n2048_k2048,CODEGEN,11.69
blockscale_gemm,blockscale_gemm_e4m3_dyn_sm90_warpspec_1p1c_m2048_n2048_k2048,Total,23.26
blockscale_gemm,blockscale_gemm_fp8_dynamic,SEMA,0.40
blockscale_gemm,blockscale_gemm_fp8_dynamic,NORM,0.28
blockscale_gemm,blockscale_gemm_fp8_dynamic,VALNO,2.59
blockscale_gemm,blockscale_gemm_fp8_dynamic,INFER,0.28
blockscale_gemm,blockscale_gemm_fp8_dynamic,LATENORM,0.13
blockscale_gemm,blockscale_gemm_fp8_dynamic,MEMORYREUSE,1.23
blockscale_gemm,blockscale_gemm_fp8_dynamic,ACTIVE-THREADS,0.05
blockscale_gemm,blockscale_gemm_fp8_dynamic,CHECK,2.03
blockscale_gemm,blockscale_gemm_fp8_dynamic,CODEGEN,0.17
blockscale_gemm,blockscale_gemm_fp8_dynamic,GPU,0.41
blockscale_gemm,blockscale_gemm_fp8_dynamic,MUCHK,0.06
blockscale_gemm,blockscale_gemm_fp8_dynamic,ASSERT-SITE,0.15
blockscale_gemm,blockscale_gemm_fp8_dynamic,CODEGEN,16.98
blockscale_gemm,blockscale_gemm_fp8_dynamic,Total,24.77
blockscale_gemm,blockscale_gemm_fp8_static,SEMA,1.39
blockscale_gemm,blockscale_gemm_fp8_static,NORM,0.81
blockscale_gemm,blockscale_gemm_fp8_static,VALNO,7.30
blockscale_gemm,blockscale_gemm_fp8_static,INFER,0.91
blockscale_gemm,blockscale_gemm_fp8_static,LATENORM,0.37
blockscale_gemm,blockscale_gemm_fp8_static,MEMORYREUSE,3.74
blockscale_gemm,blockscale_gemm_fp8_static,ACTIVE-THREADS,0.13
blockscale_gemm,blockscale_gemm_fp8_static,CHECK,7.99
blockscale_gemm,blockscale_gemm_fp8_static,CODEGEN,0.20
blockscale_gemm,blockscale_gemm_fp8_static,GPU,0.34
blockscale_gemm,blockscale_gemm_fp8_static,MUCHK,0.10
blockscale_gemm,blockscale_gemm_fp8_static,ASSERT-SITE,0.19
blockscale_gemm,blockscale_gemm_fp8_static,CODEGEN,9.86
blockscale_gemm,blockscale_gemm_fp8_static,Total,33.33
blockscale_gemm,blockscale_gemm_fp8_static_fusion,SEMA,0.36
blockscale_gemm,blockscale_gemm_fp8_static_fusion,NORM,0.23
blockscale_gemm,blockscale_gemm_fp8_static_fusion,VALNO,1.84
blockscale_gemm,blockscale_gemm_fp8_static_fusion,INFER,0.24
blockscale_gemm,blockscale_gemm_fp8_static_fusion,LATENORM,0.15
blockscale_gemm,blockscale_gemm_fp8_static_fusion,MEMORYREUSE,1.22
blockscale_gemm,blockscale_gemm_fp8_static_fusion,ACTIVE-THREADS,0.05
blockscale_gemm,blockscale_gemm_fp8_static_fusion,CHECK,0.94
blockscale_gemm,blockscale_gemm_fp8_static_fusion,CODEGEN,0.15
blockscale_gemm,blockscale_gemm_fp8_static_fusion,GPU,0.33
blockscale_gemm,blockscale_gemm_fp8_static_fusion,MUCHK,0.08
blockscale_gemm,blockscale_gemm_fp8_static_fusion,ASSERT-SITE,0.11
blockscale_gemm,blockscale_gemm_fp8_static_fusion,CODEGEN,9.99
blockscale_gemm,blockscale_gemm_fp8_static_fusion,Total,15.70
blockscale_gemm_v2,blockscale_gemm_e4m3_dyn_sm90,SEMA,0.28
blockscale_gemm_v2,blockscale_gemm_e4m3_dyn_sm90,NORM,0.22
blockscale_gemm_v2,blockscale_gemm_e4m3_dyn_sm90,VALNO,1.91
blockscale_gemm_v2,blockscale_gemm_e4m3_dyn_sm90,INFER,0.21
blockscale_gemm_v2,blockscale_gemm_e4m3_dyn_sm90,LATENORM,0.10
blockscale_gemm_v2,blockscale_gemm_e4m3_dyn_sm90,MEMORYREUSE,0.94
blockscale_gemm_v2,blockscale_gemm_e4m3_dyn_sm90,ACTIVE-THREADS,0.04
blockscale_gemm_v2,blockscale_gemm_e4m3_dyn_sm90,CHECK,1.44
blockscale_gemm_v2,blockscale_gemm_e4m3_dyn_sm90,CODEGEN,0.12
blockscale_gemm_v2,blockscale_gemm_e4m3_dyn_sm90,GPU,0.33
blockscale_gemm_v2,blockscale_gemm_e4m3_dyn_sm90,MUCHK,0.05
blockscale_gemm_v2,blockscale_gemm_e4m3_dyn_sm90,ASSERT-SITE,0.12
blockscale_gemm_v2,blockscale_gemm_e4m3_dyn_sm90,CODEGEN,13.44
blockscale_gemm_v2,blockscale_gemm_e4m3_dyn_sm90,Total,19.22
blockscale_gemm_v2,blockscale_gemm_e4m3_dyn_sm90_rhs_scale_dma_smem,SEMA,0.46
blockscale_gemm_v2,blockscale_gemm_e4m3_dyn_sm90_rhs_scale_dma_smem,NORM,0.34
blockscale_gemm_v2,blockscale_gemm_e4m3_dyn_sm90_rhs_scale_dma_smem,VALNO,3.05
blockscale_gemm_v2,blockscale_gemm_e4m3_dyn_sm90_rhs_scale_dma_smem,INFER,0.33
blockscale_gemm_v2,blockscale_gemm_e4m3_dyn_sm90_rhs_scale_dma_smem,LATENORM,0.16
blockscale_gemm_v2,blockscale_gemm_e4m3_dyn_sm90_rhs_scale_dma_smem,MEMORYREUSE,1.55
blockscale_gemm_v2,blockscale_gemm_e4m3_dyn_sm90_rhs_scale_dma_smem,ACTIVE-THREADS,0.06
blockscale_gemm_v2,blockscale_gemm_e4m3_dyn_sm90_rhs_scale_dma_smem,CHECK,1.92
blockscale_gemm_v2,blockscale_gemm_e4m3_dyn_sm90_rhs_scale_dma_smem,CODEGEN,0.20
blockscale_gemm_v2,blockscale_gemm_e4m3_dyn_sm90_rhs_scale_dma_smem,GPU,0.54
blockscale_gemm_v2,blockscale_gemm_e4m3_dyn_sm90_rhs_scale_dma_smem,MUCHK,0.07
blockscale_gemm_v2,blockscale_gemm_e4m3_dyn_sm90_rhs_scale_dma_smem,ASSERT-SITE,0.18
blockscale_gemm_v2,blockscale_gemm_e4m3_dyn_sm90_rhs_scale_dma_smem,CODEGEN,12.59
blockscale_gemm_v2,blockscale_gemm_e4m3_dyn_sm90_rhs_scale_dma_smem,Total,21.44
blockscale_gemm_v2,blockscale_gemm_e4m3_dyn_sm90_tileN,SEMA,0.22
blockscale_gemm_v2,blockscale_gemm_e4m3_dyn_sm90_tileN,NORM,0.15
blockscale_gemm_v2,blockscale_gemm_e4m3_dyn_sm90_tileN,VALNO,1.51
blockscale_gemm_v2,blockscale_gemm_e4m3_dyn_sm90_tileN,INFER,0.18
blockscale_gemm_v2,blockscale_gemm_e4m3_dyn_sm90_tileN,LATENORM,0.08
blockscale_gemm_v2,blockscale_gemm_e4m3_dyn_sm90_tileN,MEMORYREUSE,0.75
blockscale_gemm_v2,blockscale_gemm_e4m3_dyn_sm90_tileN,ACTIVE-THREADS,0.03
blockscale_gemm_v2,blockscale_gemm_e4m3_dyn_sm90_tileN,CHECK,1.21
blockscale_gemm_v2,blockscale_gemm_e4m3_dyn_sm90_tileN,CODEGEN,0.09
blockscale_gemm_v2,blockscale_gemm_e4m3_dyn_sm90_tileN,GPU,0.23
blockscale_gemm_v2,blockscale_gemm_e4m3_dyn_sm90_tileN,MUCHK,0.04
blockscale_gemm_v2,blockscale_gemm_e4m3_dyn_sm90_tileN,ASSERT-SITE,0.09
blockscale_gemm_v2,blockscale_gemm_e4m3_dyn_sm90_tileN,CODEGEN,9.00
blockscale_gemm_v2,blockscale_gemm_e4m3_dyn_sm90_tileN,Total,13.57
blockscale_gemm_v2,blockscale_gemm_e4m3_dyn_sm90_warpspec_1p1c,SEMA,0.65
blockscale_gemm_v2,blockscale_gemm_e4m3_dyn_sm90_warpspec_1p1c,NORM,0.54
blockscale_gemm_v2,blockscale_gemm_e4m3_dyn_sm90_warpspec_1p1c,VALNO,4.26
blockscale_gemm_v2,blockscale_gemm_e4m3_dyn_sm90_warpspec_1p1c,INFER,0.47
blockscale_gemm_v2,blockscale_gemm_e4m3_dyn_sm90_warpspec_1p1c,LATENORM,0.20
blockscale_gemm_v2,blockscale_gemm_e4m3_dyn_sm90_warpspec_1p1c,MEMORYREUSE,2.15
blockscale_gemm_v2,blockscale_gemm_e4m3_dyn_sm90_warpspec_1p1c,ACTIVE-THREADS,0.15
blockscale_gemm_v2,blockscale_gemm_e4m3_dyn_sm90_warpspec_1p1c,CHECK,2.57
blockscale_gemm_v2,blockscale_gemm_e4m3_dyn_sm90_warpspec_1p1c,CODEGEN,0.23
blockscale_gemm_v2,blockscale_gemm_e4m3_dyn_sm90_warpspec_1p1c,GPU,0.53
blockscale_gemm_v2,blockscale_gemm_e4m3_dyn_sm90_warpspec_1p1c,MUCHK,0.09
blockscale_gemm_v2,blockscale_gemm_e4m3_dyn_sm90_warpspec_1p1c,ASSERT-SITE,0.26
blockscale_gemm_v2,blockscale_gemm_e4m3_dyn_sm90_warpspec_1p1c,CODEGEN,12.81
blockscale_gemm_v2,blockscale_gemm_e4m3_dyn_sm90_warpspec_1p1c,Total,24.90
blockscale_gemm_v2,blockscale_gemm_e4m3_dyn_sm90_warpspec_1p1c_rhs_scale_dma_smem,SEMA,0.34
blockscale_gemm_v2,blockscale_gemm_e4m3_dyn_sm90_warpspec_1p1c_rhs_scale_dma_smem,NORM,0.27
blockscale_gemm_v2,blockscale_gemm_e4m3_dyn_sm90_warpspec_1p1c_rhs_scale_dma_smem,VALNO,2.29
blockscale_gemm_v2,blockscale_gemm_e4m3_dyn_sm90_warpspec_1p1c_rhs_scale_dma_smem,INFER,0.24
blockscale_gemm_v2,blockscale_gemm_e4m3_dyn_sm90_warpspec_1p1c_rhs_scale_dma_smem,LATENORM,0.10
blockscale_gemm_v2,blockscale_gemm_e4m3_dyn_sm90_warpspec_1p1c_rhs_scale_dma_smem,MEMORYREUSE,1.20
blockscale_gemm_v2,blockscale_gemm_e4m3_dyn_sm90_warpspec_1p1c_rhs_scale_dma_smem,ACTIVE-THREADS,0.07
blockscale_gemm_v2,blockscale_gemm_e4m3_dyn_sm90_warpspec_1p1c_rhs_scale_dma_smem,CHECK,1.27
blockscale_gemm_v2,blockscale_gemm_e4m3_dyn_sm90_warpspec_1p1c_rhs_scale_dma_smem,CODEGEN,0.13
blockscale_gemm_v2,blockscale_gemm_e4m3_dyn_sm90_warpspec_1p1c_rhs_scale_dma_smem,GPU,0.27
blockscale_gemm_v2,blockscale_gemm_e4m3_dyn_sm90_warpspec_1p1c_rhs_scale_dma_smem,MUCHK,0.04
blockscale_gemm_v2,blockscale_gemm_e4m3_dyn_sm90_warpspec_1p1c_rhs_scale_dma_smem,ASSERT-SITE,0.13
blockscale_gemm_v2,blockscale_gemm_e4m3_dyn_sm90_warpspec_1p1c_rhs_scale_dma_smem,CODEGEN,10.56
blockscale_gemm_v2,blockscale_gemm_e4m3_dyn_sm90_warpspec_1p1c_rhs_scale_dma_smem,Total,16.92
blockscale_gemm_v2,blockscale_gemm_e4m3_dyn_sm90_warpspec_1p1c_scale_dma_smem,SEMA,0.75
blockscale_gemm_v2,blockscale_gemm_e4m3_dyn_sm90_warpspec_1p1c_scale_dma_smem,NORM,0.58
blockscale_gemm_v2,blockscale_gemm_e4m3_dyn_sm90_warpspec_1p1c_scale_dma_smem,VALNO,5.12
blockscale_gemm_v2,blockscale_gemm_e4m3_dyn_sm90_warpspec_1p1c_scale_dma_smem,INFER,0.54
blockscale_gemm_v2,blockscale_gemm_e4m3_dyn_sm90_warpspec_1p1c_scale_dma_smem,LATENORM,0.22
blockscale_gemm_v2,blockscale_gemm_e4m3_dyn_sm90_warpspec_1p1c_scale_dma_smem,MEMORYREUSE,2.70
blockscale_gemm_v2,blockscale_gemm_e4m3_dyn_sm90_warpspec_1p1c_scale_dma_smem,ACTIVE-THREADS,0.15
blockscale_gemm_v2,blockscale_gemm_e4m3_dyn_sm90_warpspec_1p1c_scale_dma_smem,CHECK,2.57
blockscale_gemm_v2,blockscale_gemm_e4m3_dyn_sm90_warpspec_1p1c_scale_dma_smem,CODEGEN,0.32
blockscale_gemm_v2,blockscale_gemm_e4m3_dyn_sm90_warpspec_1p1c_scale_dma_smem,GPU,0.56
blockscale_gemm_v2,blockscale_gemm_e4m3_dyn_sm90_warpspec_1p1c_scale_dma_smem,MUCHK,0.09
blockscale_gemm_v2,blockscale_gemm_e4m3_dyn_sm90_warpspec_1p1c_scale_dma_smem,ASSERT-SITE,0.26
blockscale_gemm_v2,blockscale_gemm_e4m3_dyn_sm90_warpspec_1p1c_scale_dma_smem,CODEGEN,21.13
blockscale_gemm_v2,blockscale_gemm_e4m3_dyn_sm90_warpspec_1p1c_scale_dma_smem,Total,34.98
blockscale_gemm_v2,blockscale_gemm_e4m3_dyn_sm90_warpspec_1p1c_transposed_scale,SEMA,0.70
blockscale_gemm_v2,blockscale_gemm_e4m3_dyn_sm90_warpspec_1p1c_transposed_scale,NORM,0.60
blockscale_gemm_v2,blockscale_gemm_e4m3_dyn_sm90_warpspec_1p1c_transposed_scale,VALNO,4.74
blockscale_gemm_v2,blockscale_gemm_e4m3_dyn_sm90_warpspec_1p1c_transposed_scale,INFER,0.52
blockscale_gemm_v2,blockscale_gemm_e4m3_dyn_sm90_warpspec_1p1c_transposed_scale,LATENORM,0.21
blockscale_gemm_v2,blockscale_gemm_e4m3_dyn_sm90_warpspec_1p1c_transposed_scale,MEMORYREUSE,2.37
blockscale_gemm_v2,blockscale_gemm_e4m3_dyn_sm90_warpspec_1p1c_transposed_scale,ACTIVE-THREADS,0.12
blockscale_gemm_v2,blockscale_gemm_e4m3_dyn_sm90_warpspec_1p1c_transposed_scale,CHECK,1.90
blockscale_gemm_v2,blockscale_gemm_e4m3_dyn_sm90_warpspec_1p1c_transposed_scale,CODEGEN,0.17
blockscale_gemm_v2,blockscale_gemm_e4m3_dyn_sm90_warpspec_1p1c_transposed_scale,GPU,0.39
blockscale_gemm_v2,blockscale_gemm_e4m3_dyn_sm90_warpspec_1p1c_transposed_scale,MUCHK,0.06
blockscale_gemm_v2,blockscale_gemm_e4m3_dyn_sm90_warpspec_1p1c_transposed_scale,ASSERT-SITE,0.19
blockscale_gemm_v2,blockscale_gemm_e4m3_dyn_sm90_warpspec_1p1c_transposed_scale,CODEGEN,10.85
blockscale_gemm_v2,blockscale_gemm_e4m3_dyn_sm90_warpspec_1p1c_transposed_scale,Total,22.83
blockscale_gemm_v2,blockscale_gemm_e4m3_dyn_sm90_warpspec_persis_1p1c,SEMA,0.73
blockscale_gemm_v2,blockscale_gemm_e4m3_dyn_sm90_warpspec_persis_1p1c,NORM,0.61
blockscale_gemm_v2,blockscale_gemm_e4m3_dyn_sm90_warpspec_persis_1p1c,VALNO,11.97
blockscale_gemm_v2,blockscale_gemm_e4m3_dyn_sm90_warpspec_persis_1p1c,INFER,1.04
blockscale_gemm_v2,blockscale_gemm_e4m3_dyn_sm90_warpspec_persis_1p1c,LATENORM,0.11
blockscale_gemm_v2,blockscale_gemm_e4m3_dyn_sm90_warpspec_persis_1p1c,MEMORYREUSE,1.54
blockscale_gemm_v2,blockscale_gemm_e4m3_dyn_sm90_warpspec_persis_1p1c,ACTIVE-THREADS,0.08
blockscale_gemm_v2,blockscale_gemm_e4m3_dyn_sm90_warpspec_persis_1p1c,CHECK,5.75
blockscale_gemm_v2,blockscale_gemm_e4m3_dyn_sm90_warpspec_persis_1p1c,CODEGEN,0.14
blockscale_gemm_v2,blockscale_gemm_e4m3_dyn_sm90_warpspec_persis_1p1c,GPU,0.29
blockscale_gemm_v2,blockscale_gemm_e4m3_dyn_sm90_warpspec_persis_1p1c,MUCHK,0.05
blockscale_gemm_v2,blockscale_gemm_e4m3_dyn_sm90_warpspec_persis_1p1c,ASSERT-SITE,0.24
blockscale_gemm_v2,blockscale_gemm_e4m3_dyn_sm90_warpspec_persis_1p1c,CODEGEN,13.07
blockscale_gemm_v2,blockscale_gemm_e4m3_dyn_sm90_warpspec_persis_1p1c,Total,35.63
blockscale_gemm_v2,blockscale_gemm_e4m3_dyn_sm90_warpspec_persis_1p1c_rhs_scale_dma_smem,SEMA,0.90
blockscale_gemm_v2,blockscale_gemm_e4m3_dyn_sm90_warpspec_persis_1p1c_rhs_scale_dma_smem,NORM,0.68
blockscale_gemm_v2,blockscale_gemm_e4m3_dyn_sm90_warpspec_persis_1p1c_rhs_scale_dma_smem,VALNO,11.00
blockscale_gemm_v2,blockscale_gemm_e4m3_dyn_sm90_warpspec_persis_1p1c_rhs_scale_dma_smem,INFER,1.04
blockscale_gemm_v2,blockscale_gemm_e4m3_dyn_sm90_warpspec_persis_1p1c_rhs_scale_dma_smem,LATENORM,0.11
blockscale_gemm_v2,blockscale_gemm_e4m3_dyn_sm90_warpspec_persis_1p1c_rhs_scale_dma_smem,MEMORYREUSE,1.78
blockscale_gemm_v2,blockscale_gemm_e4m3_dyn_sm90_warpspec_persis_1p1c_rhs_scale_dma_smem,ACTIVE-THREADS,0.08
blockscale_gemm_v2,blockscale_gemm_e4m3_dyn_sm90_warpspec_persis_1p1c_rhs_scale_dma_smem,CHECK,4.56
blockscale_gemm_v2,blockscale_gemm_e4m3_dyn_sm90_warpspec_persis_1p1c_rhs_scale_dma_smem,CODEGEN,0.17
blockscale_gemm_v2,blockscale_gemm_e4m3_dyn_sm90_warpspec_persis_1p1c_rhs_scale_dma_smem,GPU,0.29
blockscale_gemm_v2,blockscale_gemm_e4m3_dyn_sm90_warpspec_persis_1p1c_rhs_scale_dma_smem,MUCHK,0.05
blockscale_gemm_v2,blockscale_gemm_e4m3_dyn_sm90_warpspec_persis_1p1c_rhs_scale_dma_smem,ASSERT-SITE,0.24
blockscale_gemm_v2,blockscale_gemm_e4m3_dyn_sm90_warpspec_persis_1p1c_rhs_scale_dma_smem,CODEGEN,13.68
blockscale_gemm_v2,blockscale_gemm_e4m3_dyn_sm90_warpspec_persis_1p1c_rhs_scale_dma_smem,Total,34.58
bmm,bmm_fp16_dynamic,SEMA,0.71
bmm,bmm_fp16_dynamic,NORM,0.41
bmm,bmm_fp16_dynamic,VALNO,5.88
bmm,bmm_fp16_dynamic,INFER,0.72
bmm,bmm_fp16_dynamic,LATENORM,0.20
bmm,bmm_fp16_dynamic,MEMORYREUSE,2.04
bmm,bmm_fp16_dynamic,ACTIVE-THREADS,0.07
bmm,bmm_fp16_dynamic,CHECK,9.90
bmm,bmm_fp16_dynamic,CODEGEN,0.21
bmm,bmm_fp16_dynamic,GPU,0.52
bmm,bmm_fp16_dynamic,MUCHK,0.09
bmm,bmm_fp16_dynamic,ASSERT-SITE,0.27
bmm,bmm_fp16_dynamic,CODEGEN,12.44
bmm,bmm_fp16_dynamic,Total,33.46
bmm,bmm_fp8_dynamic,SEMA,0.33
bmm,bmm_fp8_dynamic,NORM,0.19
bmm,bmm_fp8_dynamic,VALNO,2.61
bmm,bmm_fp8_dynamic,INFER,0.33
bmm,bmm_fp8_dynamic,LATENORM,0.09
bmm,bmm_fp8_dynamic,MEMORYREUSE,0.90
bmm,bmm_fp8_dynamic,ACTIVE-THREADS,0.03
bmm,bmm_fp8_dynamic,CHECK,4.41
bmm,bmm_fp8_dynamic,CODEGEN,0.10
bmm,bmm_fp8_dynamic,GPU,0.22
bmm,bmm_fp8_dynamic,MUCHK,0.04
bmm,bmm_fp8_dynamic,ASSERT-SITE,0.12
bmm,bmm_fp8_dynamic,CODEGEN,9.08
bmm,bmm_fp8_dynamic,Total,18.47
fused_moe,fused_moe_basic_sm90,SEMA,0.42
fused_moe,fused_moe_basic_sm90,NORM,0.33
fused_moe,fused_moe_basic_sm90,VALNO,2.28
fused_moe,fused_moe_basic_sm90,INFER,0.43
fused_moe,fused_moe_basic_sm90,LATENORM,0.20
fused_moe,fused_moe_basic_sm90,MEMORYREUSE,5.00
fused_moe,fused_moe_basic_sm90,ACTIVE-THREADS,0.07
fused_moe,fused_moe_basic_sm90,CHECK,10.35
fused_moe,fused_moe_basic_sm90,CODEGEN,0.17
fused_moe,fused_moe_basic_sm90,GPU,0.09
fused_moe,fused_moe_basic_sm90,MUCHK,0.08
fused_moe,fused_moe_basic_sm90,ASSERT-SITE,0.27
fused_moe,fused_moe_basic_sm90,CODEGEN,16.36
fused_moe,fused_moe_basic_sm90,Total,36.06
fused_moe,fused_moe_blocked_sm90,SEMA,0.78
fused_moe,fused_moe_blocked_sm90,NORM,1.02
fused_moe,fused_moe_blocked_sm90,VALNO,3.70
fused_moe,fused_moe_blocked_sm90,INFER,0.59
fused_moe,fused_moe_blocked_sm90,LATENORM,0.29
fused_moe,fused_moe_blocked_sm90,MEMORYREUSE,3.20
fused_moe,fused_moe_blocked_sm90,ACTIVE-THREADS,0.09
fused_moe,fused_moe_blocked_sm90,CHECK,4.73
fused_moe,fused_moe_blocked_sm90,CODEGEN,0.28
fused_moe,fused_moe_blocked_sm90,GPU,0.17
fused_moe,fused_moe_blocked_sm90,MUCHK,0.11
fused_moe,fused_moe_blocked_sm90,ASSERT-SITE,0.34
fused_moe,fused_moe_blocked_sm90,CODEGEN,19.69
fused_moe,fused_moe_blocked_sm90,Total,34.99
gemm_sp,gemm_sp_e4m3,SEMA,0.20
gemm_sp,gemm_sp_e4m3,NORM,0.15
gemm_sp,gemm_sp_e4m3,VALNO,0.95
gemm_sp,gemm_sp_e4m3,INFER,0.12
gemm_sp,gemm_sp_e4m3,LATENORM,0.08
gemm_sp,gemm_sp_e4m3,MEMORYREUSE,0.68
gemm_sp,gemm_sp_e4m3,ACTIVE-THREADS,0.02
gemm_sp,gemm_sp_e4m3,CHECK,0.20
gemm_sp,gemm_sp_e4m3,CODEGEN,0.09
gemm_sp,gemm_sp_e4m3,GPU,0.26
gemm_sp,gemm_sp_e4m3,MUCHK,0.03
gemm_sp,gemm_sp_e4m3,ASSERT-SITE,0.06
gemm_sp,gemm_sp_e4m3,CODEGEN,3.99
gemm_sp,gemm_sp_e4m3,Total,6.86
gemm_sp,gemm_sp_e4m3_dyn_sm90_warpspec_1p1c_swizzle128_128_prepack,SEMA,0.60
gemm_sp,gemm_sp_e4m3_dyn_sm90_warpspec_1p1c_swizzle128_128_prepack,NORM,0.54
gemm_sp,gemm_sp_e4m3_dyn_sm90_warpspec_1p1c_swizzle128_128_prepack,VALNO,3.82
gemm_sp,gemm_sp_e4m3_dyn_sm90_warpspec_1p1c_swizzle128_128_prepack,INFER,0.39
gemm_sp,gemm_sp_e4m3_dyn_sm90_warpspec_1p1c_swizzle128_128_prepack,LATENORM,0.16
gemm_sp,gemm_sp_e4m3_dyn_sm90_warpspec_1p1c_swizzle128_128_prepack,MEMORYREUSE,1.71
gemm_sp,gemm_sp_e4m3_dyn_sm90_warpspec_1p1c_swizzle128_128_prepack,ACTIVE-THREADS,0.13
gemm_sp,gemm_sp_e4m3_dyn_sm90_warpspec_1p1c_swizzle128_128_prepack,CHECK,0.97
gemm_sp,gemm_sp_e4m3_dyn_sm90_warpspec_1p1c_swizzle128_128_prepack,CODEGEN,0.12
gemm_sp,gemm_sp_e4m3_dyn_sm90_warpspec_1p1c_swizzle128_128_prepack,GPU,0.26
gemm_sp,gemm_sp_e4m3_dyn_sm90_warpspec_1p1c_swizzle128_128_prepack,MUCHK,0.04
gemm_sp,gemm_sp_e4m3_dyn_sm90_warpspec_1p1c_swizzle128_128_prepack,ASSERT-SITE,0.11
gemm_sp,gemm_sp_e4m3_dyn_sm90_warpspec_1p1c_swizzle128_128_prepack,CODEGEN,8.19
gemm_sp,gemm_sp_e4m3_dyn_sm90_warpspec_1p1c_swizzle128_128_prepack,Total,17.03
gemm_sp,gemm_sp_e4m3_dyn_sm90_warpspec_1p1c_swizzle128_128_prepack_regctrl,SEMA,0.67
gemm_sp,gemm_sp_e4m3_dyn_sm90_warpspec_1p1c_swizzle128_128_prepack_regctrl,NORM,0.60
gemm_sp,gemm_sp_e4m3_dyn_sm90_warpspec_1p1c_swizzle128_128_prepack_regctrl,VALNO,4.37
gemm_sp,gemm_sp_e4m3_dyn_sm90_warpspec_1p1c_swizzle128_128_prepack_regctrl,INFER,0.50
gemm_sp,gemm_sp_e4m3_dyn_sm90_warpspec_1p1c_swizzle128_128_prepack_regctrl,LATENORM,0.20
gemm_sp,gemm_sp_e4m3_dyn_sm90_warpspec_1p1c_swizzle128_128_prepack_regctrl,MEMORYREUSE,1.95
gemm_sp,gemm_sp_e4m3_dyn_sm90_warpspec_1p1c_swizzle128_128_prepack_regctrl,ACTIVE-THREADS,0.10
gemm_sp,gemm_sp_e4m3_dyn_sm90_warpspec_1p1c_swizzle128_128_prepack_regctrl,CHECK,0.82
gemm_sp,gemm_sp_e4m3_dyn_sm90_warpspec_1p1c_swizzle128_128_prepack_regctrl,CODEGEN,0.17
gemm_sp,gemm_sp_e4m3_dyn_sm90_warpspec_1p1c_swizzle128_128_prepack_regctrl,GPU,0.40
gemm_sp,gemm_sp_e4m3_dyn_sm90_warpspec_1p1c_swizzle128_128_prepack_regctrl,MUCHK,0.07
gemm_sp,gemm_sp_e4m3_dyn_sm90_warpspec_1p1c_swizzle128_128_prepack_regctrl,ASSERT-SITE,0.18
gemm_sp,gemm_sp_e4m3_dyn_sm90_warpspec_1p1c_swizzle128_128_prepack_regctrl,CODEGEN,8.85
gemm_sp,gemm_sp_e4m3_dyn_sm90_warpspec_1p1c_swizzle128_128_prepack_regctrl,Total,18.89
gemm_sp,gemm_sp_e4m3_dyn_sm90_warpspec_1p1c_swizzle128_128_prepack_v2,SEMA,0.45
gemm_sp,gemm_sp_e4m3_dyn_sm90_warpspec_1p1c_swizzle128_128_prepack_v2,NORM,0.41
gemm_sp,gemm_sp_e4m3_dyn_sm90_warpspec_1p1c_swizzle128_128_prepack_v2,VALNO,2.95
gemm_sp,gemm_sp_e4m3_dyn_sm90_warpspec_1p1c_swizzle128_128_prepack_v2,INFER,0.35
gemm_sp,gemm_sp_e4m3_dyn_sm90_warpspec_1p1c_swizzle128_128_prepack_v2,LATENORM,0.14
gemm_sp,gemm_sp_e4m3_dyn_sm90_warpspec_1p1c_swizzle128_128_prepack_v2,MEMORYREUSE,1.50
gemm_sp,gemm_sp_e4m3_dyn_sm90_warpspec_1p1c_swizzle128_128_prepack_v2,ACTIVE-THREADS,0.11
gemm_sp,gemm_sp_e4m3_dyn_sm90_warpspec_1p1c_swizzle128_128_prepack_v2,CHECK,0.82
gemm_sp,gemm_sp_e4m3_dyn_sm90_warpspec_1p1c_swizzle128_128_prepack_v2,CODEGEN,0.17
gemm_sp,gemm_sp_e4m3_dyn_sm90_warpspec_1p1c_swizzle128_128_prepack_v2,GPU,0.39
gemm_sp,gemm_sp_e4m3_dyn_sm90_warpspec_1p1c_swizzle128_128_prepack_v2,MUCHK,0.06
gemm_sp,gemm_sp_e4m3_dyn_sm90_warpspec_1p1c_swizzle128_128_prepack_v2,ASSERT-SITE,0.18
gemm_sp,gemm_sp_e4m3_dyn_sm90_warpspec_1p1c_swizzle128_128_prepack_v2,CODEGEN,12.02
gemm_sp,gemm_sp_e4m3_dyn_sm90_warpspec_1p1c_swizzle128_128_prepack_v2,Total,19.54
gemm_sp,gemm_sp_e4m3_dyn_sm90_warpspec_1p1c_swizzle128_128_prepack_v2_regctrl,SEMA,0.46
gemm_sp,gemm_sp_e4m3_dyn_sm90_warpspec_1p1c_swizzle128_128_prepack_v2_regctrl,NORM,0.41
gemm_sp,gemm_sp_e4m3_dyn_sm90_warpspec_1p1c_swizzle128_128_prepack_v2_regctrl,VALNO,2.08
gemm_sp,gemm_sp_e4m3_dyn_sm90_warpspec_1p1c_swizzle128_128_prepack_v2_regctrl,INFER,0.23
gemm_sp,gemm_sp_e4m3_dyn_sm90_warpspec_1p1c_swizzle128_128_prepack_v2_regctrl,LATENORM,0.09
gemm_sp,gemm_sp_e4m3_dyn_sm90_warpspec_1p1c_swizzle128_128_prepack_v2_regctrl,MEMORYREUSE,1.01
gemm_sp,gemm_sp_e4m3_dyn_sm90_warpspec_1p1c_swizzle128_128_prepack_v2_regctrl,ACTIVE-THREADS,0.07
gemm_sp,gemm_sp_e4m3_dyn_sm90_warpspec_1p1c_swizzle128_128_prepack_v2_regctrl,CHECK,0.55
gemm_sp,gemm_sp_e4m3_dyn_sm90_warpspec_1p1c_swizzle128_128_prepack_v2_regctrl,CODEGEN,0.11
gemm_sp,gemm_sp_e4m3_dyn_sm90_warpspec_1p1c_swizzle128_128_prepack_v2_regctrl,GPU,0.26
gemm_sp,gemm_sp_e4m3_dyn_sm90_warpspec_1p1c_swizzle128_128_prepack_v2_regctrl,MUCHK,0.04
gemm_sp,gemm_sp_e4m3_dyn_sm90_warpspec_1p1c_swizzle128_128_prepack_v2_regctrl,ASSERT-SITE,0.12
gemm_sp,gemm_sp_e4m3_dyn_sm90_warpspec_1p1c_swizzle128_128_prepack_v2_regctrl,CODEGEN,8.28
gemm_sp,gemm_sp_e4m3_dyn_sm90_warpspec_1p1c_swizzle128_128_prepack_v2_regctrl,Total,13.71
gemm_sp,gemm_sp_e4m3_dyn_sm90_warpspec_1p1c_swizzle32_64,SEMA,0.29
gemm_sp,gemm_sp_e4m3_dyn_sm90_warpspec_1p1c_swizzle32_64,NORM,0.25
gemm_sp,gemm_sp_e4m3_dyn_sm90_warpspec_1p1c_swizzle32_64,VALNO,1.87
gemm_sp,gemm_sp_e4m3_dyn_sm90_warpspec_1p1c_swizzle32_64,INFER,0.23
gemm_sp,gemm_sp_e4m3_dyn_sm90_warpspec_1p1c_swizzle32_64,LATENORM,0.09
gemm_sp,gemm_sp_e4m3_dyn_sm90_warpspec_1p1c_swizzle32_64,MEMORYREUSE,0.99
gemm_sp,gemm_sp_e4m3_dyn_sm90_warpspec_1p1c_swizzle32_64,ACTIVE-THREADS,0.07
gemm_sp,gemm_sp_e4m3_dyn_sm90_warpspec_1p1c_swizzle32_64,CHECK,0.55
gemm_sp,gemm_sp_e4m3_dyn_sm90_warpspec_1p1c_swizzle32_64,CODEGEN,0.12
gemm_sp,gemm_sp_e4m3_dyn_sm90_warpspec_1p1c_swizzle32_64,GPU,0.26
gemm_sp,gemm_sp_e4m3_dyn_sm90_warpspec_1p1c_swizzle32_64,MUCHK,0.04
gemm_sp,gemm_sp_e4m3_dyn_sm90_warpspec_1p1c_swizzle32_64,ASSERT-SITE,0.12
gemm_sp,gemm_sp_e4m3_dyn_sm90_warpspec_1p1c_swizzle32_64,CODEGEN,7.32
gemm_sp,gemm_sp_e4m3_dyn_sm90_warpspec_1p1c_swizzle32_64,Total,12.22
gemm_sp,gemm_sp_e4m3_dyn_sm90_warpspec_1p1c_swizzle32_64_prepack,SEMA,0.50
gemm_sp,gemm_sp_e4m3_dyn_sm90_warpspec_1p1c_swizzle32_64_prepack,NORM,0.44
gemm_sp,gemm_sp_e4m3_dyn_sm90_warpspec_1p1c_swizzle32_64_prepack,VALNO,3.52
gemm_sp,gemm_sp_e4m3_dyn_sm90_warpspec_1p1c_swizzle32_64_prepack,INFER,0.39
gemm_sp,gemm_sp_e4m3_dyn_sm90_warpspec_1p1c_swizzle32_64_prepack,LATENORM,0.16
gemm_sp,gemm_sp_e4m3_dyn_sm90_warpspec_1p1c_swizzle32_64_prepack,MEMORYREUSE,1.71
gemm_sp,gemm_sp_e4m3_dyn_sm90_warpspec_1p1c_swizzle32_64_prepack,ACTIVE-THREADS,0.12
gemm_sp,gemm_sp_e4m3_dyn_sm90_warpspec_1p1c_swizzle32_64_prepack,CHECK,0.95
gemm_sp,gemm_sp_e4m3_dyn_sm90_warpspec_1p1c_swizzle32_64_prepack,CODEGEN,0.19
gemm_sp,gemm_sp_e4m3_dyn_sm90_warpspec_1p1c_swizzle32_64_prepack,GPU,0.43
gemm_sp,gemm_sp_e4m3_dyn_sm90_warpspec_1p1c_swizzle32_64_prepack,MUCHK,0.07
gemm_sp,gemm_sp_e4m3_dyn_sm90_warpspec_1p1c_swizzle32_64_prepack,ASSERT-SITE,0.20
gemm_sp,gemm_sp_e4m3_dyn_sm90_warpspec_1p1c_swizzle32_64_prepack,CODEGEN,8.97
gemm_sp,gemm_sp_e4m3_dyn_sm90_warpspec_1p1c_swizzle32_64_prepack,Total,17.65
gemm_sp,gemm_sp_e4m3_dyn_sm90_warpspec_1p1c_swizzle32_64_prepack_regctrl,SEMA,0.65
gemm_sp,gemm_sp_e4m3_dyn_sm90_warpspec_1p1c_swizzle32_64_prepack_regctrl,NORM,0.57
gemm_sp,gemm_sp_e4m3_dyn_sm90_warpspec_1p1c_swizzle32_64_prepack_regctrl,VALNO,4.54
gemm_sp,gemm_sp_e4m3_dyn_sm90_warpspec_1p1c_swizzle32_64_prepack_regctrl,INFER,0.50
gemm_sp,gemm_sp_e4m3_dyn_sm90_warpspec_1p1c_swizzle32_64_prepack_regctrl,LATENORM,0.20
gemm_sp,gemm_sp_e4m3_dyn_sm90_warpspec_1p1c_swizzle32_64_prepack_regctrl,MEMORYREUSE,2.21
gemm_sp,gemm_sp_e4m3_dyn_sm90_warpspec_1p1c_swizzle32_64_prepack_regctrl,ACTIVE-THREADS,0.16
gemm_sp,gemm_sp_e4m3_dyn_sm90_warpspec_1p1c_swizzle32_64_prepack_regctrl,CHECK,1.21
gemm_sp,gemm_sp_e4m3_dyn_sm90_warpspec_1p1c_swizzle32_64_prepack_regctrl,CODEGEN,0.25
gemm_sp,gemm_sp_e4m3_dyn_sm90_warpspec_1p1c_swizzle32_64_prepack_regctrl,GPU,0.59
gemm_sp,gemm_sp_e4m3_dyn_sm90_warpspec_1p1c_swizzle32_64_prepack_regctrl,MUCHK,0.09
gemm_sp,gemm_sp_e4m3_dyn_sm90_warpspec_1p1c_swizzle32_64_prepack_regctrl,ASSERT-SITE,0.25
gemm_sp,gemm_sp_e4m3_dyn_sm90_warpspec_1p1c_swizzle32_64_prepack_regctrl,CODEGEN,9.71
gemm_sp,gemm_sp_e4m3_dyn_sm90_warpspec_1p1c_swizzle32_64_prepack_regctrl,Total,20.95
gemm_sp,gemm_sp_e4m3_dyn_sm90_warpspec_1p1c_swizzle32_64_prepack_v2,SEMA,0.44
gemm_sp,gemm_sp_e4m3_dyn_sm90_warpspec_1p1c_swizzle32_64_prepack_v2,NORM,0.39
gemm_sp,gemm_sp_e4m3_dyn_sm90_warpspec_1p1c_swizzle32_64_prepack_v2,VALNO,3.06
gemm_sp,gemm_sp_e4m3_dyn_sm90_warpspec_1p1c_swizzle32_64_prepack_v2,INFER,0.34
gemm_sp,gemm_sp_e4m3_dyn_sm90_warpspec_1p1c_swizzle32_64_prepack_v2,LATENORM,0.13
gemm_sp,gemm_sp_e4m3_dyn_sm90_warpspec_1p1c_swizzle32_64_prepack_v2,MEMORYREUSE,1.50
gemm_sp,gemm_sp_e4m3_dyn_sm90_warpspec_1p1c_swizzle32_64_prepack_v2,ACTIVE-THREADS,0.11
gemm_sp,gemm_sp_e4m3_dyn_sm90_warpspec_1p1c_swizzle32_64_prepack_v2,CHECK,0.83
gemm_sp,gemm_sp_e4m3_dyn_sm90_warpspec_1p1c_swizzle32_64_prepack_v2,CODEGEN,0.19
gemm_sp,gemm_sp_e4m3_dyn_sm90_warpspec_1p1c_swizzle32_64_prepack_v2,GPU,0.38
gemm_sp,gemm_sp_e4m3_dyn_sm90_warpspec_1p1c_swizzle32_64_prepack_v2,MUCHK,0.06
gemm_sp,gemm_sp_e4m3_dyn_sm90_warpspec_1p1c_swizzle32_64_prepack_v2,ASSERT-SITE,0.17
gemm_sp,gemm_sp_e4m3_dyn_sm90_warpspec_1p1c_swizzle32_64_prepack_v2,CODEGEN,11.54
gemm_sp,gemm_sp_e4m3_dyn_sm90_warpspec_1p1c_swizzle32_64_prepack_v2,Total,19.14
gemm_sp,gemm_sp_e4m3_dyn_sm90_warpspec_1p1c_swizzle32_64_prepack_v2_regctrl,SEMA,0.46
gemm_sp,gemm_sp_e4m3_dyn_sm90_warpspec_1p1c_swizzle32_64_prepack_v2_regctrl,NORM,0.40
gemm_sp,gemm_sp_e4m3_dyn_sm90_warpspec_1p1c_swizzle32_64_prepack_v2_regctrl,VALNO,3.03
gemm_sp,gemm_sp_e4m3_dyn_sm90_warpspec_1p1c_swizzle32_64_prepack_v2_regctrl,INFER,0.35
gemm_sp,gemm_sp_e4m3_dyn_sm90_warpspec_1p1c_swizzle32_64_prepack_v2_regctrl,LATENORM,0.13
gemm_sp,gemm_sp_e4m3_dyn_sm90_warpspec_1p1c_swizzle32_64_prepack_v2_regctrl,MEMORYREUSE,1.48
gemm_sp,gemm_sp_e4m3_dyn_sm90_warpspec_1p1c_swizzle32_64_prepack_v2_regctrl,ACTIVE-THREADS,0.11
gemm_sp,gemm_sp_e4m3_dyn_sm90_warpspec_1p1c_swizzle32_64_prepack_v2_regctrl,CHECK,0.82
gemm_sp,gemm_sp_e4m3_dyn_sm90_warpspec_1p1c_swizzle32_64_prepack_v2_regctrl,CODEGEN,0.17
gemm_sp,gemm_sp_e4m3_dyn_sm90_warpspec_1p1c_swizzle32_64_prepack_v2_regctrl,GPU,0.40
gemm_sp,gemm_sp_e4m3_dyn_sm90_warpspec_1p1c_swizzle32_64_prepack_v2_regctrl,MUCHK,0.06
gemm_sp,gemm_sp_e4m3_dyn_sm90_warpspec_1p1c_swizzle32_64_prepack_v2_regctrl,ASSERT-SITE,0.17
gemm_sp,gemm_sp_e4m3_dyn_sm90_warpspec_1p1c_swizzle32_64_prepack_v2_regctrl,CODEGEN,11.58
gemm_sp,gemm_sp_e4m3_dyn_sm90_warpspec_1p1c_swizzle32_64_prepack_v2_regctrl,Total,19.18
gemm_sp,gemm_sp_e4m3_dyn_sm90_warpspec_1p1c_swizzle64_128_prepack,SEMA,0.30
gemm_sp,gemm_sp_e4m3_dyn_sm90_warpspec_1p1c_swizzle64_128_prepack,NORM,0.27
gemm_sp,gemm_sp_e4m3_dyn_sm90_warpspec_1p1c_swizzle64_128_prepack,VALNO,1.94
gemm_sp,gemm_sp_e4m3_dyn_sm90_warpspec_1p1c_swizzle64_128_prepack,INFER,0.23
gemm_sp,gemm_sp_e4m3_dyn_sm90_warpspec_1p1c_swizzle64_128_prepack,LATENORM,0.09
gemm_sp,gemm_sp_e4m3_dyn_sm90_warpspec_1p1c_swizzle64_128_prepack,MEMORYREUSE,0.99
gemm_sp,gemm_sp_e4m3_dyn_sm90_warpspec_1p1c_swizzle64_128_prepack,ACTIVE-THREADS,0.07
gemm_sp,gemm_sp_e4m3_dyn_sm90_warpspec_1p1c_swizzle64_128_prepack,CHECK,0.55
gemm_sp,gemm_sp_e4m3_dyn_sm90_warpspec_1p1c_swizzle64_128_prepack,CODEGEN,0.11
gemm_sp,gemm_sp_e4m3_dyn_sm90_warpspec_1p1c_swizzle64_128_prepack,GPU,0.27
gemm_sp,gemm_sp_e4m3_dyn_sm90_warpspec_1p1c_swizzle64_128_prepack,MUCHK,0.04
gemm_sp,gemm_sp_e4m3_dyn_sm90_warpspec_1p1c_swizzle64_128_prepack,ASSERT-SITE,0.12
gemm_sp,gemm_sp_e4m3_dyn_sm90_warpspec_1p1c_swizzle64_128_prepack,CODEGEN,8.18
gemm_sp,gemm_sp_e4m3_dyn_sm90_warpspec_1p1c_swizzle64_128_prepack,Total,13.16
gemm_sp,gemm_sp_e4m3_dyn_sm90_warpspec_1p1c_swizzle64_128_prepack_regctrl,SEMA,0.44
gemm_sp,gemm_sp_e4m3_dyn_sm90_warpspec_1p1c_swizzle64_128_prepack_regctrl,NORM,0.40
gemm_sp,gemm_sp_e4m3_dyn_sm90_warpspec_1p1c_swizzle64_128_prepack_regctrl,VALNO,2.92
gemm_sp,gemm_sp_e4m3_dyn_sm90_warpspec_1p1c_swizzle64_128_prepack_regctrl,INFER,0.34
gemm_sp,gemm_sp_e4m3_dyn_sm90_warpspec_1p1c_swizzle64_128_prepack_regctrl,LATENORM,0.14
gemm_sp,gemm_sp_e4m3_dyn_sm90_warpspec_1p1c_swizzle64_128_prepack_regctrl,MEMORYREUSE,1.52
gemm_sp,gemm_sp_e4m3_dyn_sm90_warpspec_1p1c_swizzle64_128_prepack_regctrl,ACTIVE-THREADS,0.10
gemm_sp,gemm_sp_e4m3_dyn_sm90_warpspec_1p1c_swizzle64_128_prepack_regctrl,CHECK,0.83
gemm_sp,gemm_sp_e4m3_dyn_sm90_warpspec_1p1c_swizzle64_128_prepack_regctrl,CODEGEN,0.17
gemm_sp,gemm_sp_e4m3_dyn_sm90_warpspec_1p1c_swizzle64_128_prepack_regctrl,GPU,0.39
gemm_sp,gemm_sp_e4m3_dyn_sm90_warpspec_1p1c_swizzle64_128_prepack_regctrl,MUCHK,0.06
gemm_sp,gemm_sp_e4m3_dyn_sm90_warpspec_1p1c_swizzle64_128_prepack_regctrl,ASSERT-SITE,0.17
gemm_sp,gemm_sp_e4m3_dyn_sm90_warpspec_1p1c_swizzle64_128_prepack_regctrl,CODEGEN,10.81
gemm_sp,gemm_sp_e4m3_dyn_sm90_warpspec_1p1c_swizzle64_128_prepack_regctrl,Total,18.30
gemm_sp,gemm_sp_e4m3_dyn_sm90_warpspec_1p1c_swizzle64_128_prepack_tbc,SEMA,0.31
gemm_sp,gemm_sp_e4m3_dyn_sm90_warpspec_1p1c_swizzle64_128_prepack_tbc,NORM,0.27
gemm_sp,gemm_sp_e4m3_dyn_sm90_warpspec_1p1c_swizzle64_128_prepack_tbc,VALNO,1.99
gemm_sp,gemm_sp_e4m3_dyn_sm90_warpspec_1p1c_swizzle64_128_prepack_tbc,INFER,0.23
gemm_sp,gemm_sp_e4m3_dyn_sm90_warpspec_1p1c_swizzle64_128_prepack_tbc,LATENORM,0.09
gemm_sp,gemm_sp_e4m3_dyn_sm90_warpspec_1p1c_swizzle64_128_prepack_tbc,MEMORYREUSE,1.01
gemm_sp,gemm_sp_e4m3_dyn_sm90_warpspec_1p1c_swizzle64_128_prepack_tbc,ACTIVE-THREADS,0.07
gemm_sp,gemm_sp_e4m3_dyn_sm90_warpspec_1p1c_swizzle64_128_prepack_tbc,CHECK,0.57
gemm_sp,gemm_sp_e4m3_dyn_sm90_warpspec_1p1c_swizzle64_128_prepack_tbc,CODEGEN,0.12
gemm_sp,gemm_sp_e4m3_dyn_sm90_warpspec_1p1c_swizzle64_128_prepack_tbc,GPU,0.25
gemm_sp,gemm_sp_e4m3_dyn_sm90_warpspec_1p1c_swizzle64_128_prepack_tbc,MUCHK,0.04
gemm_sp,gemm_sp_e4m3_dyn_sm90_warpspec_1p1c_swizzle64_128_prepack_tbc,ASSERT-SITE,0.12
gemm_sp,gemm_sp_e4m3_dyn_sm90_warpspec_1p1c_swizzle64_128_prepack_tbc,CODEGEN,8.49
gemm_sp,gemm_sp_e4m3_dyn_sm90_warpspec_1p1c_swizzle64_128_prepack_tbc,Total,13.56
gemm_sp,gemm_sp_e4m3_dyn_sm90_warpspec_1p1c_swizzle64_128_prepack_v2,SEMA,0.49
gemm_sp,gemm_sp_e4m3_dyn_sm90_warpspec_1p1c_swizzle64_128_prepack_v2,NORM,0.40
gemm_sp,gemm_sp_e4m3_dyn_sm90_warpspec_1p1c_swizzle64_128_prepack_v2,VALNO,2.92
gemm_sp,gemm_sp_e4m3_dyn_sm90_warpspec_1p1c_swizzle64_128_prepack_v2,INFER,0.34
gemm_sp,gemm_sp_e4m3_dyn_sm90_warpspec_1p1c_swizzle64_128_prepack_v2,LATENORM,0.09
gemm_sp,gemm_sp_e4m3_dyn_sm90_warpspec_1p1c_swizzle64_128_prepack_v2,MEMORYREUSE,0.99
gemm_sp,gemm_sp_e4m3_dyn_sm90_warpspec_1p1c_swizzle64_128_prepack_v2,ACTIVE-THREADS,0.07
gemm_sp,gemm_sp_e4m3_dyn_sm90_warpspec_1p1c_swizzle64_128_prepack_v2,CHECK,0.55
gemm_sp,gemm_sp_e4m3_dyn_sm90_warpspec_1p1c_swizzle64_128_prepack_v2,CODEGEN,0.11
gemm_sp,gemm_sp_e4m3_dyn_sm90_warpspec_1p1c_swizzle64_128_prepack_v2,GPU,0.26
gemm_sp,gemm_sp_e4m3_dyn_sm90_warpspec_1p1c_swizzle64_128_prepack_v2,MUCHK,0.04
gemm_sp,gemm_sp_e4m3_dyn_sm90_warpspec_1p1c_swizzle64_128_prepack_v2,ASSERT-SITE,0.12
gemm_sp,gemm_sp_e4m3_dyn_sm90_warpspec_1p1c_swizzle64_128_prepack_v2,CODEGEN,8.09
gemm_sp,gemm_sp_e4m3_dyn_sm90_warpspec_1p1c_swizzle64_128_prepack_v2,Total,14.48
gemm_sp,gemm_sp_e4m3_dyn_sm90_warpspec_1p1c_swizzle64_128_prepack_v2_regctrl,SEMA,0.56
gemm_sp,gemm_sp_e4m3_dyn_sm90_warpspec_1p1c_swizzle64_128_prepack_v2_regctrl,NORM,0.51
gemm_sp,gemm_sp_e4m3_dyn_sm90_warpspec_1p1c_swizzle64_128_prepack_v2_regctrl,VALNO,3.71
gemm_sp,gemm_sp_e4m3_dyn_sm90_warpspec_1p1c_swizzle64_128_prepack_v2_regctrl,INFER,0.43
gemm_sp,gemm_sp_e4m3_dyn_sm90_warpspec_1p1c_swizzle64_128_prepack_v2_regctrl,LATENORM,0.17
gemm_sp,gemm_sp_e4m3_dyn_sm90_warpspec_1p1c_swizzle64_128_prepack_v2_regctrl,MEMORYREUSE,1.78
gemm_sp,gemm_sp_e4m3_dyn_sm90_warpspec_1p1c_swizzle64_128_prepack_v2_regctrl,ACTIVE-THREADS,0.10
gemm_sp,gemm_sp_e4m3_dyn_sm90_warpspec_1p1c_swizzle64_128_prepack_v2_regctrl,CHECK,0.82
gemm_sp,gemm_sp_e4m3_dyn_sm90_warpspec_1p1c_swizzle64_128_prepack_v2_regctrl,CODEGEN,0.17
gemm_sp,gemm_sp_e4m3_dyn_sm90_warpspec_1p1c_swizzle64_128_prepack_v2_regctrl,GPU,0.39
gemm_sp,gemm_sp_e4m3_dyn_sm90_warpspec_1p1c_swizzle64_128_prepack_v2_regctrl,MUCHK,0.06
gemm_sp,gemm_sp_e4m3_dyn_sm90_warpspec_1p1c_swizzle64_128_prepack_v2_regctrl,ASSERT-SITE,0.17
gemm_sp,gemm_sp_e4m3_dyn_sm90_warpspec_1p1c_swizzle64_128_prepack_v2_regctrl,CODEGEN,9.03
gemm_sp,gemm_sp_e4m3_dyn_sm90_warpspec_1p1c_swizzle64_128_prepack_v2_regctrl,Total,17.91
gemm_sp,gemm_sp_e4m3_dyn_sm90_warpspec_1p2c_swizzle128_128_prepack,SEMA,0.47
gemm_sp,gemm_sp_e4m3_dyn_sm90_warpspec_1p2c_swizzle128_128_prepack,NORM,0.41
gemm_sp,gemm_sp_e4m3_dyn_sm90_warpspec_1p2c_swizzle128_128_prepack,VALNO,3.21
gemm_sp,gemm_sp_e4m3_dyn_sm90_warpspec_1p2c_swizzle128_128_prepack,INFER,0.36
gemm_sp,gemm_sp_e4m3_dyn_sm90_warpspec_1p2c_swizzle128_128_prepack,LATENORM,0.14
gemm_sp,gemm_sp_e4m3_dyn_sm90_warpspec_1p2c_swizzle128_128_prepack,MEMORYREUSE,1.70
gemm_sp,gemm_sp_e4m3_dyn_sm90_warpspec_1p2c_swizzle128_128_prepack,ACTIVE-THREADS,0.13
gemm_sp,gemm_sp_e4m3_dyn_sm90_warpspec_1p2c_swizzle128_128_prepack,CHECK,0.90
gemm_sp,gemm_sp_e4m3_dyn_sm90_warpspec_1p2c_swizzle128_128_prepack,CODEGEN,0.17
gemm_sp,gemm_sp_e4m3_dyn_sm90_warpspec_1p2c_swizzle128_128_prepack,GPU,0.37
gemm_sp,gemm_sp_e4m3_dyn_sm90_warpspec_1p2c_swizzle128_128_prepack,MUCHK,0.06
gemm_sp,gemm_sp_e4m3_dyn_sm90_warpspec_1p2c_swizzle128_128_prepack,ASSERT-SITE,0.18
gemm_sp,gemm_sp_e4m3_dyn_sm90_warpspec_1p2c_swizzle128_128_prepack,CODEGEN,11.10
gemm_sp,gemm_sp_e4m3_dyn_sm90_warpspec_1p2c_swizzle128_128_prepack,Total,19.22
gemm_sp,gemm_sp_e4m3_dyn_sm90_warpspec_1p2c_swizzle128_128_prepack_regctrl,SEMA,0.71
gemm_sp,gemm_sp_e4m3_dyn_sm90_warpspec_1p2c_swizzle128_128_prepack_regctrl,NORM,0.56
gemm_sp,gemm_sp_e4m3_dyn_sm90_warpspec_1p2c_swizzle128_128_prepack_regctrl,VALNO,4.05
gemm_sp,gemm_sp_e4m3_dyn_sm90_warpspec_1p2c_swizzle128_128_prepack_regctrl,INFER,0.38
gemm_sp,gemm_sp_e4m3_dyn_sm90_warpspec_1p2c_swizzle128_128_prepack_regctrl,LATENORM,0.15
gemm_sp,gemm_sp_e4m3_dyn_sm90_warpspec_1p2c_swizzle128_128_prepack_regctrl,MEMORYREUSE,1.71
gemm_sp,gemm_sp_e4m3_dyn_sm90_warpspec_1p2c_swizzle128_128_prepack_regctrl,ACTIVE-THREADS,0.14
gemm_sp,gemm_sp_e4m3_dyn_sm90_warpspec_1p2c_swizzle128_128_prepack_regctrl,CHECK,0.89
gemm_sp,gemm_sp_e4m3_dyn_sm90_warpspec_1p2c_swizzle128_128_prepack_regctrl,CODEGEN,0.13
gemm_sp,gemm_sp_e4m3_dyn_sm90_warpspec_1p2c_swizzle128_128_prepack_regctrl,GPU,0.29
gemm_sp,gemm_sp_e4m3_dyn_sm90_warpspec_1p2c_swizzle128_128_prepack_regctrl,MUCHK,0.05
gemm_sp,gemm_sp_e4m3_dyn_sm90_warpspec_1p2c_swizzle128_128_prepack_regctrl,ASSERT-SITE,0.13
gemm_sp,gemm_sp_e4m3_dyn_sm90_warpspec_1p2c_swizzle128_128_prepack_regctrl,CODEGEN,9.34
gemm_sp,gemm_sp_e4m3_dyn_sm90_warpspec_1p2c_swizzle128_128_prepack_regctrl,Total,18.55
gemm_sp,gemm_sp_e4m3_dyn_sm90_warpspec_1p2c_swizzle128_128_prepack_trial,SEMA,0.60
gemm_sp,gemm_sp_e4m3_dyn_sm90_warpspec_1p2c_swizzle128_128_prepack_trial,NORM,0.54
gemm_sp,gemm_sp_e4m3_dyn_sm90_warpspec_1p2c_swizzle128_128_prepack_trial,VALNO,3.96
gemm_sp,gemm_sp_e4m3_dyn_sm90_warpspec_1p2c_swizzle128_128_prepack_trial,INFER,0.41
gemm_sp,gemm_sp_e4m3_dyn_sm90_warpspec_1p2c_swizzle128_128_prepack_trial,LATENORM,0.16
gemm_sp,gemm_sp_e4m3_dyn_sm90_warpspec_1p2c_swizzle128_128_prepack_trial,MEMORYREUSE,1.63
gemm_sp,gemm_sp_e4m3_dyn_sm90_warpspec_1p2c_swizzle128_128_prepack_trial,ACTIVE-THREADS,0.09
gemm_sp,gemm_sp_e4m3_dyn_sm90_warpspec_1p2c_swizzle128_128_prepack_trial,CHECK,0.60
gemm_sp,gemm_sp_e4m3_dyn_sm90_warpspec_1p2c_swizzle128_128_prepack_trial,CODEGEN,0.12
gemm_sp,gemm_sp_e4m3_dyn_sm90_warpspec_1p2c_swizzle128_128_prepack_trial,GPU,0.25
gemm_sp,gemm_sp_e4m3_dyn_sm90_warpspec_1p2c_swizzle128_128_prepack_trial,MUCHK,0.04
gemm_sp,gemm_sp_e4m3_dyn_sm90_warpspec_1p2c_swizzle128_128_prepack_trial,ASSERT-SITE,0.12
gemm_sp,gemm_sp_e4m3_dyn_sm90_warpspec_1p2c_swizzle128_128_prepack_trial,CODEGEN,9.41
gemm_sp,gemm_sp_e4m3_dyn_sm90_warpspec_1p2c_swizzle128_128_prepack_trial,Total,17.94
gemm_sp,gemm_sp_e4m3_dyn_sm90_warpspec_1p2c_swizzle128_128_prepack_v2,SEMA,0.54
gemm_sp,gemm_sp_e4m3_dyn_sm90_warpspec_1p2c_swizzle128_128_prepack_v2,NORM,0.47
gemm_sp,gemm_sp_e4m3_dyn_sm90_warpspec_1p2c_swizzle128_128_prepack_v2,VALNO,3.72
gemm_sp,gemm_sp_e4m3_dyn_sm90_warpspec_1p2c_swizzle128_128_prepack_v2,INFER,0.24
gemm_sp,gemm_sp_e4m3_dyn_sm90_warpspec_1p2c_swizzle128_128_prepack_v2,LATENORM,0.09
gemm_sp,gemm_sp_e4m3_dyn_sm90_warpspec_1p2c_swizzle128_128_prepack_v2,MEMORYREUSE,1.12
gemm_sp,gemm_sp_e4m3_dyn_sm90_warpspec_1p2c_swizzle128_128_prepack_v2,ACTIVE-THREADS,0.09
gemm_sp,gemm_sp_e4m3_dyn_sm90_warpspec_1p2c_swizzle128_128_prepack_v2,CHECK,0.60
gemm_sp,gemm_sp_e4m3_dyn_sm90_warpspec_1p2c_swizzle128_128_prepack_v2,CODEGEN,0.12
gemm_sp,gemm_sp_e4m3_dyn_sm90_warpspec_1p2c_swizzle128_128_prepack_v2,GPU,0.26
gemm_sp,gemm_sp_e4m3_dyn_sm90_warpspec_1p2c_swizzle128_128_prepack_v2,MUCHK,0.04
gemm_sp,gemm_sp_e4m3_dyn_sm90_warpspec_1p2c_swizzle128_128_prepack_v2,ASSERT-SITE,0.12
gemm_sp,gemm_sp_e4m3_dyn_sm90_warpspec_1p2c_swizzle128_128_prepack_v2,CODEGEN,9.08
gemm_sp,gemm_sp_e4m3_dyn_sm90_warpspec_1p2c_swizzle128_128_prepack_v2,Total,16.49
gemm_sp,gemm_sp_e4m3_dyn_sm90_warpspec_1p2c_swizzle128_128_prepack_v2_regctrl,SEMA,0.47
gemm_sp,gemm_sp_e4m3_dyn_sm90_warpspec_1p2c_swizzle128_128_prepack_v2_regctrl,NORM,0.41
gemm_sp,gemm_sp_e4m3_dyn_sm90_warpspec_1p2c_swizzle128_128_prepack_v2_regctrl,VALNO,3.15
gemm_sp,gemm_sp_e4m3_dyn_sm90_warpspec_1p2c_swizzle128_128_prepack_v2_regctrl,INFER,0.24
gemm_sp,gemm_sp_e4m3_dyn_sm90_warpspec_1p2c_swizzle128_128_prepack_v2_regctrl,LATENORM,0.09
gemm_sp,gemm_sp_e4m3_dyn_sm90_warpspec_1p2c_swizzle128_128_prepack_v2_regctrl,MEMORYREUSE,1.11
gemm_sp,gemm_sp_e4m3_dyn_sm90_warpspec_1p2c_swizzle128_128_prepack_v2_regctrl,ACTIVE-THREADS,0.09
gemm_sp,gemm_sp_e4m3_dyn_sm90_warpspec_1p2c_swizzle128_128_prepack_v2_regctrl,CHECK,0.60
gemm_sp,gemm_sp_e4m3_dyn_sm90_warpspec_1p2c_swizzle128_128_prepack_v2_regctrl,CODEGEN,0.12
gemm_sp,gemm_sp_e4m3_dyn_sm90_warpspec_1p2c_swizzle128_128_prepack_v2_regctrl,GPU,0.25
gemm_sp,gemm_sp_e4m3_dyn_sm90_warpspec_1p2c_swizzle128_128_prepack_v2_regctrl,MUCHK,0.04
gemm_sp,gemm_sp_e4m3_dyn_sm90_warpspec_1p2c_swizzle128_128_prepack_v2_regctrl,ASSERT-SITE,0.12
gemm_sp,gemm_sp_e4m3_dyn_sm90_warpspec_1p2c_swizzle128_128_prepack_v2_regctrl,CODEGEN,9.14
gemm_sp,gemm_sp_e4m3_dyn_sm90_warpspec_1p2c_swizzle128_128_prepack_v2_regctrl,Total,15.85
gemm_sp,gemm_sp_e4m3_dyn_sm90_warpspec_1p2c_swizzle128_128_prepack_v2_trial,SEMA,0.31
gemm_sp,gemm_sp_e4m3_dyn_sm90_warpspec_1p2c_swizzle128_128_prepack_v2_trial,NORM,0.27
gemm_sp,gemm_sp_e4m3_dyn_sm90_warpspec_1p2c_swizzle128_128_prepack_v2_trial,VALNO,2.12
gemm_sp,gemm_sp_e4m3_dyn_sm90_warpspec_1p2c_swizzle128_128_prepack_v2_trial,INFER,0.24
gemm_sp,gemm_sp_e4m3_dyn_sm90_warpspec_1p2c_swizzle128_128_prepack_v2_trial,LATENORM,0.09
gemm_sp,gemm_sp_e4m3_dyn_sm90_warpspec_1p2c_swizzle128_128_prepack_v2_trial,MEMORYREUSE,1.10
gemm_sp,gemm_sp_e4m3_dyn_sm90_warpspec_1p2c_swizzle128_128_prepack_v2_trial,ACTIVE-THREADS,0.09
gemm_sp,gemm_sp_e4m3_dyn_sm90_warpspec_1p2c_swizzle128_128_prepack_v2_trial,CHECK,0.60
gemm_sp,gemm_sp_e4m3_dyn_sm90_warpspec_1p2c_swizzle128_128_prepack_v2_trial,CODEGEN,0.11
gemm_sp,gemm_sp_e4m3_dyn_sm90_warpspec_1p2c_swizzle128_128_prepack_v2_trial,GPU,0.25
gemm_sp,gemm_sp_e4m3_dyn_sm90_warpspec_1p2c_swizzle128_128_prepack_v2_trial,MUCHK,0.04
gemm_sp,gemm_sp_e4m3_dyn_sm90_warpspec_1p2c_swizzle128_128_prepack_v2_trial,ASSERT-SITE,0.12
gemm_sp,gemm_sp_e4m3_dyn_sm90_warpspec_1p2c_swizzle128_128_prepack_v2_trial,CODEGEN,8.91
gemm_sp,gemm_sp_e4m3_dyn_sm90_warpspec_1p2c_swizzle128_128_prepack_v2_trial,Total,14.25
gemm_sp,gemm_sp_e4m3_dyn_sm90_warpspec_1p2c_swizzle32_64,SEMA,0.74
gemm_sp,gemm_sp_e4m3_dyn_sm90_warpspec_1p2c_swizzle32_64,NORM,0.61
gemm_sp,gemm_sp_e4m3_dyn_sm90_warpspec_1p2c_swizzle32_64,VALNO,4.87
gemm_sp,gemm_sp_e4m3_dyn_sm90_warpspec_1p2c_swizzle32_64,INFER,0.37
gemm_sp,gemm_sp_e4m3_dyn_sm90_warpspec_1p2c_swizzle32_64,LATENORM,0.14
gemm_sp,gemm_sp_e4m3_dyn_sm90_warpspec_1p2c_swizzle32_64,MEMORYREUSE,1.70
gemm_sp,gemm_sp_e4m3_dyn_sm90_warpspec_1p2c_swizzle32_64,ACTIVE-THREADS,0.14
gemm_sp,gemm_sp_e4m3_dyn_sm90_warpspec_1p2c_swizzle32_64,CHECK,0.93
gemm_sp,gemm_sp_e4m3_dyn_sm90_warpspec_1p2c_swizzle32_64,CODEGEN,0.18
gemm_sp,gemm_sp_e4m3_dyn_sm90_warpspec_1p2c_swizzle32_64,GPU,0.38
gemm_sp,gemm_sp_e4m3_dyn_sm90_warpspec_1p2c_swizzle32_64,MUCHK,0.06
gemm_sp,gemm_sp_e4m3_dyn_sm90_warpspec_1p2c_swizzle32_64,ASSERT-SITE,0.13
gemm_sp,gemm_sp_e4m3_dyn_sm90_warpspec_1p2c_swizzle32_64,CODEGEN,8.30
gemm_sp,gemm_sp_e4m3_dyn_sm90_warpspec_1p2c_swizzle32_64,Total,18.56
gemm_sp,gemm_sp_e4m3_dyn_sm90_warpspec_1p2c_swizzle32_64_prepack,SEMA,0.47
gemm_sp,gemm_sp_e4m3_dyn_sm90_warpspec_1p2c_swizzle32_64_prepack,NORM,0.43
gemm_sp,gemm_sp_e4m3_dyn_sm90_warpspec_1p2c_swizzle32_64_prepack,VALNO,3.20
gemm_sp,gemm_sp_e4m3_dyn_sm90_warpspec_1p2c_swizzle32_64_prepack,INFER,0.36
gemm_sp,gemm_sp_e4m3_dyn_sm90_warpspec_1p2c_swizzle32_64_prepack,LATENORM,0.14
gemm_sp,gemm_sp_e4m3_dyn_sm90_warpspec_1p2c_swizzle32_64_prepack,MEMORYREUSE,1.69
gemm_sp,gemm_sp_e4m3_dyn_sm90_warpspec_1p2c_swizzle32_64_prepack,ACTIVE-THREADS,0.13
gemm_sp,gemm_sp_e4m3_dyn_sm90_warpspec_1p2c_swizzle32_64_prepack,CHECK,0.90
gemm_sp,gemm_sp_e4m3_dyn_sm90_warpspec_1p2c_swizzle32_64_prepack,CODEGEN,0.17
gemm_sp,gemm_sp_e4m3_dyn_sm90_warpspec_1p2c_swizzle32_64_prepack,GPU,0.38
gemm_sp,gemm_sp_e4m3_dyn_sm90_warpspec_1p2c_swizzle32_64_prepack,MUCHK,0.06
gemm_sp,gemm_sp_e4m3_dyn_sm90_warpspec_1p2c_swizzle32_64_prepack,ASSERT-SITE,0.18
gemm_sp,gemm_sp_e4m3_dyn_sm90_warpspec_1p2c_swizzle32_64_prepack,CODEGEN,13.53
gemm_sp,gemm_sp_e4m3_dyn_sm90_warpspec_1p2c_swizzle32_64_prepack,Total,21.65
gemm_sp,gemm_sp_e4m3_dyn_sm90_warpspec_1p2c_swizzle32_64_prepack_regctrl,SEMA,0.48
gemm_sp,gemm_sp_e4m3_dyn_sm90_warpspec_1p2c_swizzle32_64_prepack_regctrl,NORM,0.42
gemm_sp,gemm_sp_e4m3_dyn_sm90_warpspec_1p2c_swizzle32_64_prepack_regctrl,VALNO,3.23
gemm_sp,gemm_sp_e4m3_dyn_sm90_warpspec_1p2c_swizzle32_64_prepack_regctrl,INFER,0.36
gemm_sp,gemm_sp_e4m3_dyn_sm90_warpspec_1p2c_swizzle32_64_prepack_regctrl,LATENORM,0.14
gemm_sp,gemm_sp_e4m3_dyn_sm90_warpspec_1p2c_swizzle32_64_prepack_regctrl,MEMORYREUSE,1.70
gemm_sp,gemm_sp_e4m3_dyn_sm90_warpspec_1p2c_swizzle32_64_prepack_regctrl,ACTIVE-THREADS,0.14
gemm_sp,gemm_sp_e4m3_dyn_sm90_warpspec_1p2c_swizzle32_64_prepack_regctrl,CHECK,0.91
gemm_sp,gemm_sp_e4m3_dyn_sm90_warpspec_1p2c_swizzle32_64_prepack_regctrl,CODEGEN,0.18
gemm_sp,gemm_sp_e4m3_dyn_sm90_warpspec_1p2c_swizzle32_64_prepack_regctrl,GPU,0.38
gemm_sp,gemm_sp_e4m3_dyn_sm90_warpspec_1p2c_swizzle32_64_prepack_regctrl,MUCHK,0.06
gemm_sp,gemm_sp_e4m3_dyn_sm90_warpspec_1p2c_swizzle32_64_prepack_regctrl,ASSERT-SITE,0.19
gemm_sp,gemm_sp_e4m3_dyn_sm90_warpspec_1p2c_swizzle32_64_prepack_regctrl,CODEGEN,12.44
gemm_sp,gemm_sp_e4m3_dyn_sm90_warpspec_1p2c_swizzle32_64_prepack_regctrl,Total,20.64
gemm_sp,gemm_sp_e4m3_dyn_sm90_warpspec_1p2c_swizzle32_64_prepack_v2,SEMA,0.47
gemm_sp,gemm_sp_e4m3_dyn_sm90_warpspec_1p2c_swizzle32_64_prepack_v2,NORM,0.41
gemm_sp,gemm_sp_e4m3_dyn_sm90_warpspec_1p2c_swizzle32_64_prepack_v2,VALNO,3.22
gemm_sp,gemm_sp_e4m3_dyn_sm90_warpspec_1p2c_swizzle32_64_prepack_v2,INFER,0.36
gemm_sp,gemm_sp_e4m3_dyn_sm90_warpspec_1p2c_swizzle32_64_prepack_v2,LATENORM,0.14
gemm_sp,gemm_sp_e4m3_dyn_sm90_warpspec_1p2c_swizzle32_64_prepack_v2,MEMORYREUSE,1.67
gemm_sp,gemm_sp_e4m3_dyn_sm90_warpspec_1p2c_swizzle32_64_prepack_v2,ACTIVE-THREADS,0.13
gemm_sp,gemm_sp_e4m3_dyn_sm90_warpspec_1p2c_swizzle32_64_prepack_v2,CHECK,0.90
gemm_sp,gemm_sp_e4m3_dyn_sm90_warpspec_1p2c_swizzle32_64_prepack_v2,CODEGEN,0.17
gemm_sp,gemm_sp_e4m3_dyn_sm90_warpspec_1p2c_swizzle32_64_prepack_v2,GPU,0.38
gemm_sp,gemm_sp_e4m3_dyn_sm90_warpspec_1p2c_swizzle32_64_prepack_v2,MUCHK,0.06
gemm_sp,gemm_sp_e4m3_dyn_sm90_warpspec_1p2c_swizzle32_64_prepack_v2,ASSERT-SITE,0.18
gemm_sp,gemm_sp_e4m3_dyn_sm90_warpspec_1p2c_swizzle32_64_prepack_v2,CODEGEN,10.91
gemm_sp,gemm_sp_e4m3_dyn_sm90_warpspec_1p2c_swizzle32_64_prepack_v2,Total,19.01
gemm_sp,gemm_sp_e4m3_dyn_sm90_warpspec_1p2c_swizzle32_64_prepack_v2_regctrl,SEMA,0.66
gemm_sp,gemm_sp_e4m3_dyn_sm90_warpspec_1p2c_swizzle32_64_prepack_v2_regctrl,NORM,0.58
gemm_sp,gemm_sp_e4m3_dyn_sm90_warpspec_1p2c_swizzle32_64_prepack_v2_regctrl,VALNO,4.29
gemm_sp,gemm_sp_e4m3_dyn_sm90_warpspec_1p2c_swizzle32_64_prepack_v2_regctrl,INFER,0.42
gemm_sp,gemm_sp_e4m3_dyn_sm90_warpspec_1p2c_swizzle32_64_prepack_v2_regctrl,LATENORM,0.16
gemm_sp,gemm_sp_e4m3_dyn_sm90_warpspec_1p2c_swizzle32_64_prepack_v2_regctrl,MEMORYREUSE,1.96
gemm_sp,gemm_sp_e4m3_dyn_sm90_warpspec_1p2c_swizzle32_64_prepack_v2_regctrl,ACTIVE-THREADS,0.16
gemm_sp,gemm_sp_e4m3_dyn_sm90_warpspec_1p2c_swizzle32_64_prepack_v2_regctrl,CHECK,1.04
gemm_sp,gemm_sp_e4m3_dyn_sm90_warpspec_1p2c_swizzle32_64_prepack_v2_regctrl,CODEGEN,0.12
gemm_sp,gemm_sp_e4m3_dyn_sm90_warpspec_1p2c_swizzle32_64_prepack_v2_regctrl,GPU,0.27
gemm_sp,gemm_sp_e4m3_dyn_sm90_warpspec_1p2c_swizzle32_64_prepack_v2_regctrl,MUCHK,0.04
gemm_sp,gemm_sp_e4m3_dyn_sm90_warpspec_1p2c_swizzle32_64_prepack_v2_regctrl,ASSERT-SITE,0.13
gemm_sp,gemm_sp_e4m3_dyn_sm90_warpspec_1p2c_swizzle32_64_prepack_v2_regctrl,CODEGEN,8.94
gemm_sp,gemm_sp_e4m3_dyn_sm90_warpspec_1p2c_swizzle32_64_prepack_v2_regctrl,Total,18.77
gemm_sp,gemm_sp_e4m3_dyn_sm90_warpspec_1p2c_swizzle64_128_prepack,SEMA,0.71
gemm_sp,gemm_sp_e4m3_dyn_sm90_warpspec_1p2c_swizzle64_128_prepack,NORM,0.60
gemm_sp,gemm_sp_e4m3_dyn_sm90_warpspec_1p2c_swizzle64_128_prepack,VALNO,3.38
gemm_sp,gemm_sp_e4m3_dyn_sm90_warpspec_1p2c_swizzle64_128_prepack,INFER,0.36
gemm_sp,gemm_sp_e4m3_dyn_sm90_warpspec_1p2c_swizzle64_128_prepack,LATENORM,0.14
gemm_sp,gemm_sp_e4m3_dyn_sm90_warpspec_1p2c_swizzle64_128_prepack,MEMORYREUSE,1.29
gemm_sp,gemm_sp_e4m3_dyn_sm90_warpspec_1p2c_swizzle64_128_prepack,ACTIVE-THREADS,0.09
gemm_sp,gemm_sp_e4m3_dyn_sm90_warpspec_1p2c_swizzle64_128_prepack,CHECK,0.61
gemm_sp,gemm_sp_e4m3_dyn_sm90_warpspec_1p2c_swizzle64_128_prepack,CODEGEN,0.12
gemm_sp,gemm_sp_e4m3_dyn_sm90_warpspec_1p2c_swizzle64_128_prepack,GPU,0.25
gemm_sp,gemm_sp_e4m3_dyn_sm90_warpspec_1p2c_swizzle64_128_prepack,MUCHK,0.04
gemm_sp,gemm_sp_e4m3_dyn_sm90_warpspec_1p2c_swizzle64_128_prepack,ASSERT-SITE,0.12
gemm_sp,gemm_sp_e4m3_dyn_sm90_warpspec_1p2c_swizzle64_128_prepack,CODEGEN,9.28
gemm_sp,gemm_sp_e4m3_dyn_sm90_warpspec_1p2c_swizzle64_128_prepack,Total,17.00
gemm_sp,gemm_sp_e4m3_dyn_sm90_warpspec_1p2c_swizzle64_128_prepack_regctrl,SEMA,0.31
gemm_sp,gemm_sp_e4m3_dyn_sm90_warpspec_1p2c_swizzle64_128_prepack_regctrl,NORM,0.27
gemm_sp,gemm_sp_e4m3_dyn_sm90_warpspec_1p2c_swizzle64_128_prepack_regctrl,VALNO,2.18
gemm_sp,gemm_sp_e4m3_dyn_sm90_warpspec_1p2c_swizzle64_128_prepack_regctrl,INFER,0.24
gemm_sp,gemm_sp_e4m3_dyn_sm90_warpspec_1p2c_swizzle64_128_prepack_regctrl,LATENORM,0.09
gemm_sp,gemm_sp_e4m3_dyn_sm90_warpspec_1p2c_swizzle64_128_prepack_regctrl,MEMORYREUSE,1.11
gemm_sp,gemm_sp_e4m3_dyn_sm90_warpspec_1p2c_swizzle64_128_prepack_regctrl,ACTIVE-THREADS,0.09
gemm_sp,gemm_sp_e4m3_dyn_sm90_warpspec_1p2c_swizzle64_128_prepack_regctrl,CHECK,0.60
gemm_sp,gemm_sp_e4m3_dyn_sm90_warpspec_1p2c_swizzle64_128_prepack_regctrl,CODEGEN,0.12
gemm_sp,gemm_sp_e4m3_dyn_sm90_warpspec_1p2c_swizzle64_128_prepack_regctrl,GPU,0.26
gemm_sp,gemm_sp_e4m3_dyn_sm90_warpspec_1p2c_swizzle64_128_prepack_regctrl,MUCHK,0.04
gemm_sp,gemm_sp_e4m3_dyn_sm90_warpspec_1p2c_swizzle64_128_prepack_regctrl,ASSERT-SITE,0.12
gemm_sp,gemm_sp_e4m3_dyn_sm90_warpspec_1p2c_swizzle64_128_prepack_regctrl,CODEGEN,9.73
gemm_sp,gemm_sp_e4m3_dyn_sm90_warpspec_1p2c_swizzle64_128_prepack_regctrl,Total,15.17
gemm_sp,gemm_sp_e4m3_dyn_sm90_warpspec_1p2c_swizzle64_128_prepack_tbc,SEMA,0.33
gemm_sp,gemm_sp_e4m3_dyn_sm90_warpspec_1p2c_swizzle64_128_prepack_tbc,NORM,0.28
gemm_sp,gemm_sp_e4m3_dyn_sm90_warpspec_1p2c_swizzle64_128_prepack_tbc,VALNO,2.28
gemm_sp,gemm_sp_e4m3_dyn_sm90_warpspec_1p2c_swizzle64_128_prepack_tbc,INFER,0.24
gemm_sp,gemm_sp_e4m3_dyn_sm90_warpspec_1p2c_swizzle64_128_prepack_tbc,LATENORM,0.10
gemm_sp,gemm_sp_e4m3_dyn_sm90_warpspec_1p2c_swizzle64_128_prepack_tbc,MEMORYREUSE,1.15
gemm_sp,gemm_sp_e4m3_dyn_sm90_warpspec_1p2c_swizzle64_128_prepack_tbc,ACTIVE-THREADS,0.09
gemm_sp,gemm_sp_e4m3_dyn_sm90_warpspec_1p2c_swizzle64_128_prepack_tbc,CHECK,0.62
gemm_sp,gemm_sp_e4m3_dyn_sm90_warpspec_1p2c_swizzle64_128_prepack_tbc,CODEGEN,0.13
gemm_sp,gemm_sp_e4m3_dyn_sm90_warpspec_1p2c_swizzle64_128_prepack_tbc,GPU,0.26
gemm_sp,gemm_sp_e4m3_dyn_sm90_warpspec_1p2c_swizzle64_128_prepack_tbc,MUCHK,0.04
gemm_sp,gemm_sp_e4m3_dyn_sm90_warpspec_1p2c_swizzle64_128_prepack_tbc,ASSERT-SITE,0.12
gemm_sp,gemm_sp_e4m3_dyn_sm90_warpspec_1p2c_swizzle64_128_prepack_tbc,CODEGEN,9.12
gemm_sp,gemm_sp_e4m3_dyn_sm90_warpspec_1p2c_swizzle64_128_prepack_tbc,Total,14.77
gemm_sp,gemm_sp_e4m3_dyn_sm90_warpspec_1p2c_swizzle64_128_prepack_trans,SEMA,0.48
gemm_sp,gemm_sp_e4m3_dyn_sm90_warpspec_1p2c_swizzle64_128_prepack_trans,NORM,0.42
gemm_sp,gemm_sp_e4m3_dyn_sm90_warpspec_1p2c_swizzle64_128_prepack_trans,VALNO,3.33
gemm_sp,gemm_sp_e4m3_dyn_sm90_warpspec_1p2c_swizzle64_128_prepack_trans,INFER,0.36
gemm_sp,gemm_sp_e4m3_dyn_sm90_warpspec_1p2c_swizzle64_128_prepack_trans,LATENORM,0.14
gemm_sp,gemm_sp_e4m3_dyn_sm90_warpspec_1p2c_swizzle64_128_prepack_trans,MEMORYREUSE,1.70
gemm_sp,gemm_sp_e4m3_dyn_sm90_warpspec_1p2c_swizzle64_128_prepack_trans,ACTIVE-THREADS,0.14
gemm_sp,gemm_sp_e4m3_dyn_sm90_warpspec_1p2c_swizzle64_128_prepack_trans,CHECK,0.91
gemm_sp,gemm_sp_e4m3_dyn_sm90_warpspec_1p2c_swizzle64_128_prepack_trans,CODEGEN,0.18
gemm_sp,gemm_sp_e4m3_dyn_sm90_warpspec_1p2c_swizzle64_128_prepack_trans,GPU,0.38
gemm_sp,gemm_sp_e4m3_dyn_sm90_warpspec_1p2c_swizzle64_128_prepack_trans,MUCHK,0.07
gemm_sp,gemm_sp_e4m3_dyn_sm90_warpspec_1p2c_swizzle64_128_prepack_trans,ASSERT-SITE,0.19
gemm_sp,gemm_sp_e4m3_dyn_sm90_warpspec_1p2c_swizzle64_128_prepack_trans,CODEGEN,13.91
gemm_sp,gemm_sp_e4m3_dyn_sm90_warpspec_1p2c_swizzle64_128_prepack_trans,Total,22.21
gemm_sp,gemm_sp_e4m3_dyn_sm90_warpspec_1p2c_swizzle64_128_prepack_v2,SEMA,0.47
gemm_sp,gemm_sp_e4m3_dyn_sm90_warpspec_1p2c_swizzle64_128_prepack_v2,NORM,0.41
gemm_sp,gemm_sp_e4m3_dyn_sm90_warpspec_1p2c_swizzle64_128_prepack_v2,VALNO,2.89
gemm_sp,gemm_sp_e4m3_dyn_sm90_warpspec_1p2c_swizzle64_128_prepack_v2,INFER,0.24
gemm_sp,gemm_sp_e4m3_dyn_sm90_warpspec_1p2c_swizzle64_128_prepack_v2,LATENORM,0.09
gemm_sp,gemm_sp_e4m3_dyn_sm90_warpspec_1p2c_swizzle64_128_prepack_v2,MEMORYREUSE,1.11
gemm_sp,gemm_sp_e4m3_dyn_sm90_warpspec_1p2c_swizzle64_128_prepack_v2,ACTIVE-THREADS,0.09
gemm_sp,gemm_sp_e4m3_dyn_sm90_warpspec_1p2c_swizzle64_128_prepack_v2,CHECK,0.60
gemm_sp,gemm_sp_e4m3_dyn_sm90_warpspec_1p2c_swizzle64_128_prepack_v2,CODEGEN,0.12
gemm_sp,gemm_sp_e4m3_dyn_sm90_warpspec_1p2c_swizzle64_128_prepack_v2,GPU,0.25
gemm_sp,gemm_sp_e4m3_dyn_sm90_warpspec_1p2c_swizzle64_128_prepack_v2,MUCHK,0.04
gemm_sp,gemm_sp_e4m3_dyn_sm90_warpspec_1p2c_swizzle64_128_prepack_v2,ASSERT-SITE,0.12
gemm_sp,gemm_sp_e4m3_dyn_sm90_warpspec_1p2c_swizzle64_128_prepack_v2,CODEGEN,9.40
gemm_sp,gemm_sp_e4m3_dyn_sm90_warpspec_1p2c_swizzle64_128_prepack_v2,Total,15.85
gemm_sp,gemm_sp_e4m3_dyn_sm90_warpspec_1p2c_swizzle64_128_prepack_v2_regctrl,SEMA,0.48
gemm_sp,gemm_sp_e4m3_dyn_sm90_warpspec_1p2c_swizzle64_128_prepack_v2_regctrl,NORM,0.42
gemm_sp,gemm_sp_e4m3_dyn_sm90_warpspec_1p2c_swizzle64_128_prepack_v2_regctrl,VALNO,3.31
gemm_sp,gemm_sp_e4m3_dyn_sm90_warpspec_1p2c_swizzle64_128_prepack_v2_regctrl,INFER,0.36
gemm_sp,gemm_sp_e4m3_dyn_sm90_warpspec_1p2c_swizzle64_128_prepack_v2_regctrl,LATENORM,0.14
gemm_sp,gemm_sp_e4m3_dyn_sm90_warpspec_1p2c_swizzle64_128_prepack_v2_regctrl,MEMORYREUSE,1.67
gemm_sp,gemm_sp_e4m3_dyn_sm90_warpspec_1p2c_swizzle64_128_prepack_v2_regctrl,ACTIVE-THREADS,0.13
gemm_sp,gemm_sp_e4m3_dyn_sm90_warpspec_1p2c_swizzle64_128_prepack_v2_regctrl,CHECK,0.92
gemm_sp,gemm_sp_e4m3_dyn_sm90_warpspec_1p2c_swizzle64_128_prepack_v2_regctrl,CODEGEN,0.18
gemm_sp,gemm_sp_e4m3_dyn_sm90_warpspec_1p2c_swizzle64_128_prepack_v2_regctrl,GPU,0.38
gemm_sp,gemm_sp_e4m3_dyn_sm90_warpspec_1p2c_swizzle64_128_prepack_v2_regctrl,MUCHK,0.06
gemm_sp,gemm_sp_e4m3_dyn_sm90_warpspec_1p2c_swizzle64_128_prepack_v2_regctrl,ASSERT-SITE,0.19
gemm_sp,gemm_sp_e4m3_dyn_sm90_warpspec_1p2c_swizzle64_128_prepack_v2_regctrl,CODEGEN,14.01
gemm_sp,gemm_sp_e4m3_dyn_sm90_warpspec_1p2c_swizzle64_128_prepack_v2_regctrl,Total,22.26
gemm_sp,gemm_sp_e4m3_dyn_sm90_warpspec_1p2c_swizzle64_128_prepack_v2_tbc,SEMA,0.43
gemm_sp,gemm_sp_e4m3_dyn_sm90_warpspec_1p2c_swizzle64_128_prepack_v2_tbc,NORM,0.30
gemm_sp,gemm_sp_e4m3_dyn_sm90_warpspec_1p2c_swizzle64_128_prepack_v2_tbc,VALNO,2.27
gemm_sp,gemm_sp_e4m3_dyn_sm90_warpspec_1p2c_swizzle64_128_prepack_v2_tbc,INFER,0.25
gemm_sp,gemm_sp_e4m3_dyn_sm90_warpspec_1p2c_swizzle64_128_prepack_v2_tbc,LATENORM,0.11
gemm_sp,gemm_sp_e4m3_dyn_sm90_warpspec_1p2c_swizzle64_128_prepack_v2_tbc,MEMORYREUSE,1.21
gemm_sp,gemm_sp_e4m3_dyn_sm90_warpspec_1p2c_swizzle64_128_prepack_v2_tbc,ACTIVE-THREADS,0.10
gemm_sp,gemm_sp_e4m3_dyn_sm90_warpspec_1p2c_swizzle64_128_prepack_v2_tbc,CHECK,0.62
gemm_sp,gemm_sp_e4m3_dyn_sm90_warpspec_1p2c_swizzle64_128_prepack_v2_tbc,CODEGEN,0.13
gemm_sp,gemm_sp_e4m3_dyn_sm90_warpspec_1p2c_swizzle64_128_prepack_v2_tbc,GPU,0.27
gemm_sp,gemm_sp_e4m3_dyn_sm90_warpspec_1p2c_swizzle64_128_prepack_v2_tbc,MUCHK,0.05
gemm_sp,gemm_sp_e4m3_dyn_sm90_warpspec_1p2c_swizzle64_128_prepack_v2_tbc,ASSERT-SITE,0.13
gemm_sp,gemm_sp_e4m3_dyn_sm90_warpspec_1p2c_swizzle64_128_prepack_v2_tbc,CODEGEN,9.42
gemm_sp,gemm_sp_e4m3_dyn_sm90_warpspec_1p2c_swizzle64_128_prepack_v2_tbc,Total,15.27
gemm_sp,gemm_sp_e4m3_dynamic_sm90_swizzle32_64,SEMA,0.32
gemm_sp,gemm_sp_e4m3_dynamic_sm90_swizzle32_64,NORM,0.27
gemm_sp,gemm_sp_e4m3_dynamic_sm90_swizzle32_64,VALNO,2.17
gemm_sp,gemm_sp_e4m3_dynamic_sm90_swizzle32_64,INFER,0.27
gemm_sp,gemm_sp_e4m3_dynamic_sm90_swizzle32_64,LATENORM,0.14
gemm_sp,gemm_sp_e4m3_dynamic_sm90_swizzle32_64,MEMORYREUSE,1.13
gemm_sp,gemm_sp_e4m3_dynamic_sm90_swizzle32_64,ACTIVE-THREADS,0.04
gemm_sp,gemm_sp_e4m3_dynamic_sm90_swizzle32_64,CHECK,0.50
gemm_sp,gemm_sp_e4m3_dynamic_sm90_swizzle32_64,CODEGEN,0.13
gemm_sp,gemm_sp_e4m3_dynamic_sm90_swizzle32_64,GPU,0.36
gemm_sp,gemm_sp_e4m3_dynamic_sm90_swizzle32_64,MUCHK,0.05
gemm_sp,gemm_sp_e4m3_dynamic_sm90_swizzle32_64,ASSERT-SITE,0.12
gemm_sp,gemm_sp_e4m3_dynamic_sm90_swizzle32_64,CODEGEN,7.46
gemm_sp,gemm_sp_e4m3_dynamic_sm90_swizzle32_64,Total,12.97
gemm_sp,gemm_sp_e4m3_dynamic_sm90_swizzle32_64_prepack,SEMA,0.24
gemm_sp,gemm_sp_e4m3_dynamic_sm90_swizzle32_64_prepack,NORM,0.21
gemm_sp,gemm_sp_e4m3_dynamic_sm90_swizzle32_64_prepack,VALNO,1.60
gemm_sp,gemm_sp_e4m3_dynamic_sm90_swizzle32_64_prepack,INFER,0.20
gemm_sp,gemm_sp_e4m3_dynamic_sm90_swizzle32_64_prepack,LATENORM,0.10
gemm_sp,gemm_sp_e4m3_dynamic_sm90_swizzle32_64_prepack,MEMORYREUSE,0.85
gemm_sp,gemm_sp_e4m3_dynamic_sm90_swizzle32_64_prepack,ACTIVE-THREADS,0.04
gemm_sp,gemm_sp_e4m3_dynamic_sm90_swizzle32_64_prepack,CHECK,0.43
gemm_sp,gemm_sp_e4m3_dynamic_sm90_swizzle32_64_prepack,CODEGEN,0.12
gemm_sp,gemm_sp_e4m3_dynamic_sm90_swizzle32_64_prepack,GPU,0.33
gemm_sp,gemm_sp_e4m3_dynamic_sm90_swizzle32_64_prepack,MUCHK,0.05
gemm_sp,gemm_sp_e4m3_dynamic_sm90_swizzle32_64_prepack,ASSERT-SITE,0.11
gemm_sp,gemm_sp_e4m3_dynamic_sm90_swizzle32_64_prepack,CODEGEN,9.27
gemm_sp,gemm_sp_e4m3_dynamic_sm90_swizzle32_64_prepack,Total,13.55
gemm_sp,gemm_sp_e4m3_dynamic_sm90_swizzle32_64_prepack_v2,SEMA,0.36
gemm_sp,gemm_sp_e4m3_dynamic_sm90_swizzle32_64_prepack_v2,NORM,0.31
gemm_sp,gemm_sp_e4m3_dynamic_sm90_swizzle32_64_prepack_v2,VALNO,1.95
gemm_sp,gemm_sp_e4m3_dynamic_sm90_swizzle32_64_prepack_v2,INFER,0.20
gemm_sp,gemm_sp_e4m3_dynamic_sm90_swizzle32_64_prepack_v2,LATENORM,0.10
gemm_sp,gemm_sp_e4m3_dynamic_sm90_swizzle32_64_prepack_v2,MEMORYREUSE,0.84
gemm_sp,gemm_sp_e4m3_dynamic_sm90_swizzle32_64_prepack_v2,ACTIVE-THREADS,0.04
gemm_sp,gemm_sp_e4m3_dynamic_sm90_swizzle32_64_prepack_v2,CHECK,0.44
gemm_sp,gemm_sp_e4m3_dynamic_sm90_swizzle32_64_prepack_v2,CODEGEN,0.12
gemm_sp,gemm_sp_e4m3_dynamic_sm90_swizzle32_64_prepack_v2,GPU,0.33
gemm_sp,gemm_sp_e4m3_dynamic_sm90_swizzle32_64_prepack_v2,MUCHK,0.05
gemm_sp,gemm_sp_e4m3_dynamic_sm90_swizzle32_64_prepack_v2,ASSERT-SITE,0.11
gemm_sp,gemm_sp_e4m3_dynamic_sm90_swizzle32_64_prepack_v2,CODEGEN,6.83
gemm_sp,gemm_sp_e4m3_dynamic_sm90_swizzle32_64_prepack_v2,Total,11.68
gemm_sp,gemm_sp_e4m3_dynamic_sm90_swizzle64_128,SEMA,0.25
gemm_sp,gemm_sp_e4m3_dynamic_sm90_swizzle64_128,NORM,0.20
gemm_sp,gemm_sp_e4m3_dynamic_sm90_swizzle64_128,VALNO,1.70
gemm_sp,gemm_sp_e4m3_dynamic_sm90_swizzle64_128,INFER,0.20
gemm_sp,gemm_sp_e4m3_dynamic_sm90_swizzle64_128,LATENORM,0.10
gemm_sp,gemm_sp_e4m3_dynamic_sm90_swizzle64_128,MEMORYREUSE,0.88
gemm_sp,gemm_sp_e4m3_dynamic_sm90_swizzle64_128,ACTIVE-THREADS,0.04
gemm_sp,gemm_sp_e4m3_dynamic_sm90_swizzle64_128,CHECK,0.44
gemm_sp,gemm_sp_e4m3_dynamic_sm90_swizzle64_128,CODEGEN,0.11
gemm_sp,gemm_sp_e4m3_dynamic_sm90_swizzle64_128,GPU,0.32
gemm_sp,gemm_sp_e4m3_dynamic_sm90_swizzle64_128,MUCHK,0.04
gemm_sp,gemm_sp_e4m3_dynamic_sm90_swizzle64_128,ASSERT-SITE,0.11
gemm_sp,gemm_sp_e4m3_dynamic_sm90_swizzle64_128,CODEGEN,10.20
gemm_sp,gemm_sp_e4m3_dynamic_sm90_swizzle64_128,Total,14.59
gemm_sp,gemm_sp_e4m3_dynamic_sm90_swizzle64_128_prepack,SEMA,0.34
gemm_sp,gemm_sp_e4m3_dynamic_sm90_swizzle64_128_prepack,NORM,0.27
gemm_sp,gemm_sp_e4m3_dynamic_sm90_swizzle64_128_prepack,VALNO,2.24
gemm_sp,gemm_sp_e4m3_dynamic_sm90_swizzle64_128_prepack,INFER,0.24
gemm_sp,gemm_sp_e4m3_dynamic_sm90_swizzle64_128_prepack,LATENORM,0.12
gemm_sp,gemm_sp_e4m3_dynamic_sm90_swizzle64_128_prepack,MEMORYREUSE,1.00
gemm_sp,gemm_sp_e4m3_dynamic_sm90_swizzle64_128_prepack,ACTIVE-THREADS,0.04
gemm_sp,gemm_sp_e4m3_dynamic_sm90_swizzle64_128_prepack,CHECK,0.51
gemm_sp,gemm_sp_e4m3_dynamic_sm90_swizzle64_128_prepack,CODEGEN,0.13
gemm_sp,gemm_sp_e4m3_dynamic_sm90_swizzle64_128_prepack,GPU,0.37
gemm_sp,gemm_sp_e4m3_dynamic_sm90_swizzle64_128_prepack,MUCHK,0.05
gemm_sp,gemm_sp_e4m3_dynamic_sm90_swizzle64_128_prepack,ASSERT-SITE,0.13
gemm_sp,gemm_sp_e4m3_dynamic_sm90_swizzle64_128_prepack,CODEGEN,7.30
gemm_sp,gemm_sp_e4m3_dynamic_sm90_swizzle64_128_prepack,Total,12.75
gemm_sp,gemm_sp_e4m3_dynamic_sm90_swizzle64_128_prepack_v2,SEMA,0.37
gemm_sp,gemm_sp_e4m3_dynamic_sm90_swizzle64_128_prepack_v2,NORM,0.30
gemm_sp,gemm_sp_e4m3_dynamic_sm90_swizzle64_128_prepack_v2,VALNO,2.54
gemm_sp,gemm_sp_e4m3_dynamic_sm90_swizzle64_128_prepack_v2,INFER,0.30
gemm_sp,gemm_sp_e4m3_dynamic_sm90_swizzle64_128_prepack_v2,LATENORM,0.16
gemm_sp,gemm_sp_e4m3_dynamic_sm90_swizzle64_128_prepack_v2,MEMORYREUSE,1.26
gemm_sp,gemm_sp_e4m3_dynamic_sm90_swizzle64_128_prepack_v2,ACTIVE-THREADS,0.07
gemm_sp,gemm_sp_e4m3_dynamic_sm90_swizzle64_128_prepack_v2,CHECK,0.67
gemm_sp,gemm_sp_e4m3_dynamic_sm90_swizzle64_128_prepack_v2,CODEGEN,0.17
gemm_sp,gemm_sp_e4m3_dynamic_sm90_swizzle64_128_prepack_v2,GPU,0.48
gemm_sp,gemm_sp_e4m3_dynamic_sm90_swizzle64_128_prepack_v2,MUCHK,0.07
gemm_sp,gemm_sp_e4m3_dynamic_sm90_swizzle64_128_prepack_v2,ASSERT-SITE,0.16
gemm_sp,gemm_sp_e4m3_dynamic_sm90_swizzle64_128_prepack_v2,CODEGEN,9.88
gemm_sp,gemm_sp_e4m3_dynamic_sm90_swizzle64_128_prepack_v2,Total,16.42
gemm_sp,gemm_sp_e4m3_swizzlex128x128,SEMA,0.50
gemm_sp,gemm_sp_e4m3_swizzlex128x128,NORM,0.47
gemm_sp,gemm_sp_e4m3_swizzlex128x128,VALNO,3.74
gemm_sp,gemm_sp_e4m3_swizzlex128x128,INFER,0.42
gemm_sp,gemm_sp_e4m3_swizzlex128x128,LATENORM,0.24
gemm_sp,gemm_sp_e4m3_swizzlex128x128,MEMORYREUSE,2.10
gemm_sp,gemm_sp_e4m3_swizzlex128x128,ACTIVE-THREADS,0.08
gemm_sp,gemm_sp_e4m3_swizzlex128x128,CHECK,0.74
gemm_sp,gemm_sp_e4m3_swizzlex128x128,CODEGEN,0.30
gemm_sp,gemm_sp_e4m3_swizzlex128x128,GPU,0.69
gemm_sp,gemm_sp_e4m3_swizzlex128x128,MUCHK,0.10
gemm_sp,gemm_sp_e4m3_swizzlex128x128,ASSERT-SITE,0.22
gemm_sp,gemm_sp_e4m3_swizzlex128x128,CODEGEN,14.93
gemm_sp,gemm_sp_e4m3_swizzlex128x128,Total,24.54
gemm_sp,gemm_sp_e4m3_swizzlex64x128,SEMA,0.31
gemm_sp,gemm_sp_e4m3_swizzlex64x128,NORM,0.27
gemm_sp,gemm_sp_e4m3_swizzlex64x128,VALNO,1.76
gemm_sp,gemm_sp_e4m3_swizzlex64x128,INFER,0.23
gemm_sp,gemm_sp_e4m3_swizzlex64x128,LATENORM,0.14
gemm_sp,gemm_sp_e4m3_swizzlex64x128,MEMORYREUSE,1.25
gemm_sp,gemm_sp_e4m3_swizzlex64x128,ACTIVE-THREADS,0.05
gemm_sp,gemm_sp_e4m3_swizzlex64x128,CHECK,0.39
gemm_sp,gemm_sp_e4m3_swizzlex64x128,CODEGEN,0.15
gemm_sp,gemm_sp_e4m3_swizzlex64x128,GPU,0.46
gemm_sp,gemm_sp_e4m3_swizzlex64x128,MUCHK,0.06
gemm_sp,gemm_sp_e4m3_swizzlex64x128,ASSERT-SITE,0.12
gemm_sp,gemm_sp_e4m3_swizzlex64x128,CODEGEN,7.60
gemm_sp,gemm_sp_e4m3_swizzlex64x128,Total,12.80
gemm_sp,gemm_sp_e4m3_warpspec_1p2c,SEMA,0.45
gemm_sp,gemm_sp_e4m3_warpspec_1p2c,NORM,0.28
gemm_sp,gemm_sp_e4m3_warpspec_1p2c,VALNO,2.62
gemm_sp,gemm_sp_e4m3_warpspec_1p2c,INFER,0.31
gemm_sp,gemm_sp_e4m3_warpspec_1p2c,LATENORM,0.14
gemm_sp,gemm_sp_e4m3_warpspec_1p2c,MEMORYREUSE,1.56
gemm_sp,gemm_sp_e4m3_warpspec_1p2c,ACTIVE-THREADS,0.09
gemm_sp,gemm_sp_e4m3_warpspec_1p2c,CHECK,0.63
gemm_sp,gemm_sp_e4m3_warpspec_1p2c,CODEGEN,0.17
gemm_sp,gemm_sp_e4m3_warpspec_1p2c,GPU,0.38
gemm_sp,gemm_sp_e4m3_warpspec_1p2c,MUCHK,0.06
gemm_sp,gemm_sp_e4m3_warpspec_1p2c,ASSERT-SITE,0.16
gemm_sp,gemm_sp_e4m3_warpspec_1p2c,CODEGEN,8.60
gemm_sp,gemm_sp_e4m3_warpspec_1p2c,Total,15.47
gemm_sp,gemm_sp_f16,SEMA,0.39
gemm_sp,gemm_sp_f16,NORM,0.32
gemm_sp,gemm_sp_f16,VALNO,2.08
gemm_sp,gemm_sp_f16,INFER,0.27
gemm_sp,gemm_sp_f16,LATENORM,0.17
gemm_sp,gemm_sp_f16,MEMORYREUSE,1.45
gemm_sp,gemm_sp_f16,ACTIVE-THREADS,0.05
gemm_sp,gemm_sp_f16,CHECK,0.43
gemm_sp,gemm_sp_f16,CODEGEN,0.18
gemm_sp,gemm_sp_f16,GPU,0.58
gemm_sp,gemm_sp_f16,MUCHK,0.07
gemm_sp,gemm_sp_f16,ASSERT-SITE,0.13
gemm_sp,gemm_sp_f16,CODEGEN,8.53
gemm_sp,gemm_sp_f16,Total,14.66
gemm_sp,gemm_sp_f16_dyn_sm90_warpspec_1p1c_swizzle128_128,SEMA,0.30
gemm_sp,gemm_sp_f16_dyn_sm90_warpspec_1p1c_swizzle128_128,NORM,0.27
gemm_sp,gemm_sp_f16_dyn_sm90_warpspec_1p1c_swizzle128_128,VALNO,1.83
gemm_sp,gemm_sp_f16_dyn_sm90_warpspec_1p1c_swizzle128_128,INFER,0.21
gemm_sp,gemm_sp_f16_dyn_sm90_warpspec_1p1c_swizzle128_128,LATENORM,0.09
gemm_sp,gemm_sp_f16_dyn_sm90_warpspec_1p1c_swizzle128_128,MEMORYREUSE,1.04
gemm_sp,gemm_sp_f16_dyn_sm90_warpspec_1p1c_swizzle128_128,ACTIVE-THREADS,0.07
gemm_sp,gemm_sp_f16_dyn_sm90_warpspec_1p1c_swizzle128_128,CHECK,0.44
gemm_sp,gemm_sp_f16_dyn_sm90_warpspec_1p1c_swizzle128_128,CODEGEN,0.12
gemm_sp,gemm_sp_f16_dyn_sm90_warpspec_1p1c_swizzle128_128,GPU,0.29
gemm_sp,gemm_sp_f16_dyn_sm90_warpspec_1p1c_swizzle128_128,MUCHK,0.04
gemm_sp,gemm_sp_f16_dyn_sm90_warpspec_1p1c_swizzle128_128,ASSERT-SITE,0.10
gemm_sp,gemm_sp_f16_dyn_sm90_warpspec_1p1c_swizzle128_128,CODEGEN,5.72
gemm_sp,gemm_sp_f16_dyn_sm90_warpspec_1p1c_swizzle128_128,Total,10.54
gemm_sp,gemm_sp_f16_dyn_sm90_warpspec_1p1c_swizzle128_128_prepack,SEMA,0.70
gemm_sp,gemm_sp_f16_dyn_sm90_warpspec_1p1c_swizzle128_128_prepack,NORM,0.63
gemm_sp,gemm_sp_f16_dyn_sm90_warpspec_1p1c_swizzle128_128_prepack,VALNO,4.27
gemm_sp,gemm_sp_f16_dyn_sm90_warpspec_1p1c_swizzle128_128_prepack,INFER,0.48
gemm_sp,gemm_sp_f16_dyn_sm90_warpspec_1p1c_swizzle128_128_prepack,LATENORM,0.21
gemm_sp,gemm_sp_f16_dyn_sm90_warpspec_1p1c_swizzle128_128_prepack,MEMORYREUSE,2.37
gemm_sp,gemm_sp_f16_dyn_sm90_warpspec_1p1c_swizzle128_128_prepack,ACTIVE-THREADS,0.16
gemm_sp,gemm_sp_f16_dyn_sm90_warpspec_1p1c_swizzle128_128_prepack,CHECK,1.00
gemm_sp,gemm_sp_f16_dyn_sm90_warpspec_1p1c_swizzle128_128_prepack,CODEGEN,0.28
gemm_sp,gemm_sp_f16_dyn_sm90_warpspec_1p1c_swizzle128_128_prepack,GPU,0.64
gemm_sp,gemm_sp_f16_dyn_sm90_warpspec_1p1c_swizzle128_128_prepack,MUCHK,0.09
gemm_sp,gemm_sp_f16_dyn_sm90_warpspec_1p1c_swizzle128_128_prepack,ASSERT-SITE,0.23
gemm_sp,gemm_sp_f16_dyn_sm90_warpspec_1p1c_swizzle128_128_prepack,CODEGEN,9.28
gemm_sp,gemm_sp_f16_dyn_sm90_warpspec_1p1c_swizzle128_128_prepack,Total,20.35
gemm_sp,gemm_sp_f16_dyn_sm90_warpspec_1p1c_swizzle128_128_prepack_trial,SEMA,0.45
gemm_sp,gemm_sp_f16_dyn_sm90_warpspec_1p1c_swizzle128_128_prepack_trial,NORM,0.39
gemm_sp,gemm_sp_f16_dyn_sm90_warpspec_1p1c_swizzle128_128_prepack_trial,VALNO,2.44
gemm_sp,gemm_sp_f16_dyn_sm90_warpspec_1p1c_swizzle128_128_prepack_trial,INFER,0.21
gemm_sp,gemm_sp_f16_dyn_sm90_warpspec_1p1c_swizzle128_128_prepack_trial,LATENORM,0.09
gemm_sp,gemm_sp_f16_dyn_sm90_warpspec_1p1c_swizzle128_128_prepack_trial,MEMORYREUSE,0.99
gemm_sp,gemm_sp_f16_dyn_sm90_warpspec_1p1c_swizzle128_128_prepack_trial,ACTIVE-THREADS,0.07
gemm_sp,gemm_sp_f16_dyn_sm90_warpspec_1p1c_swizzle128_128_prepack_trial,CHECK,0.41
gemm_sp,gemm_sp_f16_dyn_sm90_warpspec_1p1c_swizzle128_128_prepack_trial,CODEGEN,0.11
gemm_sp,gemm_sp_f16_dyn_sm90_warpspec_1p1c_swizzle128_128_prepack_trial,GPU,0.26
gemm_sp,gemm_sp_f16_dyn_sm90_warpspec_1p1c_swizzle128_128_prepack_trial,MUCHK,0.04
gemm_sp,gemm_sp_f16_dyn_sm90_warpspec_1p1c_swizzle128_128_prepack_trial,ASSERT-SITE,0.10
gemm_sp,gemm_sp_f16_dyn_sm90_warpspec_1p1c_swizzle128_128_prepack_trial,CODEGEN,5.24
gemm_sp,gemm_sp_f16_dyn_sm90_warpspec_1p1c_swizzle128_128_prepack_trial,Total,10.82
gemm_sp,gemm_sp_f16_dyn_sm90_warpspec_1p1c_swizzle128_128_prepack_v2,SEMA,0.48
gemm_sp,gemm_sp_f16_dyn_sm90_warpspec_1p1c_swizzle128_128_prepack_v2,NORM,0.44
gemm_sp,gemm_sp_f16_dyn_sm90_warpspec_1p1c_swizzle128_128_prepack_v2,VALNO,2.88
gemm_sp,gemm_sp_f16_dyn_sm90_warpspec_1p1c_swizzle128_128_prepack_v2,INFER,0.32
gemm_sp,gemm_sp_f16_dyn_sm90_warpspec_1p1c_swizzle128_128_prepack_v2,LATENORM,0.14
gemm_sp,gemm_sp_f16_dyn_sm90_warpspec_1p1c_swizzle128_128_prepack_v2,MEMORYREUSE,1.59
gemm_sp,gemm_sp_f16_dyn_sm90_warpspec_1p1c_swizzle128_128_prepack_v2,ACTIVE-THREADS,0.12
gemm_sp,gemm_sp_f16_dyn_sm90_warpspec_1p1c_swizzle128_128_prepack_v2,CHECK,0.68
gemm_sp,gemm_sp_f16_dyn_sm90_warpspec_1p1c_swizzle128_128_prepack_v2,CODEGEN,0.19
gemm_sp,gemm_sp_f16_dyn_sm90_warpspec_1p1c_swizzle128_128_prepack_v2,GPU,0.43
gemm_sp,gemm_sp_f16_dyn_sm90_warpspec_1p1c_swizzle128_128_prepack_v2,MUCHK,0.06
gemm_sp,gemm_sp_f16_dyn_sm90_warpspec_1p1c_swizzle128_128_prepack_v2,ASSERT-SITE,0.15
gemm_sp,gemm_sp_f16_dyn_sm90_warpspec_1p1c_swizzle128_128_prepack_v2,CODEGEN,8.84
gemm_sp,gemm_sp_f16_dyn_sm90_warpspec_1p1c_swizzle128_128_prepack_v2,Total,16.33
gemm_sp,gemm_sp_f16_dyn_sm90_warpspec_1p1c_swizzle128_128_prepack_v2_trial,SEMA,0.44
gemm_sp,gemm_sp_f16_dyn_sm90_warpspec_1p1c_swizzle128_128_prepack_v2_trial,NORM,0.39
gemm_sp,gemm_sp_f16_dyn_sm90_warpspec_1p1c_swizzle128_128_prepack_v2_trial,VALNO,2.45
gemm_sp,gemm_sp_f16_dyn_sm90_warpspec_1p1c_swizzle128_128_prepack_v2_trial,INFER,0.31
gemm_sp,gemm_sp_f16_dyn_sm90_warpspec_1p1c_swizzle128_128_prepack_v2_trial,LATENORM,0.14
gemm_sp,gemm_sp_f16_dyn_sm90_warpspec_1p1c_swizzle128_128_prepack_v2_trial,MEMORYREUSE,1.48
gemm_sp,gemm_sp_f16_dyn_sm90_warpspec_1p1c_swizzle128_128_prepack_v2_trial,ACTIVE-THREADS,0.11
gemm_sp,gemm_sp_f16_dyn_sm90_warpspec_1p1c_swizzle128_128_prepack_v2_trial,CHECK,0.61
gemm_sp,gemm_sp_f16_dyn_sm90_warpspec_1p1c_swizzle128_128_prepack_v2_trial,CODEGEN,0.17
gemm_sp,gemm_sp_f16_dyn_sm90_warpspec_1p1c_swizzle128_128_prepack_v2_trial,GPU,0.38
gemm_sp,gemm_sp_f16_dyn_sm90_warpspec_1p1c_swizzle128_128_prepack_v2_trial,MUCHK,0.06
gemm_sp,gemm_sp_f16_dyn_sm90_warpspec_1p1c_swizzle128_128_prepack_v2_trial,ASSERT-SITE,0.14
gemm_sp,gemm_sp_f16_dyn_sm90_warpspec_1p1c_swizzle128_128_prepack_v2_trial,CODEGEN,7.96
gemm_sp,gemm_sp_f16_dyn_sm90_warpspec_1p1c_swizzle128_128_prepack_v2_trial,Total,14.63
gemm_sp,gemm_sp_f16_dyn_sm90_warpspec_1p1c_swizzle64_128,SEMA,0.28
gemm_sp,gemm_sp_f16_dyn_sm90_warpspec_1p1c_swizzle64_128,NORM,0.26
gemm_sp,gemm_sp_f16_dyn_sm90_warpspec_1p1c_swizzle64_128,VALNO,1.56
gemm_sp,gemm_sp_f16_dyn_sm90_warpspec_1p1c_swizzle64_128,INFER,0.19
gemm_sp,gemm_sp_f16_dyn_sm90_warpspec_1p1c_swizzle64_128,LATENORM,0.09
gemm_sp,gemm_sp_f16_dyn_sm90_warpspec_1p1c_swizzle64_128,MEMORYREUSE,0.96
gemm_sp,gemm_sp_f16_dyn_sm90_warpspec_1p1c_swizzle64_128,ACTIVE-THREADS,0.07
gemm_sp,gemm_sp_f16_dyn_sm90_warpspec_1p1c_swizzle64_128,CHECK,0.41
gemm_sp,gemm_sp_f16_dyn_sm90_warpspec_1p1c_swizzle64_128,CODEGEN,0.11
gemm_sp,gemm_sp_f16_dyn_sm90_warpspec_1p1c_swizzle64_128,GPU,0.25
gemm_sp,gemm_sp_f16_dyn_sm90_warpspec_1p1c_swizzle64_128,MUCHK,0.04
gemm_sp,gemm_sp_f16_dyn_sm90_warpspec_1p1c_swizzle64_128,ASSERT-SITE,0.10
gemm_sp,gemm_sp_f16_dyn_sm90_warpspec_1p1c_swizzle64_128,CODEGEN,5.23
gemm_sp,gemm_sp_f16_dyn_sm90_warpspec_1p1c_swizzle64_128,Total,9.55
gemm_sp,gemm_sp_f16_dyn_sm90_warpspec_1p1c_swizzle64_128_prepack,SEMA,0.46
gemm_sp,gemm_sp_f16_dyn_sm90_warpspec_1p1c_swizzle64_128_prepack,NORM,0.43
gemm_sp,gemm_sp_f16_dyn_sm90_warpspec_1p1c_swizzle64_128_prepack,VALNO,2.49
gemm_sp,gemm_sp_f16_dyn_sm90_warpspec_1p1c_swizzle64_128_prepack,INFER,0.31
gemm_sp,gemm_sp_f16_dyn_sm90_warpspec_1p1c_swizzle64_128_prepack,LATENORM,0.14
gemm_sp,gemm_sp_f16_dyn_sm90_warpspec_1p1c_swizzle64_128_prepack,MEMORYREUSE,1.45
gemm_sp,gemm_sp_f16_dyn_sm90_warpspec_1p1c_swizzle64_128_prepack,ACTIVE-THREADS,0.11
gemm_sp,gemm_sp_f16_dyn_sm90_warpspec_1p1c_swizzle64_128_prepack,CHECK,0.63
gemm_sp,gemm_sp_f16_dyn_sm90_warpspec_1p1c_swizzle64_128_prepack,CODEGEN,0.17
gemm_sp,gemm_sp_f16_dyn_sm90_warpspec_1p1c_swizzle64_128_prepack,GPU,0.39
gemm_sp,gemm_sp_f16_dyn_sm90_warpspec_1p1c_swizzle64_128_prepack,MUCHK,0.07
gemm_sp,gemm_sp_f16_dyn_sm90_warpspec_1p1c_swizzle64_128_prepack,ASSERT-SITE,0.15
gemm_sp,gemm_sp_f16_dyn_sm90_warpspec_1p1c_swizzle64_128_prepack,CODEGEN,8.05
gemm_sp,gemm_sp_f16_dyn_sm90_warpspec_1p1c_swizzle64_128_prepack,Total,14.84
gemm_sp,gemm_sp_f16_dyn_sm90_warpspec_1p1c_swizzle64_128_prepack_v2,SEMA,0.29
gemm_sp,gemm_sp_f16_dyn_sm90_warpspec_1p1c_swizzle64_128_prepack_v2,NORM,0.28
gemm_sp,gemm_sp_f16_dyn_sm90_warpspec_1p1c_swizzle64_128_prepack_v2,VALNO,1.63
gemm_sp,gemm_sp_f16_dyn_sm90_warpspec_1p1c_swizzle64_128_prepack_v2,INFER,0.20
gemm_sp,gemm_sp_f16_dyn_sm90_warpspec_1p1c_swizzle64_128_prepack_v2,LATENORM,0.10
gemm_sp,gemm_sp_f16_dyn_sm90_warpspec_1p1c_swizzle64_128_prepack_v2,MEMORYREUSE,0.98
gemm_sp,gemm_sp_f16_dyn_sm90_warpspec_1p1c_swizzle64_128_prepack_v2,ACTIVE-THREADS,0.07
gemm_sp,gemm_sp_f16_dyn_sm90_warpspec_1p1c_swizzle64_128_prepack_v2,CHECK,0.40
gemm_sp,gemm_sp_f16_dyn_sm90_warpspec_1p1c_swizzle64_128_prepack_v2,CODEGEN,0.11
gemm_sp,gemm_sp_f16_dyn_sm90_warpspec_1p1c_swizzle64_128_prepack_v2,GPU,0.26
gemm_sp,gemm_sp_f16_dyn_sm90_warpspec_1p1c_swizzle64_128_prepack_v2,MUCHK,0.04
gemm_sp,gemm_sp_f16_dyn_sm90_warpspec_1p1c_swizzle64_128_prepack_v2,ASSERT-SITE,0.10
gemm_sp,gemm_sp_f16_dyn_sm90_warpspec_1p1c_swizzle64_128_prepack_v2,CODEGEN,5.18
gemm_sp,gemm_sp_f16_dyn_sm90_warpspec_1p1c_swizzle64_128_prepack_v2,Total,9.67
gemm_sp,gemm_sp_f16_dyn_sm90_warpspec_1p2c_swizzle128_128,SEMA,0.75
gemm_sp,gemm_sp_f16_dyn_sm90_warpspec_1p2c_swizzle128_128,NORM,0.64
gemm_sp,gemm_sp_f16_dyn_sm90_warpspec_1p2c_swizzle128_128,VALNO,4.74
gemm_sp,gemm_sp_f16_dyn_sm90_warpspec_1p2c_swizzle128_128,INFER,0.50
gemm_sp,gemm_sp_f16_dyn_sm90_warpspec_1p2c_swizzle128_128,LATENORM,0.15
gemm_sp,gemm_sp_f16_dyn_sm90_warpspec_1p2c_swizzle128_128,MEMORYREUSE,1.74
gemm_sp,gemm_sp_f16_dyn_sm90_warpspec_1p2c_swizzle128_128,ACTIVE-THREADS,0.14
gemm_sp,gemm_sp_f16_dyn_sm90_warpspec_1p2c_swizzle128_128,CHECK,0.79
gemm_sp,gemm_sp_f16_dyn_sm90_warpspec_1p2c_swizzle128_128,CODEGEN,0.20
gemm_sp,gemm_sp_f16_dyn_sm90_warpspec_1p2c_swizzle128_128,GPU,0.43
gemm_sp,gemm_sp_f16_dyn_sm90_warpspec_1p2c_swizzle128_128,MUCHK,0.08
gemm_sp,gemm_sp_f16_dyn_sm90_warpspec_1p2c_swizzle128_128,ASSERT-SITE,0.17
gemm_sp,gemm_sp_f16_dyn_sm90_warpspec_1p2c_swizzle128_128,CODEGEN,6.69
gemm_sp,gemm_sp_f16_dyn_sm90_warpspec_1p2c_swizzle128_128,Total,16.99
gemm_sp,gemm_sp_f16_dyn_sm90_warpspec_1p2c_swizzle128_128_prepack,SEMA,0.34
gemm_sp,gemm_sp_f16_dyn_sm90_warpspec_1p2c_swizzle128_128_prepack,NORM,0.29
gemm_sp,gemm_sp_f16_dyn_sm90_warpspec_1p2c_swizzle128_128_prepack,VALNO,2.01
gemm_sp,gemm_sp_f16_dyn_sm90_warpspec_1p2c_swizzle128_128_prepack,INFER,0.21
gemm_sp,gemm_sp_f16_dyn_sm90_warpspec_1p2c_swizzle128_128_prepack,LATENORM,0.10
gemm_sp,gemm_sp_f16_dyn_sm90_warpspec_1p2c_swizzle128_128_prepack,MEMORYREUSE,1.15
gemm_sp,gemm_sp_f16_dyn_sm90_warpspec_1p2c_swizzle128_128_prepack,ACTIVE-THREADS,0.10
gemm_sp,gemm_sp_f16_dyn_sm90_warpspec_1p2c_swizzle128_128_prepack,CHECK,0.49
gemm_sp,gemm_sp_f16_dyn_sm90_warpspec_1p2c_swizzle128_128_prepack,CODEGEN,0.13
gemm_sp,gemm_sp_f16_dyn_sm90_warpspec_1p2c_swizzle128_128_prepack,GPU,0.28
gemm_sp,gemm_sp_f16_dyn_sm90_warpspec_1p2c_swizzle128_128_prepack,MUCHK,0.04
gemm_sp,gemm_sp_f16_dyn_sm90_warpspec_1p2c_swizzle128_128_prepack,ASSERT-SITE,0.11
gemm_sp,gemm_sp_f16_dyn_sm90_warpspec_1p2c_swizzle128_128_prepack,CODEGEN,6.82
gemm_sp,gemm_sp_f16_dyn_sm90_warpspec_1p2c_swizzle128_128_prepack,Total,12.07
gemm_sp,gemm_sp_f16_dyn_sm90_warpspec_1p2c_swizzle128_128_prepack_aitune_2026-03-21_trial000128,SEMA,0.52
gemm_sp,gemm_sp_f16_dyn_sm90_warpspec_1p2c_swizzle128_128_prepack_aitune_2026-03-21_trial000128,NORM,0.47
gemm_sp,gemm_sp_f16_dyn_sm90_warpspec_1p2c_swizzle128_128_prepack_aitune_2026-03-21_trial000128,VALNO,3.15
gemm_sp,gemm_sp_f16_dyn_sm90_warpspec_1p2c_swizzle128_128_prepack_aitune_2026-03-21_trial000128,INFER,0.34
gemm_sp,gemm_sp_f16_dyn_sm90_warpspec_1p2c_swizzle128_128_prepack_aitune_2026-03-21_trial000128,LATENORM,0.15
gemm_sp,gemm_sp_f16_dyn_sm90_warpspec_1p2c_swizzle128_128_prepack_aitune_2026-03-21_trial000128,MEMORYREUSE,1.80
gemm_sp,gemm_sp_f16_dyn_sm90_warpspec_1p2c_swizzle128_128_prepack_aitune_2026-03-21_trial000128,ACTIVE-THREADS,0.14
gemm_sp,gemm_sp_f16_dyn_sm90_warpspec_1p2c_swizzle128_128_prepack_aitune_2026-03-21_trial000128,CHECK,0.80
gemm_sp,gemm_sp_f16_dyn_sm90_warpspec_1p2c_swizzle128_128_prepack_aitune_2026-03-21_trial000128,CODEGEN,0.20
gemm_sp,gemm_sp_f16_dyn_sm90_warpspec_1p2c_swizzle128_128_prepack_aitune_2026-03-21_trial000128,GPU,0.43
gemm_sp,gemm_sp_f16_dyn_sm90_warpspec_1p2c_swizzle128_128_prepack_aitune_2026-03-21_trial000128,MUCHK,0.07
gemm_sp,gemm_sp_f16_dyn_sm90_warpspec_1p2c_swizzle128_128_prepack_aitune_2026-03-21_trial000128,ASSERT-SITE,0.16
gemm_sp,gemm_sp_f16_dyn_sm90_warpspec_1p2c_swizzle128_128_prepack_aitune_2026-03-21_trial000128,CODEGEN,10.25
gemm_sp,gemm_sp_f16_dyn_sm90_warpspec_1p2c_swizzle128_128_prepack_aitune_2026-03-21_trial000128,Total,18.46
gemm_sp,gemm_sp_f16_dyn_sm90_warpspec_1p2c_swizzle128_128_prepack_v2,SEMA,0.64
gemm_sp,gemm_sp_f16_dyn_sm90_warpspec_1p2c_swizzle128_128_prepack_v2,NORM,0.56
gemm_sp,gemm_sp_f16_dyn_sm90_warpspec_1p2c_swizzle128_128_prepack_v2,VALNO,4.06
gemm_sp,gemm_sp_f16_dyn_sm90_warpspec_1p2c_swizzle128_128_prepack_v2,INFER,0.42
gemm_sp,gemm_sp_f16_dyn_sm90_warpspec_1p2c_swizzle128_128_prepack_v2,LATENORM,0.19
gemm_sp,gemm_sp_f16_dyn_sm90_warpspec_1p2c_swizzle128_128_prepack_v2,MEMORYREUSE,2.27
gemm_sp,gemm_sp_f16_dyn_sm90_warpspec_1p2c_swizzle128_128_prepack_v2,ACTIVE-THREADS,0.18
gemm_sp,gemm_sp_f16_dyn_sm90_warpspec_1p2c_swizzle128_128_prepack_v2,CHECK,0.96
gemm_sp,gemm_sp_f16_dyn_sm90_warpspec_1p2c_swizzle128_128_prepack_v2,CODEGEN,0.26
gemm_sp,gemm_sp_f16_dyn_sm90_warpspec_1p2c_swizzle128_128_prepack_v2,GPU,0.56
gemm_sp,gemm_sp_f16_dyn_sm90_warpspec_1p2c_swizzle128_128_prepack_v2,MUCHK,0.08
gemm_sp,gemm_sp_f16_dyn_sm90_warpspec_1p2c_swizzle128_128_prepack_v2,ASSERT-SITE,0.22
gemm_sp,gemm_sp_f16_dyn_sm90_warpspec_1p2c_swizzle128_128_prepack_v2,CODEGEN,9.10
gemm_sp,gemm_sp_f16_dyn_sm90_warpspec_1p2c_swizzle128_128_prepack_v2,Total,19.50
gemm_sp,gemm_sp_f16_dyn_sm90_warpspec_1p2c_swizzle64_128,SEMA,0.30
gemm_sp,gemm_sp_f16_dyn_sm90_warpspec_1p2c_swizzle64_128,NORM,0.28
gemm_sp,gemm_sp_f16_dyn_sm90_warpspec_1p2c_swizzle64_128,VALNO,1.83
gemm_sp,gemm_sp_f16_dyn_sm90_warpspec_1p2c_swizzle64_128,INFER,0.21
gemm_sp,gemm_sp_f16_dyn_sm90_warpspec_1p2c_swizzle64_128,LATENORM,0.09
gemm_sp,gemm_sp_f16_dyn_sm90_warpspec_1p2c_swizzle64_128,MEMORYREUSE,1.06
gemm_sp,gemm_sp_f16_dyn_sm90_warpspec_1p2c_swizzle64_128,ACTIVE-THREADS,0.09
gemm_sp,gemm_sp_f16_dyn_sm90_warpspec_1p2c_swizzle64_128,CHECK,0.48
gemm_sp,gemm_sp_f16_dyn_sm90_warpspec_1p2c_swizzle64_128,CODEGEN,0.11
gemm_sp,gemm_sp_f16_dyn_sm90_warpspec_1p2c_swizzle64_128,GPU,0.26
gemm_sp,gemm_sp_f16_dyn_sm90_warpspec_1p2c_swizzle64_128,MUCHK,0.04
gemm_sp,gemm_sp_f16_dyn_sm90_warpspec_1p2c_swizzle64_128,ASSERT-SITE,0.10
gemm_sp,gemm_sp_f16_dyn_sm90_warpspec_1p2c_swizzle64_128,CODEGEN,6.32
gemm_sp,gemm_sp_f16_dyn_sm90_warpspec_1p2c_swizzle64_128,Total,11.19
gemm_sp,gemm_sp_f16_dyn_sm90_warpspec_1p2c_swizzle64_128_prepack,SEMA,0.68
gemm_sp,gemm_sp_f16_dyn_sm90_warpspec_1p2c_swizzle64_128_prepack,NORM,0.60
gemm_sp,gemm_sp_f16_dyn_sm90_warpspec_1p2c_swizzle64_128_prepack,VALNO,3.08
gemm_sp,gemm_sp_f16_dyn_sm90_warpspec_1p2c_swizzle64_128_prepack,INFER,0.31
gemm_sp,gemm_sp_f16_dyn_sm90_warpspec_1p2c_swizzle64_128_prepack,LATENORM,0.14
gemm_sp,gemm_sp_f16_dyn_sm90_warpspec_1p2c_swizzle64_128_prepack,MEMORYREUSE,1.62
gemm_sp,gemm_sp_f16_dyn_sm90_warpspec_1p2c_swizzle64_128_prepack,ACTIVE-THREADS,0.11
gemm_sp,gemm_sp_f16_dyn_sm90_warpspec_1p2c_swizzle64_128_prepack,CHECK,0.44
gemm_sp,gemm_sp_f16_dyn_sm90_warpspec_1p2c_swizzle64_128_prepack,CODEGEN,0.12
gemm_sp,gemm_sp_f16_dyn_sm90_warpspec_1p2c_swizzle64_128_prepack,GPU,0.26
gemm_sp,gemm_sp_f16_dyn_sm90_warpspec_1p2c_swizzle64_128_prepack,MUCHK,0.04
gemm_sp,gemm_sp_f16_dyn_sm90_warpspec_1p2c_swizzle64_128_prepack,ASSERT-SITE,0.11
gemm_sp,gemm_sp_f16_dyn_sm90_warpspec_1p2c_swizzle64_128_prepack,CODEGEN,6.58
gemm_sp,gemm_sp_f16_dyn_sm90_warpspec_1p2c_swizzle64_128_prepack,Total,14.09
gemm_sp,gemm_sp_f16_dyn_sm90_warpspec_1p2c_swizzle64_128_prepack_v2,SEMA,0.31
gemm_sp,gemm_sp_f16_dyn_sm90_warpspec_1p2c_swizzle64_128_prepack_v2,NORM,0.28
gemm_sp,gemm_sp_f16_dyn_sm90_warpspec_1p2c_swizzle64_128_prepack_v2,VALNO,1.79
gemm_sp,gemm_sp_f16_dyn_sm90_warpspec_1p2c_swizzle64_128_prepack_v2,INFER,0.20
gemm_sp,gemm_sp_f16_dyn_sm90_warpspec_1p2c_swizzle64_128_prepack_v2,LATENORM,0.09
gemm_sp,gemm_sp_f16_dyn_sm90_warpspec_1p2c_swizzle64_128_prepack_v2,MEMORYREUSE,1.06
gemm_sp,gemm_sp_f16_dyn_sm90_warpspec_1p2c_swizzle64_128_prepack_v2,ACTIVE-THREADS,0.10
gemm_sp,gemm_sp_f16_dyn_sm90_warpspec_1p2c_swizzle64_128_prepack_v2,CHECK,0.43
gemm_sp,gemm_sp_f16_dyn_sm90_warpspec_1p2c_swizzle64_128_prepack_v2,CODEGEN,0.12
gemm_sp,gemm_sp_f16_dyn_sm90_warpspec_1p2c_swizzle64_128_prepack_v2,GPU,0.25
gemm_sp,gemm_sp_f16_dyn_sm90_warpspec_1p2c_swizzle64_128_prepack_v2,MUCHK,0.04
gemm_sp,gemm_sp_f16_dyn_sm90_warpspec_1p2c_swizzle64_128_prepack_v2,ASSERT-SITE,0.10
gemm_sp,gemm_sp_f16_dyn_sm90_warpspec_1p2c_swizzle64_128_prepack_v2,CODEGEN,6.27
gemm_sp,gemm_sp_f16_dyn_sm90_warpspec_1p2c_swizzle64_128_prepack_v2,Total,11.04
gemm_sp,gemm_sp_f16_dynamic_sm90_swizzle128_128,SEMA,0.22
gemm_sp,gemm_sp_f16_dynamic_sm90_swizzle128_128,NORM,0.17
gemm_sp,gemm_sp_f16_dynamic_sm90_swizzle128_128,VALNO,1.22
gemm_sp,gemm_sp_f16_dynamic_sm90_swizzle128_128,INFER,0.17
gemm_sp,gemm_sp_f16_dynamic_sm90_swizzle128_128,LATENORM,0.09
gemm_sp,gemm_sp_f16_dynamic_sm90_swizzle128_128,MEMORYREUSE,0.75
gemm_sp,gemm_sp_f16_dynamic_sm90_swizzle128_128,ACTIVE-THREADS,0.03
gemm_sp,gemm_sp_f16_dynamic_sm90_swizzle128_128,CHECK,0.30
gemm_sp,gemm_sp_f16_dynamic_sm90_swizzle128_128,CODEGEN,0.09
gemm_sp,gemm_sp_f16_dynamic_sm90_swizzle128_128,GPU,0.26
gemm_sp,gemm_sp_f16_dynamic_sm90_swizzle128_128,MUCHK,0.04
gemm_sp,gemm_sp_f16_dynamic_sm90_swizzle128_128,ASSERT-SITE,0.08
gemm_sp,gemm_sp_f16_dynamic_sm90_swizzle128_128,CODEGEN,4.77
gemm_sp,gemm_sp_f16_dynamic_sm90_swizzle128_128,Total,8.17
gemm_sp,gemm_sp_f16_dynamic_sm90_swizzle64_128,SEMA,0.37
gemm_sp,gemm_sp_f16_dynamic_sm90_swizzle64_128,NORM,0.32
gemm_sp,gemm_sp_f16_dynamic_sm90_swizzle64_128,VALNO,1.98
gemm_sp,gemm_sp_f16_dynamic_sm90_swizzle64_128,INFER,0.26
gemm_sp,gemm_sp_f16_dynamic_sm90_swizzle64_128,LATENORM,0.15
gemm_sp,gemm_sp_f16_dynamic_sm90_swizzle64_128,MEMORYREUSE,1.33
gemm_sp,gemm_sp_f16_dynamic_sm90_swizzle64_128,ACTIVE-THREADS,0.05
gemm_sp,gemm_sp_f16_dynamic_sm90_swizzle64_128,CHECK,0.46
gemm_sp,gemm_sp_f16_dynamic_sm90_swizzle64_128,CODEGEN,0.19
gemm_sp,gemm_sp_f16_dynamic_sm90_swizzle64_128,GPU,0.52
gemm_sp,gemm_sp_f16_dynamic_sm90_swizzle64_128,MUCHK,0.07
gemm_sp,gemm_sp_f16_dynamic_sm90_swizzle64_128,ASSERT-SITE,0.14
gemm_sp,gemm_sp_f16_dynamic_sm90_swizzle64_128,CODEGEN,8.01
gemm_sp,gemm_sp_f16_dynamic_sm90_swizzle64_128,Total,13.85
gemm_sp,gemm_sp_f16_dynamic_sm90_swizzle64_128_prepack,SEMA,0.31
gemm_sp,gemm_sp_f16_dynamic_sm90_swizzle64_128_prepack,NORM,0.29
gemm_sp,gemm_sp_f16_dynamic_sm90_swizzle64_128_prepack,VALNO,1.82
gemm_sp,gemm_sp_f16_dynamic_sm90_swizzle64_128_prepack,INFER,0.24
gemm_sp,gemm_sp_f16_dynamic_sm90_swizzle64_128_prepack,LATENORM,0.17
gemm_sp,gemm_sp_f16_dynamic_sm90_swizzle64_128_prepack,MEMORYREUSE,1.12
gemm_sp,gemm_sp_f16_dynamic_sm90_swizzle64_128_prepack,ACTIVE-THREADS,0.05
gemm_sp,gemm_sp_f16_dynamic_sm90_swizzle64_128_prepack,CHECK,0.41
gemm_sp,gemm_sp_f16_dynamic_sm90_swizzle64_128_prepack,CODEGEN,0.16
gemm_sp,gemm_sp_f16_dynamic_sm90_swizzle64_128_prepack,GPU,0.42
gemm_sp,gemm_sp_f16_dynamic_sm90_swizzle64_128_prepack,MUCHK,0.06
gemm_sp,gemm_sp_f16_dynamic_sm90_swizzle64_128_prepack,ASSERT-SITE,0.12
gemm_sp,gemm_sp_f16_dynamic_sm90_swizzle64_128_prepack,CODEGEN,8.20
gemm_sp,gemm_sp_f16_dynamic_sm90_swizzle64_128_prepack,Total,13.38
gemm_sp,gemm_sp_f16_prepack,SEMA,0.18
gemm_sp,gemm_sp_f16_prepack,NORM,0.14
gemm_sp,gemm_sp_f16_prepack,VALNO,0.97
gemm_sp,gemm_sp_f16_prepack,INFER,0.12
gemm_sp,gemm_sp_f16_prepack,LATENORM,0.08
gemm_sp,gemm_sp_f16_prepack,MEMORYREUSE,0.63
gemm_sp,gemm_sp_f16_prepack,ACTIVE-THREADS,0.02
gemm_sp,gemm_sp_f16_prepack,CHECK,0.20
gemm_sp,gemm_sp_f16_prepack,CODEGEN,0.08
gemm_sp,gemm_sp_f16_prepack,GPU,0.24
gemm_sp,gemm_sp_f16_prepack,MUCHK,0.03
gemm_sp,gemm_sp_f16_prepack,ASSERT-SITE,0.06
gemm_sp,gemm_sp_f16_prepack,CODEGEN,3.85
gemm_sp,gemm_sp_f16_prepack,Total,6.61
gemm_sp,gemm_sp_f16_prepack_swizzlex128x128,SEMA,0.45
gemm_sp,gemm_sp_f16_prepack_swizzlex128x128,NORM,0.41
gemm_sp,gemm_sp_f16_prepack_swizzlex128x128,VALNO,3.13
gemm_sp,gemm_sp_f16_prepack_swizzlex128x128,INFER,0.37
gemm_sp,gemm_sp_f16_prepack_swizzlex128x128,LATENORM,0.21
gemm_sp,gemm_sp_f16_prepack_swizzlex128x128,MEMORYREUSE,1.68
gemm_sp,gemm_sp_f16_prepack_swizzlex128x128,ACTIVE-THREADS,0.07
gemm_sp,gemm_sp_f16_prepack_swizzlex128x128,CHECK,0.64
gemm_sp,gemm_sp_f16_prepack_swizzlex128x128,CODEGEN,0.26
gemm_sp,gemm_sp_f16_prepack_swizzlex128x128,GPU,0.54
gemm_sp,gemm_sp_f16_prepack_swizzlex128x128,MUCHK,0.08
gemm_sp,gemm_sp_f16_prepack_swizzlex128x128,ASSERT-SITE,0.20
gemm_sp,gemm_sp_f16_prepack_swizzlex128x128,CODEGEN,10.59
gemm_sp,gemm_sp_f16_prepack_swizzlex128x128,Total,18.64
gemm_sp,gemm_sp_f16_prepack_v2,SEMA,0.21
gemm_sp,gemm_sp_f16_prepack_v2,NORM,0.16
gemm_sp,gemm_sp_f16_prepack_v2,VALNO,1.01
gemm_sp,gemm_sp_f16_prepack_v2,INFER,0.13
gemm_sp,gemm_sp_f16_prepack_v2,LATENORM,0.09
gemm_sp,gemm_sp_f16_prepack_v2,MEMORYREUSE,0.67
gemm_sp,gemm_sp_f16_prepack_v2,ACTIVE-THREADS,0.03
gemm_sp,gemm_sp_f16_prepack_v2,CHECK,0.21
gemm_sp,gemm_sp_f16_prepack_v2,CODEGEN,0.09
gemm_sp,gemm_sp_f16_prepack_v2,GPU,0.24
gemm_sp,gemm_sp_f16_prepack_v2,MUCHK,0.03
gemm_sp,gemm_sp_f16_prepack_v2,ASSERT-SITE,0.06
gemm_sp,gemm_sp_f16_prepack_v2,CODEGEN,4.46
gemm_sp,gemm_sp_f16_prepack_v2,Total,7.38
gemm_sp,gemm_sp_f16_swizzlex128x128,SEMA,0.51
gemm_sp,gemm_sp_f16_swizzlex128x128,NORM,0.49
gemm_sp,gemm_sp_f16_swizzlex128x128,VALNO,3.74
gemm_sp,gemm_sp_f16_swizzlex128x128,INFER,0.41
gemm_sp,gemm_sp_f16_swizzlex128x128,LATENORM,0.23
gemm_sp,gemm_sp_f16_swizzlex128x128,MEMORYREUSE,2.05
gemm_sp,gemm_sp_f16_swizzlex128x128,ACTIVE-THREADS,0.08
gemm_sp,gemm_sp_f16_swizzlex128x128,CHECK,0.73
gemm_sp,gemm_sp_f16_swizzlex128x128,CODEGEN,0.27
gemm_sp,gemm_sp_f16_swizzlex128x128,GPU,0.45
gemm_sp,gemm_sp_f16_swizzlex128x128,MUCHK,0.07
gemm_sp,gemm_sp_f16_swizzlex128x128,ASSERT-SITE,0.14
gemm_sp,gemm_sp_f16_swizzlex128x128,CODEGEN,7.53
gemm_sp,gemm_sp_f16_swizzlex128x128,Total,16.72
gemm_sp,gemm_sp_f16_warpspec_1p2c,SEMA,0.29
gemm_sp,gemm_sp_f16_warpspec_1p2c,NORM,0.19
gemm_sp,gemm_sp_f16_warpspec_1p2c,VALNO,1.70
gemm_sp,gemm_sp_f16_warpspec_1p2c,INFER,0.20
gemm_sp,gemm_sp_f16_warpspec_1p2c,LATENORM,0.10
gemm_sp,gemm_sp_f16_warpspec_1p2c,MEMORYREUSE,1.04
gemm_sp,gemm_sp_f16_warpspec_1p2c,ACTIVE-THREADS,0.06
gemm_sp,gemm_sp_f16_warpspec_1p2c,CHECK,0.41
gemm_sp,gemm_sp_f16_warpspec_1p2c,CODEGEN,0.12
gemm_sp,gemm_sp_f16_warpspec_1p2c,GPU,0.25
gemm_sp,gemm_sp_f16_warpspec_1p2c,MUCHK,0.04
gemm_sp,gemm_sp_f16_warpspec_1p2c,ASSERT-SITE,0.10
gemm_sp,gemm_sp_f16_warpspec_1p2c,CODEGEN,5.91
gemm_sp,gemm_sp_f16_warpspec_1p2c,Total,10.42
gemm_sp,gemm_sp_f16_warpspec_1p3c,SEMA,0.59
gemm_sp,gemm_sp_f16_warpspec_1p3c,NORM,0.38
gemm_sp,gemm_sp_f16_warpspec_1p3c,VALNO,3.34
gemm_sp,gemm_sp_f16_warpspec_1p3c,INFER,0.40
gemm_sp,gemm_sp_f16_warpspec_1p3c,LATENORM,0.19
gemm_sp,gemm_sp_f16_warpspec_1p3c,MEMORYREUSE,2.08
gemm_sp,gemm_sp_f16_warpspec_1p3c,ACTIVE-THREADS,0.14
gemm_sp,gemm_sp_f16_warpspec_1p3c,CHECK,0.82
gemm_sp,gemm_sp_f16_warpspec_1p3c,CODEGEN,0.25
gemm_sp,gemm_sp_f16_warpspec_1p3c,GPU,0.49
gemm_sp,gemm_sp_f16_warpspec_1p3c,MUCHK,0.08
gemm_sp,gemm_sp_f16_warpspec_1p3c,ASSERT-SITE,0.20
gemm_sp,gemm_sp_f16_warpspec_1p3c,CODEGEN,7.84
gemm_sp,gemm_sp_f16_warpspec_1p3c,Total,16.81
gemv,gemv_fp8_dynamic,SEMA,0.39
gemv,gemv_fp8_dynamic,NORM,0.75
gemv,gemv_fp8_dynamic,VALNO,2.70
gemv,gemv_fp8_dynamic,INFER,0.51
gemv,gemv_fp8_dynamic,LATENORM,0.20
gemv,gemv_fp8_dynamic,MEMORYREUSE,1.44
gemv,gemv_fp8_dynamic,ACTIVE-THREADS,0.06
gemv,gemv_fp8_dynamic,CHECK,4.99
gemv,gemv_fp8_dynamic,CODEGEN,0.18
gemv,gemv_fp8_dynamic,GPU,0.18
gemv,gemv_fp8_dynamic,MUCHK,0.08
gemv,gemv_fp8_dynamic,ASSERT-SITE,0.22
gemv,gemv_fp8_dynamic,CODEGEN,9.59
gemv,gemv_fp8_dynamic,Total,21.31
hgemm_rc,hgemm_v2_mma,SEMA,0.42
hgemm_rc,hgemm_v2_mma,NORM,0.28
hgemm_rc,hgemm_v2_mma,VALNO,2.25
hgemm_rc,hgemm_v2_mma,INFER,0.28
hgemm_rc,hgemm_v2_mma,LATENORM,0.17
hgemm_rc,hgemm_v2_mma,MEMORYREUSE,1.35
hgemm_rc,hgemm_v2_mma,ACTIVE-THREADS,0.05
hgemm_rc,hgemm_v2_mma,CHECK,0.52
hgemm_rc,hgemm_v2_mma,CODEGEN,0.16
hgemm_rc,hgemm_v2_mma,GPU,0.14
hgemm_rc,hgemm_v2_mma,MUCHK,0.08
hgemm_rc,hgemm_v2_mma,ASSERT-SITE,0.13
hgemm_rc,hgemm_v2_mma,CODEGEN,7.73
hgemm_rc,hgemm_v2_mma,Total,13.55
hgemm_rc,hgemm_v3_wgmma,SEMA,0.32
hgemm_rc,hgemm_v3_wgmma,NORM,0.25
hgemm_rc,hgemm_v3_wgmma,VALNO,1.49
hgemm_rc,hgemm_v3_wgmma,INFER,0.21
hgemm_rc,hgemm_v3_wgmma,LATENORM,0.15
hgemm_rc,hgemm_v3_wgmma,MEMORYREUSE,1.11
hgemm_rc,hgemm_v3_wgmma,ACTIVE-THREADS,0.05
hgemm_rc,hgemm_v3_wgmma,CHECK,0.37
hgemm_rc,hgemm_v3_wgmma,CODEGEN,0.16
hgemm_rc,hgemm_v3_wgmma,GPU,0.32
hgemm_rc,hgemm_v3_wgmma,MUCHK,0.07
hgemm_rc,hgemm_v3_wgmma,ASSERT-SITE,0.11
hgemm_rc,hgemm_v3_wgmma,CODEGEN,6.03
hgemm_rc,hgemm_v3_wgmma,Total,10.65
hgemm_rc,hgemm_v4_mma_tma,SEMA,0.21
hgemm_rc,hgemm_v4_mma_tma,NORM,0.21
hgemm_rc,hgemm_v4_mma_tma,VALNO,1.18
hgemm_rc,hgemm_v4_mma_tma,INFER,0.13
hgemm_rc,hgemm_v4_mma_tma,LATENORM,0.08
hgemm_rc,hgemm_v4_mma_tma,MEMORYREUSE,0.71
hgemm_rc,hgemm_v4_mma_tma,ACTIVE-THREADS,0.03
hgemm_rc,hgemm_v4_mma_tma,CHECK,0.29
hgemm_rc,hgemm_v4_mma_tma,CODEGEN,0.09
hgemm_rc,hgemm_v4_mma_tma,GPU,0.12
hgemm_rc,hgemm_v4_mma_tma,MUCHK,0.04
hgemm_rc,hgemm_v4_mma_tma,ASSERT-SITE,0.07
hgemm_rc,hgemm_v4_mma_tma,CODEGEN,4.38
hgemm_rc,hgemm_v4_mma_tma,Total,7.54
hgemm_rc,hgemm_v5_tma_wgmma,SEMA,0.55
hgemm_rc,hgemm_v5_tma_wgmma,NORM,0.42
hgemm_rc,hgemm_v5_tma_wgmma,VALNO,2.92
hgemm_rc,hgemm_v5_tma_wgmma,INFER,0.40
hgemm_rc,hgemm_v5_tma_wgmma,LATENORM,0.26
hgemm_rc,hgemm_v5_tma_wgmma,MEMORYREUSE,2.12
hgemm_rc,hgemm_v5_tma_wgmma,ACTIVE-THREADS,0.07
hgemm_rc,hgemm_v5_tma_wgmma,CHECK,0.70
hgemm_rc,hgemm_v5_tma_wgmma,CODEGEN,0.27
hgemm_rc,hgemm_v5_tma_wgmma,GPU,0.58
hgemm_rc,hgemm_v5_tma_wgmma,MUCHK,0.11
hgemm_rc,hgemm_v5_tma_wgmma,ASSERT-SITE,0.19
hgemm_rc,hgemm_v5_tma_wgmma,CODEGEN,12.77
hgemm_rc,hgemm_v5_tma_wgmma,Total,21.37
hgemm_rr,hgemm_v2_mma,SEMA,0.40
hgemm_rr,hgemm_v2_mma,NORM,0.26
hgemm_rr,hgemm_v2_mma,VALNO,2.14
hgemm_rr,hgemm_v2_mma,INFER,0.26
hgemm_rr,hgemm_v2_mma,LATENORM,0.16
hgemm_rr,hgemm_v2_mma,MEMORYREUSE,1.31
hgemm_rr,hgemm_v2_mma,ACTIVE-THREADS,0.05
hgemm_rr,hgemm_v2_mma,CHECK,0.49
hgemm_rr,hgemm_v2_mma,CODEGEN,0.15
hgemm_rr,hgemm_v2_mma,GPU,0.14
hgemm_rr,hgemm_v2_mma,MUCHK,0.07
hgemm_rr,hgemm_v2_mma,ASSERT-SITE,0.13
hgemm_rr,hgemm_v2_mma,CODEGEN,7.79
hgemm_rr,hgemm_v2_mma,Total,13.34
hgemm_rr,hgemm_v3_wgmma,SEMA,0.36
hgemm_rr,hgemm_v3_wgmma,NORM,0.28
hgemm_rr,hgemm_v3_wgmma,VALNO,1.77
hgemm_rr,hgemm_v3_wgmma,INFER,0.25
hgemm_rr,hgemm_v3_wgmma,LATENORM,0.18
hgemm_rr,hgemm_v3_wgmma,MEMORYREUSE,1.30
hgemm_rr,hgemm_v3_wgmma,ACTIVE-THREADS,0.05
hgemm_rr,hgemm_v3_wgmma,CHECK,0.43
hgemm_rr,hgemm_v3_wgmma,CODEGEN,0.16
hgemm_rr,hgemm_v3_wgmma,GPU,0.38
hgemm_rr,hgemm_v3_wgmma,MUCHK,0.08
hgemm_rr,hgemm_v3_wgmma,ASSERT-SITE,0.13
hgemm_rr,hgemm_v3_wgmma,CODEGEN,7.24
hgemm_rr,hgemm_v3_wgmma,Total,12.63
matmul,matmul_e4m3_dyn_persis_colmajor_sm90,SEMA,0.19
matmul,matmul_e4m3_dyn_persis_colmajor_sm90,NORM,0.15
matmul,matmul_e4m3_dyn_persis_colmajor_sm90,VALNO,5.75
matmul,matmul_e4m3_dyn_persis_colmajor_sm90,INFER,0.81
matmul,matmul_e4m3_dyn_persis_colmajor_sm90,LATENORM,0.08
matmul,matmul_e4m3_dyn_persis_colmajor_sm90,MEMORYREUSE,0.82
matmul,matmul_e4m3_dyn_persis_colmajor_sm90,ACTIVE-THREADS,0.03
matmul,matmul_e4m3_dyn_persis_colmajor_sm90,CHECK,1.42
matmul,matmul_e4m3_dyn_persis_colmajor_sm90,CODEGEN,0.09
matmul,matmul_e4m3_dyn_persis_colmajor_sm90,GPU,0.24
matmul,matmul_e4m3_dyn_persis_colmajor_sm90,MUCHK,0.03
matmul,matmul_e4m3_dyn_persis_colmajor_sm90,ASSERT-SITE,0.17
matmul,matmul_e4m3_dyn_persis_colmajor_sm90,CODEGEN,9.21
matmul,matmul_e4m3_dyn_persis_colmajor_sm90,Total,18.99
matmul,matmul_e4m3_dyn_persis_hilbert_sm90,SEMA,0.20
matmul,matmul_e4m3_dyn_persis_hilbert_sm90,NORM,0.16
matmul,matmul_e4m3_dyn_persis_hilbert_sm90,VALNO,3.17
matmul,matmul_e4m3_dyn_persis_hilbert_sm90,INFER,0.62
matmul,matmul_e4m3_dyn_persis_hilbert_sm90,LATENORM,0.08
matmul,matmul_e4m3_dyn_persis_hilbert_sm90,MEMORYREUSE,0.84
matmul,matmul_e4m3_dyn_persis_hilbert_sm90,ACTIVE-THREADS,0.03
matmul,matmul_e4m3_dyn_persis_hilbert_sm90,CHECK,3.75
matmul,matmul_e4m3_dyn_persis_hilbert_sm90,CODEGEN,0.09
matmul,matmul_e4m3_dyn_persis_hilbert_sm90,GPU,0.25
matmul,matmul_e4m3_dyn_persis_hilbert_sm90,MUCHK,0.04
matmul,matmul_e4m3_dyn_persis_hilbert_sm90,ASSERT-SITE,0.17
matmul,matmul_e4m3_dyn_persis_hilbert_sm90,CODEGEN,6.64
matmul,matmul_e4m3_dyn_persis_hilbert_sm90,Total,16.05
matmul,matmul_e4m3_dyn_persis_sta_sm90,SEMA,0.41
matmul,matmul_e4m3_dyn_persis_sta_sm90,NORM,0.30
matmul,matmul_e4m3_dyn_persis_sta_sm90,VALNO,11.67
matmul,matmul_e4m3_dyn_persis_sta_sm90,INFER,1.66
matmul,matmul_e4m3_dyn_persis_sta_sm90,LATENORM,0.17
matmul,matmul_e4m3_dyn_persis_sta_sm90,MEMORYREUSE,1.64
matmul,matmul_e4m3_dyn_persis_sta_sm90,ACTIVE-THREADS,0.05
matmul,matmul_e4m3_dyn_persis_sta_sm90,CHECK,2.88
matmul,matmul_e4m3_dyn_persis_sta_sm90,CODEGEN,0.19
matmul,matmul_e4m3_dyn_persis_sta_sm90,GPU,0.47
matmul,matmul_e4m3_dyn_persis_sta_sm90,MUCHK,0.07
matmul,matmul_e4m3_dyn_persis_sta_sm90,ASSERT-SITE,0.34
matmul,matmul_e4m3_dyn_persis_sta_sm90,CODEGEN,13.43
matmul,matmul_e4m3_dyn_persis_sta_sm90,Total,33.27
matmul,matmul_e4m3_dyn_persis_swizzle_sm90,SEMA,0.36
matmul,matmul_e4m3_dyn_persis_swizzle_sm90,NORM,0.31
matmul,matmul_e4m3_dyn_persis_swizzle_sm90,VALNO,6.38
matmul,matmul_e4m3_dyn_persis_swizzle_sm90,INFER,0.99
matmul,matmul_e4m3_dyn_persis_swizzle_sm90,LATENORM,0.12
matmul,matmul_e4m3_dyn_persis_swizzle_sm90,MEMORYREUSE,1.24
matmul,matmul_e4m3_dyn_persis_swizzle_sm90,ACTIVE-THREADS,0.04
matmul,matmul_e4m3_dyn_persis_swizzle_sm90,CHECK,4.50
matmul,matmul_e4m3_dyn_persis_swizzle_sm90,CODEGEN,0.10
matmul,matmul_e4m3_dyn_persis_swizzle_sm90,GPU,0.24
matmul,matmul_e4m3_dyn_persis_swizzle_sm90,MUCHK,0.04
matmul,matmul_e4m3_dyn_persis_swizzle_sm90,ASSERT-SITE,0.18
matmul,matmul_e4m3_dyn_persis_swizzle_sm90,CODEGEN,6.57
matmul,matmul_e4m3_dyn_persis_swizzle_sm90,Total,21.08
matmul,matmul_e4m3_dyn_sm90_warpspec_1p1c,SEMA,0.55
matmul,matmul_e4m3_dyn_sm90_warpspec_1p1c,NORM,0.50
matmul,matmul_e4m3_dyn_sm90_warpspec_1p1c,VALNO,3.54
matmul,matmul_e4m3_dyn_sm90_warpspec_1p1c,INFER,0.46
matmul,matmul_e4m3_dyn_sm90_warpspec_1p1c,LATENORM,0.18
matmul,matmul_e4m3_dyn_sm90_warpspec_1p1c,MEMORYREUSE,1.87
matmul,matmul_e4m3_dyn_sm90_warpspec_1p1c,ACTIVE-THREADS,0.14
matmul,matmul_e4m3_dyn_sm90_warpspec_1p1c,CHECK,1.09
matmul,matmul_e4m3_dyn_sm90_warpspec_1p1c,CODEGEN,0.21
matmul,matmul_e4m3_dyn_sm90_warpspec_1p1c,GPU,0.51
matmul,matmul_e4m3_dyn_sm90_warpspec_1p1c,MUCHK,0.08
matmul,matmul_e4m3_dyn_sm90_warpspec_1p1c,ASSERT-SITE,0.23
matmul,matmul_e4m3_dyn_sm90_warpspec_1p1c,CODEGEN,9.33
matmul,matmul_e4m3_dyn_sm90_warpspec_1p1c,Total,18.71
matmul,matmul_e4m3_dyn_sm90_warpspec_1p1c_m2048_n2048_k2048,SEMA,0.28
matmul,matmul_e4m3_dyn_sm90_warpspec_1p1c_m2048_n2048_k2048,NORM,0.27
matmul,matmul_e4m3_dyn_sm90_warpspec_1p1c_m2048_n2048_k2048,VALNO,1.79
matmul,matmul_e4m3_dyn_sm90_warpspec_1p1c_m2048_n2048_k2048,INFER,0.23
matmul,matmul_e4m3_dyn_sm90_warpspec_1p1c_m2048_n2048_k2048,LATENORM,0.10
matmul,matmul_e4m3_dyn_sm90_warpspec_1p1c_m2048_n2048_k2048,MEMORYREUSE,0.95
matmul,matmul_e4m3_dyn_sm90_warpspec_1p1c_m2048_n2048_k2048,ACTIVE-THREADS,0.07
matmul,matmul_e4m3_dyn_sm90_warpspec_1p1c_m2048_n2048_k2048,CHECK,0.56
matmul,matmul_e4m3_dyn_sm90_warpspec_1p1c_m2048_n2048_k2048,CODEGEN,0.11
matmul,matmul_e4m3_dyn_sm90_warpspec_1p1c_m2048_n2048_k2048,GPU,0.26
matmul,matmul_e4m3_dyn_sm90_warpspec_1p1c_m2048_n2048_k2048,MUCHK,0.04
matmul,matmul_e4m3_dyn_sm90_warpspec_1p1c_m2048_n2048_k2048,ASSERT-SITE,0.12
matmul,matmul_e4m3_dyn_sm90_warpspec_1p1c_m2048_n2048_k2048,CODEGEN,7.04
matmul,matmul_e4m3_dyn_sm90_warpspec_1p1c_m2048_n2048_k2048,Total,11.82
matmul,matmul_e4m3_dyn_sm90_warpspec_1p1c_m2048_n2048_k2048_tbc,SEMA,0.30
matmul,matmul_e4m3_dyn_sm90_warpspec_1p1c_m2048_n2048_k2048_tbc,NORM,0.28
matmul,matmul_e4m3_dyn_sm90_warpspec_1p1c_m2048_n2048_k2048_tbc,VALNO,1.82
matmul,matmul_e4m3_dyn_sm90_warpspec_1p1c_m2048_n2048_k2048_tbc,INFER,0.23
matmul,matmul_e4m3_dyn_sm90_warpspec_1p1c_m2048_n2048_k2048_tbc,LATENORM,0.10
matmul,matmul_e4m3_dyn_sm90_warpspec_1p1c_m2048_n2048_k2048_tbc,MEMORYREUSE,1.00
matmul,matmul_e4m3_dyn_sm90_warpspec_1p1c_m2048_n2048_k2048_tbc,ACTIVE-THREADS,0.08
matmul,matmul_e4m3_dyn_sm90_warpspec_1p1c_m2048_n2048_k2048_tbc,CHECK,0.57
matmul,matmul_e4m3_dyn_sm90_warpspec_1p1c_m2048_n2048_k2048_tbc,CODEGEN,0.12
matmul,matmul_e4m3_dyn_sm90_warpspec_1p1c_m2048_n2048_k2048_tbc,GPU,0.27
matmul,matmul_e4m3_dyn_sm90_warpspec_1p1c_m2048_n2048_k2048_tbc,MUCHK,0.05
matmul,matmul_e4m3_dyn_sm90_warpspec_1p1c_m2048_n2048_k2048_tbc,ASSERT-SITE,0.12
matmul,matmul_e4m3_dyn_sm90_warpspec_1p1c_m2048_n2048_k2048_tbc,CODEGEN,7.21
matmul,matmul_e4m3_dyn_sm90_warpspec_1p1c_m2048_n2048_k2048_tbc,Total,12.14
matmul,matmul_e4m3_dynamic_mwg_sm90,SEMA,0.40
matmul,matmul_e4m3_dynamic_mwg_sm90,NORM,0.31
matmul,matmul_e4m3_dynamic_mwg_sm90,VALNO,3.01
matmul,matmul_e4m3_dynamic_mwg_sm90,INFER,0.33
matmul,matmul_e4m3_dynamic_mwg_sm90,LATENORM,0.16
matmul,matmul_e4m3_dynamic_mwg_sm90,MEMORYREUSE,1.41
matmul,matmul_e4m3_dynamic_mwg_sm90,ACTIVE-THREADS,0.05
matmul,matmul_e4m3_dynamic_mwg_sm90,CHECK,1.48
matmul,matmul_e4m3_dynamic_mwg_sm90,CODEGEN,0.17
matmul,matmul_e4m3_dynamic_mwg_sm90,GPU,0.47
matmul,matmul_e4m3_dynamic_mwg_sm90,MUCHK,0.07
matmul,matmul_e4m3_dynamic_mwg_sm90,ASSERT-SITE,0.17
matmul,matmul_e4m3_dynamic_mwg_sm90,CODEGEN,11.55
matmul,matmul_e4m3_dynamic_mwg_sm90,Total,19.58
matmul,matmul_e4m3_dynamic_sm90,SEMA,0.30
matmul,matmul_e4m3_dynamic_sm90,NORM,0.27
matmul,matmul_e4m3_dynamic_sm90,VALNO,2.23
matmul,matmul_e4m3_dynamic_sm90,INFER,0.25
matmul,matmul_e4m3_dynamic_sm90,LATENORM,0.14
matmul,matmul_e4m3_dynamic_sm90,MEMORYREUSE,1.06
matmul,matmul_e4m3_dynamic_sm90,ACTIVE-THREADS,0.05
matmul,matmul_e4m3_dynamic_sm90,CHECK,1.29
matmul,matmul_e4m3_dynamic_sm90,CODEGEN,0.15
matmul,matmul_e4m3_dynamic_sm90,GPU,0.42
matmul,matmul_e4m3_dynamic_sm90,MUCHK,0.06
matmul,matmul_e4m3_dynamic_sm90,ASSERT-SITE,0.14
matmul,matmul_e4m3_dynamic_sm90,CODEGEN,13.42
matmul,matmul_e4m3_dynamic_sm90,Total,19.79
matmul,matmul_e4m3_dynamic_sm90_tbc,SEMA,0.17
matmul,matmul_e4m3_dynamic_sm90_tbc,NORM,0.14
matmul,matmul_e4m3_dynamic_sm90_tbc,VALNO,1.15
matmul,matmul_e4m3_dynamic_sm90_tbc,INFER,0.13
matmul,matmul_e4m3_dynamic_sm90_tbc,LATENORM,0.07
matmul,matmul_e4m3_dynamic_sm90_tbc,MEMORYREUSE,0.57
matmul,matmul_e4m3_dynamic_sm90_tbc,ACTIVE-THREADS,0.03
matmul,matmul_e4m3_dynamic_sm90_tbc,CHECK,0.65
matmul,matmul_e4m3_dynamic_sm90_tbc,CODEGEN,0.08
matmul,matmul_e4m3_dynamic_sm90_tbc,GPU,0.22
matmul,matmul_e4m3_dynamic_sm90_tbc,MUCHK,0.03
matmul,matmul_e4m3_dynamic_sm90_tbc,ASSERT-SITE,0.08
matmul,matmul_e4m3_dynamic_sm90_tbc,CODEGEN,7.44
matmul,matmul_e4m3_dynamic_sm90_tbc,Total,10.77
matmul,matmul_f16_dyn_persis_1p3c_sm90,SEMA,0.49
matmul,matmul_f16_dyn_persis_1p3c_sm90,NORM,0.36
matmul,matmul_f16_dyn_persis_1p3c_sm90,VALNO,12.65
matmul,matmul_f16_dyn_persis_1p3c_sm90,INFER,1.23
matmul,matmul_f16_dyn_persis_1p3c_sm90,LATENORM,0.12
matmul,matmul_f16_dyn_persis_1p3c_sm90,MEMORYREUSE,1.33
matmul,matmul_f16_dyn_persis_1p3c_sm90,ACTIVE-THREADS,0.10
matmul,matmul_f16_dyn_persis_1p3c_sm90,CHECK,1.49
matmul,matmul_f16_dyn_persis_1p3c_sm90,CODEGEN,0.10
matmul,matmul_f16_dyn_persis_1p3c_sm90,GPU,0.25
matmul,matmul_f16_dyn_persis_1p3c_sm90,MUCHK,0.04
matmul,matmul_f16_dyn_persis_1p3c_sm90,ASSERT-SITE,0.18
matmul,matmul_f16_dyn_persis_1p3c_sm90,CODEGEN,9.94
matmul,matmul_f16_dyn_persis_1p3c_sm90,Total,28.30
matmul,matmul_f16_dyn_persis_colmajor_sm86,SEMA,0.43
matmul,matmul_f16_dyn_persis_colmajor_sm86,NORM,0.26
matmul,matmul_f16_dyn_persis_colmajor_sm86,VALNO,11.22
matmul,matmul_f16_dyn_persis_colmajor_sm86,INFER,1.58
matmul,matmul_f16_dyn_persis_colmajor_sm86,LATENORM,0.16
matmul,matmul_f16_dyn_persis_colmajor_sm86,MEMORYREUSE,1.76
matmul,matmul_f16_dyn_persis_colmajor_sm86,ACTIVE-THREADS,0.05
matmul,matmul_f16_dyn_persis_colmajor_sm86,CHECK,2.71
matmul,matmul_f16_dyn_persis_colmajor_sm86,CODEGEN,0.12
matmul,matmul_f16_dyn_persis_colmajor_sm86,GPU,0.14
matmul,matmul_f16_dyn_persis_colmajor_sm86,MUCHK,0.06
matmul,matmul_f16_dyn_persis_colmajor_sm86,ASSERT-SITE,0.25
matmul,matmul_f16_dyn_persis_colmajor_sm86,CODEGEN,8.13
matmul,matmul_f16_dyn_persis_colmajor_sm86,Total,26.86
matmul,matmul_f16_dyn_persis_colmajor_sm90,SEMA,0.28
matmul,matmul_f16_dyn_persis_colmajor_sm90,NORM,0.22
matmul,matmul_f16_dyn_persis_colmajor_sm90,VALNO,8.56
matmul,matmul_f16_dyn_persis_colmajor_sm90,INFER,1.22
matmul,matmul_f16_dyn_persis_colmajor_sm90,LATENORM,0.12
matmul,matmul_f16_dyn_persis_colmajor_sm90,MEMORYREUSE,1.21
matmul,matmul_f16_dyn_persis_colmajor_sm90,ACTIVE-THREADS,0.04
matmul,matmul_f16_dyn_persis_colmajor_sm90,CHECK,2.12
matmul,matmul_f16_dyn_persis_colmajor_sm90,CODEGEN,0.14
matmul,matmul_f16_dyn_persis_colmajor_sm90,GPU,0.35
matmul,matmul_f16_dyn_persis_colmajor_sm90,MUCHK,0.05
matmul,matmul_f16_dyn_persis_colmajor_sm90,ASSERT-SITE,0.25
matmul,matmul_f16_dyn_persis_colmajor_sm90,CODEGEN,14.14
matmul,matmul_f16_dyn_persis_colmajor_sm90,Total,28.72
matmul,matmul_f16_dyn_persis_hilbert_sm86,SEMA,0.33
matmul,matmul_f16_dyn_persis_hilbert_sm86,NORM,0.23
matmul,matmul_f16_dyn_persis_hilbert_sm86,VALNO,3.98
matmul,matmul_f16_dyn_persis_hilbert_sm86,INFER,0.61
matmul,matmul_f16_dyn_persis_hilbert_sm86,LATENORM,0.10
matmul,matmul_f16_dyn_persis_hilbert_sm86,MEMORYREUSE,0.99
matmul,matmul_f16_dyn_persis_hilbert_sm86,ACTIVE-THREADS,0.03
matmul,matmul_f16_dyn_persis_hilbert_sm86,CHECK,3.74
matmul,matmul_f16_dyn_persis_hilbert_sm86,CODEGEN,0.09
matmul,matmul_f16_dyn_persis_hilbert_sm86,GPU,0.10
matmul,matmul_f16_dyn_persis_hilbert_sm86,MUCHK,0.04
matmul,matmul_f16_dyn_persis_hilbert_sm86,ASSERT-SITE,0.17
matmul,matmul_f16_dyn_persis_hilbert_sm86,CODEGEN,5.44
matmul,matmul_f16_dyn_persis_hilbert_sm86,Total,15.82
matmul,matmul_f16_dyn_persis_hilbert_sm90,SEMA,0.19
matmul,matmul_f16_dyn_persis_hilbert_sm90,NORM,0.16
matmul,matmul_f16_dyn_persis_hilbert_sm90,VALNO,3.19
matmul,matmul_f16_dyn_persis_hilbert_sm90,INFER,0.62
matmul,matmul_f16_dyn_persis_hilbert_sm90,LATENORM,0.08
matmul,matmul_f16_dyn_persis_hilbert_sm90,MEMORYREUSE,0.85
matmul,matmul_f16_dyn_persis_hilbert_sm90,ACTIVE-THREADS,0.03
matmul,matmul_f16_dyn_persis_hilbert_sm90,CHECK,3.75
matmul,matmul_f16_dyn_persis_hilbert_sm90,CODEGEN,0.09
matmul,matmul_f16_dyn_persis_hilbert_sm90,GPU,0.25
matmul,matmul_f16_dyn_persis_hilbert_sm90,MUCHK,0.04
matmul,matmul_f16_dyn_persis_hilbert_sm90,ASSERT-SITE,0.18
matmul,matmul_f16_dyn_persis_hilbert_sm90,CODEGEN,6.81
matmul,matmul_f16_dyn_persis_hilbert_sm90,Total,16.26
matmul,matmul_f16_dyn_persis_sta_sm86,SEMA,0.43
matmul,matmul_f16_dyn_persis_sta_sm86,NORM,0.27
matmul,matmul_f16_dyn_persis_sta_sm86,VALNO,11.04
matmul,matmul_f16_dyn_persis_sta_sm86,INFER,1.55
matmul,matmul_f16_dyn_persis_sta_sm86,LATENORM,0.16
matmul,matmul_f16_dyn_persis_sta_sm86,MEMORYREUSE,1.75
matmul,matmul_f16_dyn_persis_sta_sm86,ACTIVE-THREADS,0.04
matmul,matmul_f16_dyn_persis_sta_sm86,CHECK,2.10
matmul,matmul_f16_dyn_persis_sta_sm86,CODEGEN,0.13
matmul,matmul_f16_dyn_persis_sta_sm86,GPU,0.14
matmul,matmul_f16_dyn_persis_sta_sm86,MUCHK,0.06
matmul,matmul_f16_dyn_persis_sta_sm86,ASSERT-SITE,0.26
matmul,matmul_f16_dyn_persis_sta_sm86,CODEGEN,7.67
matmul,matmul_f16_dyn_persis_sta_sm86,Total,25.59
matmul,matmul_f16_dyn_persis_sta_sm90,SEMA,0.19
matmul,matmul_f16_dyn_persis_sta_sm90,NORM,0.15
matmul,matmul_f16_dyn_persis_sta_sm90,VALNO,5.82
matmul,matmul_f16_dyn_persis_sta_sm90,INFER,0.83
matmul,matmul_f16_dyn_persis_sta_sm90,LATENORM,0.08
matmul,matmul_f16_dyn_persis_sta_sm90,MEMORYREUSE,0.84
matmul,matmul_f16_dyn_persis_sta_sm90,ACTIVE-THREADS,0.03
matmul,matmul_f16_dyn_persis_sta_sm90,CHECK,1.41
matmul,matmul_f16_dyn_persis_sta_sm90,CODEGEN,0.09
matmul,matmul_f16_dyn_persis_sta_sm90,GPU,0.23
matmul,matmul_f16_dyn_persis_sta_sm90,MUCHK,0.04
matmul,matmul_f16_dyn_persis_sta_sm90,ASSERT-SITE,0.17
matmul,matmul_f16_dyn_persis_sta_sm90,CODEGEN,9.56
matmul,matmul_f16_dyn_persis_sta_sm90,Total,19.44
matmul,matmul_f16_dyn_persis_swizzle_sm86,SEMA,0.44
matmul,matmul_f16_dyn_persis_swizzle_sm86,NORM,0.28
matmul,matmul_f16_dyn_persis_swizzle_sm86,VALNO,6.23
matmul,matmul_f16_dyn_persis_swizzle_sm86,INFER,1.04
matmul,matmul_f16_dyn_persis_swizzle_sm86,LATENORM,0.16
matmul,matmul_f16_dyn_persis_swizzle_sm86,MEMORYREUSE,1.43
matmul,matmul_f16_dyn_persis_swizzle_sm86,ACTIVE-THREADS,0.03
matmul,matmul_f16_dyn_persis_swizzle_sm86,CHECK,3.72
matmul,matmul_f16_dyn_persis_swizzle_sm86,CODEGEN,0.08
matmul,matmul_f16_dyn_persis_swizzle_sm86,GPU,0.09
matmul,matmul_f16_dyn_persis_swizzle_sm86,MUCHK,0.03
matmul,matmul_f16_dyn_persis_swizzle_sm86,ASSERT-SITE,0.17
matmul,matmul_f16_dyn_persis_swizzle_sm86,CODEGEN,5.76
matmul,matmul_f16_dyn_persis_swizzle_sm86,Total,19.45
matmul,matmul_f16_dyn_persis_swizzle_sm90,SEMA,0.31
matmul,matmul_f16_dyn_persis_swizzle_sm90,NORM,0.25
matmul,matmul_f16_dyn_persis_swizzle_sm90,VALNO,5.02
matmul,matmul_f16_dyn_persis_swizzle_sm90,INFER,1.05
matmul,matmul_f16_dyn_persis_swizzle_sm90,LATENORM,0.14
matmul,matmul_f16_dyn_persis_swizzle_sm90,MEMORYREUSE,1.42
matmul,matmul_f16_dyn_persis_swizzle_sm90,ACTIVE-THREADS,0.05
matmul,matmul_f16_dyn_persis_swizzle_sm90,CHECK,6.10
matmul,matmul_f16_dyn_persis_swizzle_sm90,CODEGEN,0.15
matmul,matmul_f16_dyn_persis_swizzle_sm90,GPU,0.41
matmul,matmul_f16_dyn_persis_swizzle_sm90,MUCHK,0.06
matmul,matmul_f16_dyn_persis_swizzle_sm90,ASSERT-SITE,0.30
matmul,matmul_f16_dyn_persis_swizzle_sm90,CODEGEN,7.30
matmul,matmul_f16_dyn_persis_swizzle_sm90,Total,22.56
matmul,matmul_f16_dyn_sm86,SEMA,0.27
matmul,matmul_f16_dyn_sm86,NORM,0.18
matmul,matmul_f16_dyn_sm86,VALNO,1.57
matmul,matmul_f16_dyn_sm86,INFER,0.19
matmul,matmul_f16_dyn_sm86,LATENORM,0.11
matmul,matmul_f16_dyn_sm86,MEMORYREUSE,0.94
matmul,matmul_f16_dyn_sm86,ACTIVE-THREADS,0.03
matmul,matmul_f16_dyn_sm86,CHECK,0.42
matmul,matmul_f16_dyn_sm86,CODEGEN,0.10
matmul,matmul_f16_dyn_sm86,GPU,0.11
matmul,matmul_f16_dyn_sm86,MUCHK,0.04
matmul,matmul_f16_dyn_sm86,ASSERT-SITE,0.10
matmul,matmul_f16_dyn_sm86,CODEGEN,6.87
matmul,matmul_f16_dyn_sm86,Total,10.93
matmul,matmul_f16_dyn_sm90,SEMA,0.30
matmul,matmul_f16_dyn_sm90,NORM,0.27
matmul,matmul_f16_dyn_sm90,VALNO,2.21
matmul,matmul_f16_dyn_sm90,INFER,0.25
matmul,matmul_f16_dyn_sm90,LATENORM,0.14
matmul,matmul_f16_dyn_sm90,MEMORYREUSE,1.05
matmul,matmul_f16_dyn_sm90,ACTIVE-THREADS,0.05
matmul,matmul_f16_dyn_sm90,CHECK,1.27
matmul,matmul_f16_dyn_sm90,CODEGEN,0.15
matmul,matmul_f16_dyn_sm90,GPU,0.41
matmul,matmul_f16_dyn_sm90,MUCHK,0.06
matmul,matmul_f16_dyn_sm90,ASSERT-SITE,0.14
matmul,matmul_f16_dyn_sm90,CODEGEN,12.57
matmul,matmul_f16_dyn_sm90,Total,18.87
matmul,matmul_f16_dyn_sm90_tbc,SEMA,0.24
matmul,matmul_f16_dyn_sm90_tbc,NORM,0.21
matmul,matmul_f16_dyn_sm90_tbc,VALNO,1.85
matmul,matmul_f16_dyn_sm90_tbc,INFER,0.19
matmul,matmul_f16_dyn_sm90_tbc,LATENORM,0.11
matmul,matmul_f16_dyn_sm90_tbc,MEMORYREUSE,0.92
matmul,matmul_f16_dyn_sm90_tbc,ACTIVE-THREADS,0.05
matmul,matmul_f16_dyn_sm90_tbc,CHECK,1.11
matmul,matmul_f16_dyn_sm90_tbc,CODEGEN,0.14
matmul,matmul_f16_dyn_sm90_tbc,GPU,0.37
matmul,matmul_f16_dyn_sm90_tbc,MUCHK,0.05
matmul,matmul_f16_dyn_sm90_tbc,ASSERT-SITE,0.13
matmul,matmul_f16_dyn_sm90_tbc,CODEGEN,13.52
matmul,matmul_f16_dyn_sm90_tbc,Total,18.92
matmul,matmul_f16_dyn_sm90_warpspec_1p1c,SEMA,0.53
matmul,matmul_f16_dyn_sm90_warpspec_1p1c,NORM,0.48
matmul,matmul_f16_dyn_sm90_warpspec_1p1c,VALNO,3.61
matmul,matmul_f16_dyn_sm90_warpspec_1p1c,INFER,0.42
matmul,matmul_f16_dyn_sm90_warpspec_1p1c,LATENORM,0.17
matmul,matmul_f16_dyn_sm90_warpspec_1p1c,MEMORYREUSE,1.78
matmul,matmul_f16_dyn_sm90_warpspec_1p1c,ACTIVE-THREADS,0.14
matmul,matmul_f16_dyn_sm90_warpspec_1p1c,CHECK,1.71
matmul,matmul_f16_dyn_sm90_warpspec_1p1c,CODEGEN,0.20
matmul,matmul_f16_dyn_sm90_warpspec_1p1c,GPU,0.48
matmul,matmul_f16_dyn_sm90_warpspec_1p1c,MUCHK,0.08
matmul,matmul_f16_dyn_sm90_warpspec_1p1c,ASSERT-SITE,0.22
matmul,matmul_f16_dyn_sm90_warpspec_1p1c,CODEGEN,13.31
matmul,matmul_f16_dyn_sm90_warpspec_1p1c,Total,23.11
matmul,matmul_f16_dyn_sm90_warpspec_1p1c_persis_sta,SEMA,0.32
matmul,matmul_f16_dyn_sm90_warpspec_1p1c_persis_sta,NORM,0.29
matmul,matmul_f16_dyn_sm90_warpspec_1p1c_persis_sta,VALNO,6.79
matmul,matmul_f16_dyn_sm90_warpspec_1p1c_persis_sta,INFER,0.91
matmul,matmul_f16_dyn_sm90_warpspec_1p1c_persis_sta,LATENORM,0.11
matmul,matmul_f16_dyn_sm90_warpspec_1p1c_persis_sta,MEMORYREUSE,1.39
matmul,matmul_f16_dyn_sm90_warpspec_1p1c_persis_sta,ACTIVE-THREADS,0.07
matmul,matmul_f16_dyn_sm90_warpspec_1p1c_persis_sta,CHECK,1.75
matmul,matmul_f16_dyn_sm90_warpspec_1p1c_persis_sta,CODEGEN,0.13
matmul,matmul_f16_dyn_sm90_warpspec_1p1c_persis_sta,GPU,0.27
matmul,matmul_f16_dyn_sm90_warpspec_1p1c_persis_sta,MUCHK,0.05
matmul,matmul_f16_dyn_sm90_warpspec_1p1c_persis_sta,ASSERT-SITE,0.22
matmul,matmul_f16_dyn_sm90_warpspec_1p1c_persis_sta,CODEGEN,11.23
matmul,matmul_f16_dyn_sm90_warpspec_1p1c_persis_sta,Total,23.53
matmul,matmul_f16_dyn_sm90_warpspec_1p2c,SEMA,0.29
matmul,matmul_f16_dyn_sm90_warpspec_1p2c,NORM,0.26
matmul,matmul_f16_dyn_sm90_warpspec_1p2c,VALNO,2.06
matmul,matmul_f16_dyn_sm90_warpspec_1p2c,INFER,0.22
matmul,matmul_f16_dyn_sm90_warpspec_1p2c,LATENORM,0.09
matmul,matmul_f16_dyn_sm90_warpspec_1p2c,MEMORYREUSE,1.02
matmul,matmul_f16_dyn_sm90_warpspec_1p2c,ACTIVE-THREADS,0.09
matmul,matmul_f16_dyn_sm90_warpspec_1p2c,CHECK,0.93
matmul,matmul_f16_dyn_sm90_warpspec_1p2c,CODEGEN,0.11
matmul,matmul_f16_dyn_sm90_warpspec_1p2c,GPU,0.26
matmul,matmul_f16_dyn_sm90_warpspec_1p2c,MUCHK,0.04
matmul,matmul_f16_dyn_sm90_warpspec_1p2c,ASSERT-SITE,0.12
matmul,matmul_f16_dyn_sm90_warpspec_1p2c,CODEGEN,9.74
matmul,matmul_f16_dyn_sm90_warpspec_1p2c,Total,15.24
matmul,matmul_f16_dyn_sm90_warpspec_1p2c_persis_sta,SEMA,0.54
matmul,matmul_f16_dyn_sm90_warpspec_1p2c_persis_sta,NORM,0.56
matmul,matmul_f16_dyn_sm90_warpspec_1p2c_persis_sta,VALNO,14.91
matmul,matmul_f16_dyn_sm90_warpspec_1p2c_persis_sta,INFER,0.95
matmul,matmul_f16_dyn_sm90_warpspec_1p2c_persis_sta,LATENORM,0.11
matmul,matmul_f16_dyn_sm90_warpspec_1p2c_persis_sta,MEMORYREUSE,1.73
matmul,matmul_f16_dyn_sm90_warpspec_1p2c_persis_sta,ACTIVE-THREADS,0.15
matmul,matmul_f16_dyn_sm90_warpspec_1p2c_persis_sta,CHECK,1.86
matmul,matmul_f16_dyn_sm90_warpspec_1p2c_persis_sta,CODEGEN,0.16
matmul,matmul_f16_dyn_sm90_warpspec_1p2c_persis_sta,GPU,0.31
matmul,matmul_f16_dyn_sm90_warpspec_1p2c_persis_sta,MUCHK,0.05
matmul,matmul_f16_dyn_sm90_warpspec_1p2c_persis_sta,ASSERT-SITE,0.23
matmul,matmul_f16_dyn_sm90_warpspec_1p2c_persis_sta,CODEGEN,13.41
matmul,matmul_f16_dyn_sm90_warpspec_1p2c_persis_sta,Total,34.96
matmul,matmul_f16_dyn_sm90_warpspec_1p3c,SEMA,0.64
matmul,matmul_f16_dyn_sm90_warpspec_1p3c,NORM,0.59
matmul,matmul_f16_dyn_sm90_warpspec_1p3c,VALNO,4.60
matmul,matmul_f16_dyn_sm90_warpspec_1p3c,INFER,0.53
matmul,matmul_f16_dyn_sm90_warpspec_1p3c,LATENORM,0.22
matmul,matmul_f16_dyn_sm90_warpspec_1p3c,MEMORYREUSE,2.19
matmul,matmul_f16_dyn_sm90_warpspec_1p3c,ACTIVE-THREADS,0.16
matmul,matmul_f16_dyn_sm90_warpspec_1p3c,CHECK,1.45
matmul,matmul_f16_dyn_sm90_warpspec_1p3c,CODEGEN,0.18
matmul,matmul_f16_dyn_sm90_warpspec_1p3c,GPU,0.35
matmul,matmul_f16_dyn_sm90_warpspec_1p3c,MUCHK,0.06
matmul,matmul_f16_dyn_sm90_warpspec_1p3c,ASSERT-SITE,0.20
matmul,matmul_f16_dyn_sm90_warpspec_1p3c,CODEGEN,10.61
matmul,matmul_f16_dyn_sm90_warpspec_1p3c,Total,21.80
matmul,matmul_f16_dyn_sm90_warpspec_1p3c_persis_sta,SEMA,0.39
matmul,matmul_f16_dyn_sm90_warpspec_1p3c_persis_sta,NORM,0.38
matmul,matmul_f16_dyn_sm90_warpspec_1p3c_persis_sta,VALNO,10.34
matmul,matmul_f16_dyn_sm90_warpspec_1p3c_persis_sta,INFER,0.95
matmul,matmul_f16_dyn_sm90_warpspec_1p3c_persis_sta,LATENORM,0.12
matmul,matmul_f16_dyn_sm90_warpspec_1p3c_persis_sta,MEMORYREUSE,1.87
matmul,matmul_f16_dyn_sm90_warpspec_1p3c_persis_sta,ACTIVE-THREADS,0.19
matmul,matmul_f16_dyn_sm90_warpspec_1p3c_persis_sta,CHECK,1.94
matmul,matmul_f16_dyn_sm90_warpspec_1p3c_persis_sta,CODEGEN,0.18
matmul,matmul_f16_dyn_sm90_warpspec_1p3c_persis_sta,GPU,0.32
matmul,matmul_f16_dyn_sm90_warpspec_1p3c_persis_sta,MUCHK,0.05
matmul,matmul_f16_dyn_sm90_warpspec_1p3c_persis_sta,ASSERT-SITE,0.24
matmul,matmul_f16_dyn_sm90_warpspec_1p3c_persis_sta,CODEGEN,16.89
matmul,matmul_f16_dyn_sm90_warpspec_1p3c_persis_sta,Total,33.87
matmul,matmul_f16_dynamic_mwg_sm90,SEMA,0.18
matmul,matmul_f16_dynamic_mwg_sm90,NORM,0.14
matmul,matmul_f16_dynamic_mwg_sm90,VALNO,1.35
matmul,matmul_f16_dynamic_mwg_sm90,INFER,0.15
matmul,matmul_f16_dynamic_mwg_sm90,LATENORM,0.07
matmul,matmul_f16_dynamic_mwg_sm90,MEMORYREUSE,0.65
matmul,matmul_f16_dynamic_mwg_sm90,ACTIVE-THREADS,0.02
matmul,matmul_f16_dynamic_mwg_sm90,CHECK,0.64
matmul,matmul_f16_dynamic_mwg_sm90,CODEGEN,0.08
matmul,matmul_f16_dynamic_mwg_sm90,GPU,0.21
matmul,matmul_f16_dynamic_mwg_sm90,MUCHK,0.03
matmul,matmul_f16_dynamic_mwg_sm90,ASSERT-SITE,0.08
matmul,matmul_f16_dynamic_mwg_sm90,CODEGEN,7.85
matmul,matmul_f16_dynamic_mwg_sm90,Total,11.44
matmul,matmul_f16_single_tile_stmatrix_perf_sm90,SEMA,0.25
matmul,matmul_f16_single_tile_stmatrix_perf_sm90,NORM,0.21
matmul,matmul_f16_single_tile_stmatrix_perf_sm90,VALNO,1.66
matmul,matmul_f16_single_tile_stmatrix_perf_sm90,INFER,0.19
matmul,matmul_f16_single_tile_stmatrix_perf_sm90,LATENORM,0.10
matmul,matmul_f16_single_tile_stmatrix_perf_sm90,MEMORYREUSE,0.82
matmul,matmul_f16_single_tile_stmatrix_perf_sm90,ACTIVE-THREADS,0.04
matmul,matmul_f16_single_tile_stmatrix_perf_sm90,CHECK,0.94
matmul,matmul_f16_single_tile_stmatrix_perf_sm90,CODEGEN,0.12
matmul,matmul_f16_single_tile_stmatrix_perf_sm90,GPU,0.31
matmul,matmul_f16_single_tile_stmatrix_perf_sm90,MUCHK,0.05
matmul,matmul_f16_single_tile_stmatrix_perf_sm90,ASSERT-SITE,0.12
matmul,matmul_f16_single_tile_stmatrix_perf_sm90,CODEGEN,11.53
matmul,matmul_f16_single_tile_stmatrix_perf_sm90,Total,16.34
matmul,matmul_trans_f16_dyn_sm86,SEMA,0.43
matmul,matmul_trans_f16_dyn_sm86,NORM,0.29
matmul,matmul_trans_f16_dyn_sm86,VALNO,2.47
matmul,matmul_trans_f16_dyn_sm86,INFER,0.29
matmul,matmul_trans_f16_dyn_sm86,LATENORM,0.17
matmul,matmul_trans_f16_dyn_sm86,MEMORYREUSE,1.54
matmul,matmul_trans_f16_dyn_sm86,ACTIVE-THREADS,0.05
matmul,matmul_trans_f16_dyn_sm86,CHECK,0.70
matmul,matmul_trans_f16_dyn_sm86,CODEGEN,0.16
matmul,matmul_trans_f16_dyn_sm86,GPU,0.18
matmul,matmul_trans_f16_dyn_sm86,MUCHK,0.06
matmul,matmul_trans_f16_dyn_sm86,ASSERT-SITE,0.16
matmul,matmul_trans_f16_dyn_sm86,CODEGEN,7.74
matmul,matmul_trans_f16_dyn_sm86,Total,14.25
matmul,matmul_trans_f16_dyn_sm90,SEMA,0.28
matmul,matmul_trans_f16_dyn_sm90,NORM,0.25
matmul,matmul_trans_f16_dyn_sm90,VALNO,1.81
matmul,matmul_trans_f16_dyn_sm90,INFER,0.22
matmul,matmul_trans_f16_dyn_sm90,LATENORM,0.12
matmul,matmul_trans_f16_dyn_sm90,MEMORYREUSE,0.98
matmul,matmul_trans_f16_dyn_sm90,ACTIVE-THREADS,0.04
matmul,matmul_trans_f16_dyn_sm90,CHECK,1.23
matmul,matmul_trans_f16_dyn_sm90,CODEGEN,0.13
matmul,matmul_trans_f16_dyn_sm90,GPU,0.36
matmul,matmul_trans_f16_dyn_sm90,MUCHK,0.05
matmul,matmul_trans_f16_dyn_sm90,ASSERT-SITE,0.13
matmul,matmul_trans_f16_dyn_sm90,CODEGEN,12.62
matmul,matmul_trans_f16_dyn_sm90,Total,18.24
moe_gemm,moe_gemm_v3_fp8_bf16_warpspec_1p1c,SEMA,0.37
moe_gemm,moe_gemm_v3_fp8_bf16_warpspec_1p1c,NORM,0.20
moe_gemm,moe_gemm_v3_fp8_bf16_warpspec_1p1c,VALNO,2.72
moe_gemm,moe_gemm_v3_fp8_bf16_warpspec_1p1c,INFER,0.33
moe_gemm,moe_gemm_v3_fp8_bf16_warpspec_1p1c,LATENORM,0.11
moe_gemm,moe_gemm_v3_fp8_bf16_warpspec_1p1c,MEMORYREUSE,1.43
moe_gemm,moe_gemm_v3_fp8_bf16_warpspec_1p1c,ACTIVE-THREADS,0.06
moe_gemm,moe_gemm_v3_fp8_bf16_warpspec_1p1c,CHECK,1.72
moe_gemm,moe_gemm_v3_fp8_bf16_warpspec_1p1c,CODEGEN,0.13
moe_gemm,moe_gemm_v3_fp8_bf16_warpspec_1p1c,GPU,0.22
moe_gemm,moe_gemm_v3_fp8_bf16_warpspec_1p1c,MUCHK,0.05
moe_gemm,moe_gemm_v3_fp8_bf16_warpspec_1p1c,ASSERT-SITE,0.16
moe_gemm,moe_gemm_v3_fp8_bf16_warpspec_1p1c,CODEGEN,10.86
moe_gemm,moe_gemm_v3_fp8_bf16_warpspec_1p1c,Total,18.37
