category,workload,pass,static_ms,dynamic_ms
batch_norm,10_dynamic_16x512xHxW_512_512_16x512xHxW,SEMA,0.46,0.46
batch_norm,10_dynamic_16x512xHxW_512_512_16x512xHxW,NORM,0.23,0.22
batch_norm,10_dynamic_16x512xHxW_512_512_16x512xHxW,VALNO,2.11,2.31
batch_norm,10_dynamic_16x512xHxW_512_512_16x512xHxW,INFER,0.23,0.25
batch_norm,10_dynamic_16x512xHxW_512_512_16x512xHxW,LATENORM,0.16,0.15
batch_norm,10_dynamic_16x512xHxW_512_512_16x512xHxW,LOOP,0.03,0.03
batch_norm,10_dynamic_16x512xHxW_512_512_16x512xHxW,MEMORYREUSE,1.90,1.92
batch_norm,10_dynamic_16x512xHxW_512_512_16x512xHxW,ACTIVE-THREADS,0.04,0.04
batch_norm,10_dynamic_16x512xHxW_512_512_16x512xHxW,CHECK,1.15,1.42
batch_norm,10_dynamic_16x512xHxW_512_512_16x512xHxW,CODEGEN,0.13,1.50
batch_norm,10_dynamic_16x512xHxW_512_512_16x512xHxW,GCU,0.28,0.82
batch_norm,10_dynamic_16x512xHxW_512_512_16x512xHxW,MUCHK,0.06,0.12
batch_norm,10_dynamic_16x512xHxW_512_512_16x512xHxW,ASSERT-SITE,0.11,0.13
batch_norm,10_dynamic_16x512xHxW_512_512_16x512xHxW,CODEGEN,0.83,1.50
batch_norm,10_dynamic_16x512xHxW_512_512_16x512xHxW,Total,7.72,9.51
batch_norm,11_dynamic_32xSx768_768_768_32xSx768,SEMA,0.30,0.27
batch_norm,11_dynamic_32xSx768_768_768_32xSx768,NORM,0.18,0.17
batch_norm,11_dynamic_32xSx768_768_768_32xSx768,VALNO,1.21,1.27
batch_norm,11_dynamic_32xSx768_768_768_32xSx768,INFER,0.15,0.14
batch_norm,11_dynamic_32xSx768_768_768_32xSx768,LATENORM,0.11,0.11
batch_norm,11_dynamic_32xSx768_768_768_32xSx768,LOOP,0.02,0.02
batch_norm,11_dynamic_32xSx768_768_768_32xSx768,MEMORYREUSE,1.19,1.26
batch_norm,11_dynamic_32xSx768_768_768_32xSx768,ACTIVE-THREADS,0.03,0.03
batch_norm,11_dynamic_32xSx768_768_768_32xSx768,CHECK,0.44,0.44
batch_norm,11_dynamic_32xSx768_768_768_32xSx768,CODEGEN,0.10,1.36
batch_norm,11_dynamic_32xSx768_768_768_32xSx768,GCU,0.19,0.67
batch_norm,11_dynamic_32xSx768_768_768_32xSx768,MUCHK,0.05,0.08
batch_norm,11_dynamic_32xSx768_768_768_32xSx768,ASSERT-SITE,0.08,0.10
batch_norm,11_dynamic_32xSx768_768_768_32xSx768,CODEGEN,0.60,1.36
batch_norm,11_dynamic_32xSx768_768_768_32xSx768,Total,4.64,6.02
batch_norm,12_dynamic_64xTx256_256_256_64xTx256,SEMA,0.29,0.27
batch_norm,12_dynamic_64xTx256_256_256_64xTx256,NORM,0.19,0.17
batch_norm,12_dynamic_64xTx256_256_256_64xTx256,VALNO,1.21,1.26
batch_norm,12_dynamic_64xTx256_256_256_64xTx256,INFER,0.14,0.14
batch_norm,12_dynamic_64xTx256_256_256_64xTx256,LATENORM,0.11,0.11
batch_norm,12_dynamic_64xTx256_256_256_64xTx256,LOOP,0.02,0.02
batch_norm,12_dynamic_64xTx256_256_256_64xTx256,MEMORYREUSE,1.16,1.25
batch_norm,12_dynamic_64xTx256_256_256_64xTx256,ACTIVE-THREADS,0.03,0.03
batch_norm,12_dynamic_64xTx256_256_256_64xTx256,CHECK,0.45,0.44
batch_norm,12_dynamic_64xTx256_256_256_64xTx256,CODEGEN,0.10,1.54
batch_norm,12_dynamic_64xTx256_256_256_64xTx256,GCU,0.19,0.68
batch_norm,12_dynamic_64xTx256_256_256_64xTx256,MUCHK,0.05,0.07
batch_norm,12_dynamic_64xTx256_256_256_64xTx256,ASSERT-SITE,0.08,0.09
batch_norm,12_dynamic_64xTx256_256_256_64xTx256,CODEGEN,0.73,1.54
batch_norm,12_dynamic_64xTx256_256_256_64xTx256,Total,4.75,6.16
batch_norm,13_dynamic_32x512xV_V_V_32x512xV,SEMA,0.30,0.29
batch_norm,13_dynamic_32x512xV_V_V_32x512xV,NORM,0.18,0.17
batch_norm,13_dynamic_32x512xV_V_V_32x512xV,VALNO,1.19,1.25
batch_norm,13_dynamic_32x512xV_V_V_32x512xV,INFER,0.14,0.14
batch_norm,13_dynamic_32x512xV_V_V_32x512xV,LATENORM,0.11,0.11
batch_norm,13_dynamic_32x512xV_V_V_32x512xV,LOOP,0.02,0.02
batch_norm,13_dynamic_32x512xV_V_V_32x512xV,MEMORYREUSE,1.16,1.18
batch_norm,13_dynamic_32x512xV_V_V_32x512xV,ACTIVE-THREADS,0.03,0.03
batch_norm,13_dynamic_32x512xV_V_V_32x512xV,CHECK,0.44,0.47
batch_norm,13_dynamic_32x512xV_V_V_32x512xV,CODEGEN,0.11,1.16
batch_norm,13_dynamic_32x512xV_V_V_32x512xV,GCU,0.19,0.41
batch_norm,13_dynamic_32x512xV_V_V_32x512xV,MUCHK,0.05,0.08
batch_norm,13_dynamic_32x512xV_V_V_32x512xV,ASSERT-SITE,0.09,0.09
batch_norm,13_dynamic_32x512xV_V_V_32x512xV,CODEGEN,0.60,1.16
batch_norm,13_dynamic_32x512xV_V_V_32x512xV,Total,4.62,5.49
batch_norm,14_efficientnet_64x1280x7x7_1280_1280_64x1280x7x7,SEMA,0.46,0.43
batch_norm,14_efficientnet_64x1280x7x7_1280_1280_64x1280x7x7,NORM,0.25,0.22
batch_norm,14_efficientnet_64x1280x7x7_1280_1280_64x1280x7x7,VALNO,2.10,2.10
batch_norm,14_efficientnet_64x1280x7x7_1280_1280_64x1280x7x7,INFER,0.21,0.22
batch_norm,14_efficientnet_64x1280x7x7_1280_1280_64x1280x7x7,LATENORM,0.15,0.15
batch_norm,14_efficientnet_64x1280x7x7_1280_1280_64x1280x7x7,LOOP,0.03,0.03
batch_norm,14_efficientnet_64x1280x7x7_1280_1280_64x1280x7x7,MEMORYREUSE,1.85,1.80
batch_norm,14_efficientnet_64x1280x7x7_1280_1280_64x1280x7x7,ACTIVE-THREADS,0.04,0.04
batch_norm,14_efficientnet_64x1280x7x7_1280_1280_64x1280x7x7,CHECK,1.14,1.14
batch_norm,14_efficientnet_64x1280x7x7_1280_1280_64x1280x7x7,CODEGEN,0.13,0.80
batch_norm,14_efficientnet_64x1280x7x7_1280_1280_64x1280x7x7,GCU,0.28,0.28
batch_norm,14_efficientnet_64x1280x7x7_1280_1280_64x1280x7x7,MUCHK,0.06,0.06
batch_norm,14_efficientnet_64x1280x7x7_1280_1280_64x1280x7x7,ASSERT-SITE,0.11,0.11
batch_norm,14_efficientnet_64x1280x7x7_1280_1280_64x1280x7x7,CODEGEN,0.81,0.80
batch_norm,14_efficientnet_64x1280x7x7_1280_1280_64x1280x7x7,Total,7.64,7.51
batch_norm,15_gpt_16x1024x4096_4096_4096_16x1024x4096,SEMA,0.29,0.27
batch_norm,15_gpt_16x1024x4096_4096_4096_16x1024x4096,NORM,0.19,0.17
batch_norm,15_gpt_16x1024x4096_4096_4096_16x1024x4096,VALNO,1.22,1.22
batch_norm,15_gpt_16x1024x4096_4096_4096_16x1024x4096,INFER,0.13,0.13
batch_norm,15_gpt_16x1024x4096_4096_4096_16x1024x4096,LATENORM,0.11,0.11
batch_norm,15_gpt_16x1024x4096_4096_4096_16x1024x4096,LOOP,0.02,0.02
batch_norm,15_gpt_16x1024x4096_4096_4096_16x1024x4096,MEMORYREUSE,1.17,1.14
batch_norm,15_gpt_16x1024x4096_4096_4096_16x1024x4096,ACTIVE-THREADS,0.03,0.03
batch_norm,15_gpt_16x1024x4096_4096_4096_16x1024x4096,CHECK,0.45,0.44
batch_norm,15_gpt_16x1024x4096_4096_4096_16x1024x4096,CODEGEN,0.11,0.59
batch_norm,15_gpt_16x1024x4096_4096_4096_16x1024x4096,GCU,0.19,0.19
batch_norm,15_gpt_16x1024x4096_4096_4096_16x1024x4096,MUCHK,0.05,0.05
batch_norm,15_gpt_16x1024x4096_4096_4096_16x1024x4096,ASSERT-SITE,0.08,0.08
batch_norm,15_gpt_16x1024x4096_4096_4096_16x1024x4096,CODEGEN,0.61,0.59
batch_norm,15_gpt_16x1024x4096_4096_4096_16x1024x4096,Total,4.65,4.53
batch_norm,16_lstm_64x100x256_256_256_64x100x256,SEMA,0.29,0.27
batch_norm,16_lstm_64x100x256_256_256_64x100x256,NORM,0.18,0.18
batch_norm,16_lstm_64x100x256_256_256_64x100x256,VALNO,1.21,1.18
batch_norm,16_lstm_64x100x256_256_256_64x100x256,INFER,0.15,0.13
batch_norm,16_lstm_64x100x256_256_256_64x100x256,LATENORM,0.11,0.11
batch_norm,16_lstm_64x100x256_256_256_64x100x256,LOOP,0.02,0.02
batch_norm,16_lstm_64x100x256_256_256_64x100x256,MEMORYREUSE,1.16,1.15
batch_norm,16_lstm_64x100x256_256_256_64x100x256,ACTIVE-THREADS,0.03,0.03
batch_norm,16_lstm_64x100x256_256_256_64x100x256,CHECK,0.44,0.44
batch_norm,16_lstm_64x100x256_256_256_64x100x256,CODEGEN,0.10,0.60
batch_norm,16_lstm_64x100x256_256_256_64x100x256,GCU,0.19,0.18
batch_norm,16_lstm_64x100x256_256_256_64x100x256,MUCHK,0.05,0.05
batch_norm,16_lstm_64x100x256_256_256_64x100x256,ASSERT-SITE,0.08,0.08
batch_norm,16_lstm_64x100x256_256_256_64x100x256,CODEGEN,0.59,0.60
batch_norm,16_lstm_64x100x256_256_256_64x100x256,Total,4.60,4.50
batch_norm,17_mobilenet_128x96x112x112_96_96_128x96x112x112,SEMA,0.45,0.43
batch_norm,17_mobilenet_128x96x112x112_96_96_128x96x112x112,NORM,0.24,0.22
batch_norm,17_mobilenet_128x96x112x112_96_96_128x96x112x112,VALNO,2.11,2.10
batch_norm,17_mobilenet_128x96x112x112_96_96_128x96x112x112,INFER,0.22,0.21
batch_norm,17_mobilenet_128x96x112x112_96_96_128x96x112x112,LATENORM,0.15,0.15
batch_norm,17_mobilenet_128x96x112x112_96_96_128x96x112x112,LOOP,0.03,0.03
batch_norm,17_mobilenet_128x96x112x112_96_96_128x96x112x112,MEMORYREUSE,1.85,1.80
batch_norm,17_mobilenet_128x96x112x112_96_96_128x96x112x112,ACTIVE-THREADS,0.04,0.04
batch_norm,17_mobilenet_128x96x112x112_96_96_128x96x112x112,CHECK,1.14,1.13
batch_norm,17_mobilenet_128x96x112x112_96_96_128x96x112x112,CODEGEN,0.12,0.81
batch_norm,17_mobilenet_128x96x112x112_96_96_128x96x112x112,GCU,0.28,0.28
batch_norm,17_mobilenet_128x96x112x112_96_96_128x96x112x112,MUCHK,0.06,0.06
batch_norm,17_mobilenet_128x96x112x112_96_96_128x96x112x112,ASSERT-SITE,0.11,0.12
batch_norm,17_mobilenet_128x96x112x112_96_96_128x96x112x112,CODEGEN,0.82,0.81
batch_norm,17_mobilenet_128x96x112x112_96_96_128x96x112x112,Total,7.64,7.51
batch_norm,18_resnet_64x256x56x56_256_256_64x256x56x56,SEMA,0.45,0.43
batch_norm,18_resnet_64x256x56x56_256_256_64x256x56x56,NORM,0.23,0.22
batch_norm,18_resnet_64x256x56x56_256_256_64x256x56x56,VALNO,2.11,2.12
batch_norm,18_resnet_64x256x56x56_256_256_64x256x56x56,INFER,0.22,0.22
batch_norm,18_resnet_64x256x56x56_256_256_64x256x56x56,LATENORM,0.16,0.16
batch_norm,18_resnet_64x256x56x56_256_256_64x256x56x56,LOOP,0.03,0.03
batch_norm,18_resnet_64x256x56x56_256_256_64x256x56x56,MEMORYREUSE,1.88,1.83
batch_norm,18_resnet_64x256x56x56_256_256_64x256x56x56,ACTIVE-THREADS,0.04,0.04
batch_norm,18_resnet_64x256x56x56_256_256_64x256x56x56,CHECK,1.13,1.13
batch_norm,18_resnet_64x256x56x56_256_256_64x256x56x56,CODEGEN,0.13,0.81
batch_norm,18_resnet_64x256x56x56_256_256_64x256x56x56,GCU,0.28,0.28
batch_norm,18_resnet_64x256x56x56_256_256_64x256x56x56,MUCHK,0.06,0.06
batch_norm,18_resnet_64x256x56x56_256_256_64x256x56x56,ASSERT-SITE,0.11,0.11
batch_norm,18_resnet_64x256x56x56_256_256_64x256x56x56,CODEGEN,0.81,0.81
batch_norm,18_resnet_64x256x56x56_256_256_64x256x56x56,Total,7.65,7.58
batch_norm,19_transformer_32x512x2048_2048_2048_32x512x2048,SEMA,0.29,0.27
batch_norm,19_transformer_32x512x2048_2048_2048_32x512x2048,NORM,0.18,0.17
batch_norm,19_transformer_32x512x2048_2048_2048_32x512x2048,VALNO,1.22,1.19
batch_norm,19_transformer_32x512x2048_2048_2048_32x512x2048,INFER,0.14,0.13
batch_norm,19_transformer_32x512x2048_2048_2048_32x512x2048,LATENORM,0.12,0.11
batch_norm,19_transformer_32x512x2048_2048_2048_32x512x2048,LOOP,0.02,0.02
batch_norm,19_transformer_32x512x2048_2048_2048_32x512x2048,MEMORYREUSE,1.16,1.14
batch_norm,19_transformer_32x512x2048_2048_2048_32x512x2048,ACTIVE-THREADS,0.03,0.03
batch_norm,19_transformer_32x512x2048_2048_2048_32x512x2048,CHECK,0.44,0.44
batch_norm,19_transformer_32x512x2048_2048_2048_32x512x2048,CODEGEN,0.10,0.58
batch_norm,19_transformer_32x512x2048_2048_2048_32x512x2048,GCU,0.19,0.19
batch_norm,19_transformer_32x512x2048_2048_2048_32x512x2048,MUCHK,0.05,0.05
batch_norm,19_transformer_32x512x2048_2048_2048_32x512x2048,ASSERT-SITE,0.08,0.08
batch_norm,19_transformer_32x512x2048_2048_2048_32x512x2048,CODEGEN,0.60,0.58
batch_norm,19_transformer_32x512x2048_2048_2048_32x512x2048,Total,4.61,4.49
batch_norm,1_bert_32x512x768_512_512_32x512x768,SEMA,0.72,0.72
batch_norm,1_bert_32x512x768_512_512_32x512x768,NORM,0.25,0.24
batch_norm,1_bert_32x512x768_512_512_32x512x768,VALNO,3.52,4.68
batch_norm,1_bert_32x512x768_512_512_32x512x768,INFER,0.27,0.28
batch_norm,1_bert_32x512x768_512_512_32x512x768,LATENORM,0.26,0.25
batch_norm,1_bert_32x512x768_512_512_32x512x768,LOOP,0.03,0.03
batch_norm,1_bert_32x512x768_512_512_32x512x768,MEMORYREUSE,4.37,4.82
batch_norm,1_bert_32x512x768_512_512_32x512x768,ACTIVE-THREADS,0.04,0.04
batch_norm,1_bert_32x512x768_512_512_32x512x768,CHECK,0.72,0.79
batch_norm,1_bert_32x512x768_512_512_32x512x768,CODEGEN,0.19,8.53
batch_norm,1_bert_32x512x768_512_512_32x512x768,GCU,0.51,8.33
batch_norm,1_bert_32x512x768_512_512_32x512x768,MUCHK,0.08,0.12
batch_norm,1_bert_32x512x768_512_512_32x512x768,ASSERT-SITE,0.13,0.22
batch_norm,1_bert_32x512x768_512_512_32x512x768,CODEGEN,1.80,8.53
batch_norm,1_bert_32x512x768_512_512_32x512x768,Total,12.90,29.23
batch_norm,20_unet_16x512x32x32_512_512_16x512x32x32,SEMA,0.45,0.44
batch_norm,20_unet_16x512x32x32_512_512_16x512x32x32,NORM,0.23,0.22
batch_norm,20_unet_16x512x32x32_512_512_16x512x32x32,VALNO,2.12,2.10
batch_norm,20_unet_16x512x32x32_512_512_16x512x32x32,INFER,0.22,0.22
batch_norm,20_unet_16x512x32x32_512_512_16x512x32x32,LATENORM,0.15,0.15
batch_norm,20_unet_16x512x32x32_512_512_16x512x32x32,LOOP,0.03,0.03
batch_norm,20_unet_16x512x32x32_512_512_16x512x32x32,MEMORYREUSE,1.84,1.80
batch_norm,20_unet_16x512x32x32_512_512_16x512x32x32,ACTIVE-THREADS,0.04,0.04
batch_norm,20_unet_16x512x32x32_512_512_16x512x32x32,CHECK,1.14,1.13
batch_norm,20_unet_16x512x32x32_512_512_16x512x32x32,CODEGEN,0.13,0.80
batch_norm,20_unet_16x512x32x32_512_512_16x512x32x32,GCU,0.28,0.29
batch_norm,20_unet_16x512x32x32_512_512_16x512x32x32,MUCHK,0.07,0.06
batch_norm,20_unet_16x512x32x32_512_512_16x512x32x32,ASSERT-SITE,0.11,0.12
batch_norm,20_unet_16x512x32x32_512_512_16x512x32x32,CODEGEN,0.82,0.80
batch_norm,20_unet_16x512x32x32_512_512_16x512x32x32,Total,7.64,7.54
batch_norm,21_vit_32x197x3072_3072_3072_32x197x3072,SEMA,0.29,0.27
batch_norm,21_vit_32x197x3072_3072_3072_32x197x3072,NORM,0.18,0.17
batch_norm,21_vit_32x197x3072_3072_3072_32x197x3072,VALNO,1.20,1.18
batch_norm,21_vit_32x197x3072_3072_3072_32x197x3072,INFER,0.14,0.13
batch_norm,21_vit_32x197x3072_3072_3072_32x197x3072,LATENORM,0.11,0.11
batch_norm,21_vit_32x197x3072_3072_3072_32x197x3072,LOOP,0.02,0.02
batch_norm,21_vit_32x197x3072_3072_3072_32x197x3072,MEMORYREUSE,1.15,1.13
batch_norm,21_vit_32x197x3072_3072_3072_32x197x3072,ACTIVE-THREADS,0.03,0.03
batch_norm,21_vit_32x197x3072_3072_3072_32x197x3072,CHECK,0.45,0.44
batch_norm,21_vit_32x197x3072_3072_3072_32x197x3072,CODEGEN,0.10,0.58
batch_norm,21_vit_32x197x3072_3072_3072_32x197x3072,GCU,0.19,0.19
batch_norm,21_vit_32x197x3072_3072_3072_32x197x3072,MUCHK,0.05,0.05
batch_norm,21_vit_32x197x3072_3072_3072_32x197x3072,ASSERT-SITE,0.08,0.09
batch_norm,21_vit_32x197x3072_3072_3072_32x197x3072,CODEGEN,0.60,0.58
batch_norm,21_vit_32x197x3072_3072_3072_32x197x3072,Total,4.59,4.47
batch_norm,3_attention_32xNx512x64_N_N_32xNx512x64,SEMA,0.47,0.45
batch_norm,3_attention_32xNx512x64_N_N_32xNx512x64,NORM,0.24,0.22
batch_norm,3_attention_32xNx512x64_N_N_32xNx512x64,VALNO,2.15,2.19
batch_norm,3_attention_32xNx512x64_N_N_32xNx512x64,INFER,0.23,0.22
batch_norm,3_attention_32xNx512x64_N_N_32xNx512x64,LATENORM,0.16,0.15
batch_norm,3_attention_32xNx512x64_N_N_32xNx512x64,LOOP,0.03,0.03
batch_norm,3_attention_32xNx512x64_N_N_32xNx512x64,MEMORYREUSE,1.85,1.90
batch_norm,3_attention_32xNx512x64_N_N_32xNx512x64,ACTIVE-THREADS,0.04,0.04
batch_norm,3_attention_32xNx512x64_N_N_32xNx512x64,CHECK,1.15,1.22
batch_norm,3_attention_32xNx512x64_N_N_32xNx512x64,CODEGEN,0.13,1.11
batch_norm,3_attention_32xNx512x64_N_N_32xNx512x64,GCU,0.29,0.54
batch_norm,3_attention_32xNx512x64_N_N_32xNx512x64,MUCHK,0.07,0.11
batch_norm,3_attention_32xNx512x64_N_N_32xNx512x64,ASSERT-SITE,0.11,0.12
batch_norm,3_attention_32xNx512x64_N_N_32xNx512x64,CODEGEN,0.83,1.11
batch_norm,3_attention_32xNx512x64_N_N_32xNx512x64,Total,7.74,8.43
batch_norm,4_dynamic_Nx256x56x56_256_256_Nx256x56x56,SEMA,0.46,0.43
batch_norm,4_dynamic_Nx256x56x56_256_256_Nx256x56x56,NORM,0.23,0.22
batch_norm,4_dynamic_Nx256x56x56_256_256_Nx256x56x56,VALNO,2.14,2.16
batch_norm,4_dynamic_Nx256x56x56_256_256_Nx256x56x56,INFER,0.22,0.21
batch_norm,4_dynamic_Nx256x56x56_256_256_Nx256x56x56,LATENORM,0.16,0.15
batch_norm,4_dynamic_Nx256x56x56_256_256_Nx256x56x56,LOOP,0.03,0.03
batch_norm,4_dynamic_Nx256x56x56_256_256_Nx256x56x56,MEMORYREUSE,1.85,1.94
batch_norm,4_dynamic_Nx256x56x56_256_256_Nx256x56x56,ACTIVE-THREADS,0.04,0.04
batch_norm,4_dynamic_Nx256x56x56_256_256_Nx256x56x56,CHECK,1.15,1.15
batch_norm,4_dynamic_Nx256x56x56_256_256_Nx256x56x56,CODEGEN,0.13,1.43
batch_norm,4_dynamic_Nx256x56x56_256_256_Nx256x56x56,GCU,0.28,0.87
batch_norm,4_dynamic_Nx256x56x56_256_256_Nx256x56x56,MUCHK,0.06,0.09
batch_norm,4_dynamic_Nx256x56x56_256_256_Nx256x56x56,ASSERT-SITE,0.11,0.13
batch_norm,4_dynamic_Nx256x56x56_256_256_Nx256x56x56,CODEGEN,0.82,1.43
batch_norm,4_dynamic_Nx256x56x56_256_256_Nx256x56x56,Total,7.69,8.99
batch_norm,5_dynamic_Nx1280xHxW_1280_1280_Nx1280xHxW,SEMA,0.46,0.46
batch_norm,5_dynamic_Nx1280xHxW_1280_1280_Nx1280xHxW,NORM,0.23,0.22
batch_norm,5_dynamic_Nx1280xHxW_1280_1280_Nx1280xHxW,VALNO,2.13,2.27
batch_norm,5_dynamic_Nx1280xHxW_1280_1280_Nx1280xHxW,INFER,0.21,0.25
batch_norm,5_dynamic_Nx1280xHxW_1280_1280_Nx1280xHxW,LATENORM,0.15,0.15
batch_norm,5_dynamic_Nx1280xHxW_1280_1280_Nx1280xHxW,LOOP,0.03,0.03
batch_norm,5_dynamic_Nx1280xHxW_1280_1280_Nx1280xHxW,MEMORYREUSE,1.86,2.05
batch_norm,5_dynamic_Nx1280xHxW_1280_1280_Nx1280xHxW,ACTIVE-THREADS,0.04,0.04
batch_norm,5_dynamic_Nx1280xHxW_1280_1280_Nx1280xHxW,CHECK,1.13,1.24
batch_norm,5_dynamic_Nx1280xHxW_1280_1280_Nx1280xHxW,CODEGEN,0.13,1.97
batch_norm,5_dynamic_Nx1280xHxW_1280_1280_Nx1280xHxW,GCU,0.32,1.43
batch_norm,5_dynamic_Nx1280xHxW_1280_1280_Nx1280xHxW,MUCHK,0.07,0.13
batch_norm,5_dynamic_Nx1280xHxW_1280_1280_Nx1280xHxW,ASSERT-SITE,0.11,0.13
batch_norm,5_dynamic_Nx1280xHxW_1280_1280_Nx1280xHxW,CODEGEN,1.09,1.97
batch_norm,5_dynamic_Nx1280xHxW_1280_1280_Nx1280xHxW,Total,7.98,10.50
batch_norm,6_dynamic_128xCx112x112_C_C_128xCx112x112,SEMA,0.46,0.44
batch_norm,6_dynamic_128xCx112x112_C_C_128xCx112x112,NORM,0.23,0.23
batch_norm,6_dynamic_128xCx112x112_C_C_128xCx112x112,VALNO,2.12,2.17
batch_norm,6_dynamic_128xCx112x112_C_C_128xCx112x112,INFER,0.21,0.22
batch_norm,6_dynamic_128xCx112x112_C_C_128xCx112x112,LATENORM,0.15,0.15
batch_norm,6_dynamic_128xCx112x112_C_C_128xCx112x112,LOOP,0.03,0.03
batch_norm,6_dynamic_128xCx112x112_C_C_128xCx112x112,MEMORYREUSE,1.85,1.90
batch_norm,6_dynamic_128xCx112x112_C_C_128xCx112x112,ACTIVE-THREADS,0.04,0.04
batch_norm,6_dynamic_128xCx112x112_C_C_128xCx112x112,CHECK,1.13,1.20
batch_norm,6_dynamic_128xCx112x112_C_C_128xCx112x112,CODEGEN,0.13,1.10
batch_norm,6_dynamic_128xCx112x112_C_C_128xCx112x112,GCU,0.29,0.54
batch_norm,6_dynamic_128xCx112x112_C_C_128xCx112x112,MUCHK,0.07,0.11
batch_norm,6_dynamic_128xCx112x112_C_C_128xCx112x112,ASSERT-SITE,0.12,0.12
batch_norm,6_dynamic_128xCx112x112_C_C_128xCx112x112,CODEGEN,0.82,1.10
batch_norm,6_dynamic_128xCx112x112_C_C_128xCx112x112,Total,7.65,8.37
batch_norm,7_dynamic_32x197xE_E_E_32x197xE,SEMA,0.29,0.28
batch_norm,7_dynamic_32x197xE_E_E_32x197xE,NORM,0.19,0.17
batch_norm,7_dynamic_32x197xE_E_E_32x197xE,VALNO,1.22,1.31
batch_norm,7_dynamic_32x197xE_E_E_32x197xE,INFER,0.14,0.14
batch_norm,7_dynamic_32x197xE_E_E_32x197xE,LATENORM,0.11,0.11
batch_norm,7_dynamic_32x197xE_E_E_32x197xE,LOOP,0.02,0.02
batch_norm,7_dynamic_32x197xE_E_E_32x197xE,MEMORYREUSE,1.15,1.19
batch_norm,7_dynamic_32x197xE_E_E_32x197xE,ACTIVE-THREADS,0.03,0.03
batch_norm,7_dynamic_32x197xE_E_E_32x197xE,CHECK,0.45,0.47
batch_norm,7_dynamic_32x197xE_E_E_32x197xE,CODEGEN,0.10,1.16
batch_norm,7_dynamic_32x197xE_E_E_32x197xE,GCU,0.19,0.41
batch_norm,7_dynamic_32x197xE_E_E_32x197xE,MUCHK,0.05,0.08
batch_norm,7_dynamic_32x197xE_E_E_32x197xE,ASSERT-SITE,0.08,0.09
batch_norm,7_dynamic_32x197xE_E_E_32x197xE,CODEGEN,0.60,1.16
batch_norm,7_dynamic_32x197xE_E_E_32x197xE,Total,4.62,5.56
batch_norm,8_dynamic_16x1024xD_D_D_16x1024xD,SEMA,0.30,0.28
batch_norm,8_dynamic_16x1024xD_D_D_16x1024xD,NORM,0.18,0.17
batch_norm,8_dynamic_16x1024xD_D_D_16x1024xD,VALNO,1.22,1.25
batch_norm,8_dynamic_16x1024xD_D_D_16x1024xD,INFER,0.14,0.14
batch_norm,8_dynamic_16x1024xD_D_D_16x1024xD,LATENORM,0.11,0.11
batch_norm,8_dynamic_16x1024xD_D_D_16x1024xD,LOOP,0.02,0.02
batch_norm,8_dynamic_16x1024xD_D_D_16x1024xD,MEMORYREUSE,1.17,1.18
batch_norm,8_dynamic_16x1024xD_D_D_16x1024xD,ACTIVE-THREADS,0.03,0.03
batch_norm,8_dynamic_16x1024xD_D_D_16x1024xD,CHECK,0.45,0.47
batch_norm,8_dynamic_16x1024xD_D_D_16x1024xD,CODEGEN,0.10,1.16
batch_norm,8_dynamic_16x1024xD_D_D_16x1024xD,GCU,0.19,0.42
batch_norm,8_dynamic_16x1024xD_D_D_16x1024xD,MUCHK,0.05,0.08
batch_norm,8_dynamic_16x1024xD_D_D_16x1024xD,ASSERT-SITE,0.09,0.08
batch_norm,8_dynamic_16x1024xD_D_D_16x1024xD,CODEGEN,0.61,1.16
batch_norm,8_dynamic_16x1024xD_D_D_16x1024xD,Total,4.66,5.47
batch_norm,9_dynamic_64x128xHxW_128_128_64x128xHxW,SEMA,0.46,0.45
batch_norm,9_dynamic_64x128xHxW_128_128_64x128xHxW,NORM,0.23,0.22
batch_norm,9_dynamic_64x128xHxW_128_128_64x128xHxW,VALNO,2.11,2.23
batch_norm,9_dynamic_64x128xHxW_128_128_64x128xHxW,INFER,0.22,0.24
batch_norm,9_dynamic_64x128xHxW_128_128_64x128xHxW,LATENORM,0.15,0.15
batch_norm,9_dynamic_64x128xHxW_128_128_64x128xHxW,LOOP,0.03,0.03
batch_norm,9_dynamic_64x128xHxW_128_128_64x128xHxW,MEMORYREUSE,1.87,1.94
batch_norm,9_dynamic_64x128xHxW_128_128_64x128xHxW,ACTIVE-THREADS,0.04,0.04
batch_norm,9_dynamic_64x128xHxW_128_128_64x128xHxW,CHECK,1.14,1.25
batch_norm,9_dynamic_64x128xHxW_128_128_64x128xHxW,CODEGEN,0.13,1.44
batch_norm,9_dynamic_64x128xHxW_128_128_64x128xHxW,GCU,0.28,0.76
batch_norm,9_dynamic_64x128xHxW_128_128_64x128xHxW,MUCHK,0.07,0.11
batch_norm,9_dynamic_64x128xHxW_128_128_64x128xHxW,ASSERT-SITE,0.11,0.12
batch_norm,9_dynamic_64x128xHxW_128_128_64x128xHxW,CODEGEN,0.82,1.44
batch_norm,9_dynamic_64x128xHxW_128_128_64x128xHxW,Total,7.65,9.11
concat,10_dynamic_16x512xHxW_16x512xHxW_16x1024xHxW,SEMA,0.18,0.16
concat,10_dynamic_16x512xHxW_16x512xHxW_16x1024xHxW,NORM,0.13,0.11
concat,10_dynamic_16x512xHxW_16x512xHxW_16x1024xHxW,VALNO,0.77,1.15
concat,10_dynamic_16x512xHxW_16x512xHxW_16x1024xHxW,INFER,0.08,0.10
concat,10_dynamic_16x512xHxW_16x512xHxW_16x1024xHxW,LATENORM,0.06,0.06
concat,10_dynamic_16x512xHxW_16x512xHxW_16x1024xHxW,LOOP,0.01,0.01
concat,10_dynamic_16x512xHxW_16x512xHxW_16x1024xHxW,MEMORYREUSE,0.53,0.68
concat,10_dynamic_16x512xHxW_16x512xHxW_16x1024xHxW,ACTIVE-THREADS,0.02,0.02
concat,10_dynamic_16x512xHxW_16x512xHxW_16x1024xHxW,CHECK,0.41,0.41
concat,10_dynamic_16x512xHxW_16x512xHxW_16x1024xHxW,CODEGEN,0.06,4.76
concat,10_dynamic_16x512xHxW_16x512xHxW_16x1024xHxW,GCU,0.12,1.24
concat,10_dynamic_16x512xHxW_16x512xHxW_16x1024xHxW,MUCHK,0.03,0.06
concat,10_dynamic_16x512xHxW_16x512xHxW_16x1024xHxW,ASSERT-SITE,0.04,0.06
concat,10_dynamic_16x512xHxW_16x512xHxW_16x1024xHxW,CODEGEN,0.34,4.76
concat,10_dynamic_16x512xHxW_16x512xHxW_16x1024xHxW,Total,2.79,8.87
concat,11_dynamic_32xS1x768_32xS2x768_32xS1pS2x768,SEMA,0.18,0.00
concat,11_dynamic_32xS1x768_32xS2x768_32xS1pS2x768,NORM,0.12,0.00
concat,11_dynamic_32xS1x768_32xS2x768_32xS1pS2x768,VALNO,0.77,0.00
concat,11_dynamic_32xS1x768_32xS2x768_32xS1pS2x768,INFER,0.08,0.00
concat,11_dynamic_32xS1x768_32xS2x768_32xS1pS2x768,LATENORM,0.06,0.00
concat,11_dynamic_32xS1x768_32xS2x768_32xS1pS2x768,LOOP,0.01,0.00
concat,11_dynamic_32xS1x768_32xS2x768_32xS1pS2x768,MEMORYREUSE,0.54,0.00
concat,11_dynamic_32xS1x768_32xS2x768_32xS1pS2x768,ACTIVE-THREADS,0.02,0.00
concat,11_dynamic_32xS1x768_32xS2x768_32xS1pS2x768,CHECK,0.40,0.00
concat,11_dynamic_32xS1x768_32xS2x768_32xS1pS2x768,CODEGEN,0.05,0.00
concat,11_dynamic_32xS1x768_32xS2x768_32xS1pS2x768,GCU,0.12,0.00
concat,11_dynamic_32xS1x768_32xS2x768_32xS1pS2x768,MUCHK,0.03,0.00
concat,11_dynamic_32xS1x768_32xS2x768_32xS1pS2x768,ASSERT-SITE,0.04,0.00
concat,11_dynamic_32xS1x768_32xS2x768_32xS1pS2x768,CODEGEN,0.37,0.00
concat,11_dynamic_32xS1x768_32xS2x768_32xS1pS2x768,Total,2.81,0.00
concat,12_dynamic_64xTx256_64xTx256_64xTx512,SEMA,0.17,0.15
concat,12_dynamic_64xTx256_64xTx256_64xTx512,NORM,0.12,0.11
concat,12_dynamic_64xTx256_64xTx256_64xTx512,VALNO,0.66,0.82
concat,12_dynamic_64xTx256_64xTx256_64xTx512,INFER,0.08,0.08
concat,12_dynamic_64xTx256_64xTx256_64xTx512,LATENORM,0.06,0.06
concat,12_dynamic_64xTx256_64xTx256_64xTx512,LOOP,0.01,0.01
concat,12_dynamic_64xTx256_64xTx256_64xTx512,MEMORYREUSE,0.52,0.59
concat,12_dynamic_64xTx256_64xTx256_64xTx512,ACTIVE-THREADS,0.02,0.02
concat,12_dynamic_64xTx256_64xTx256_64xTx512,CHECK,0.33,0.34
concat,12_dynamic_64xTx256_64xTx256_64xTx512,CODEGEN,0.05,1.47
concat,12_dynamic_64xTx256_64xTx256_64xTx512,GCU,0.10,0.52
concat,12_dynamic_64xTx256_64xTx256_64xTx512,MUCHK,0.03,0.05
concat,12_dynamic_64xTx256_64xTx256_64xTx512,ASSERT-SITE,0.04,0.05
concat,12_dynamic_64xTx256_64xTx256_64xTx512,CODEGEN,0.33,1.47
concat,12_dynamic_64xTx256_64xTx256_64xTx512,Total,2.55,4.32
concat,13_dynamic_32x512xV1_32x512xV2_32x512xV1pV2,SEMA,0.17,0.00
concat,13_dynamic_32x512xV1_32x512xV2_32x512xV1pV2,NORM,0.12,0.00
concat,13_dynamic_32x512xV1_32x512xV2_32x512xV1pV2,VALNO,0.67,0.00
concat,13_dynamic_32x512xV1_32x512xV2_32x512xV1pV2,INFER,0.08,0.00
concat,13_dynamic_32x512xV1_32x512xV2_32x512xV1pV2,LATENORM,0.06,0.00
concat,13_dynamic_32x512xV1_32x512xV2_32x512xV1pV2,LOOP,0.01,0.00
concat,13_dynamic_32x512xV1_32x512xV2_32x512xV1pV2,MEMORYREUSE,0.52,0.00
concat,13_dynamic_32x512xV1_32x512xV2_32x512xV1pV2,ACTIVE-THREADS,0.02,0.00
concat,13_dynamic_32x512xV1_32x512xV2_32x512xV1pV2,CHECK,0.33,0.00
concat,13_dynamic_32x512xV1_32x512xV2_32x512xV1pV2,CODEGEN,0.05,0.00
concat,13_dynamic_32x512xV1_32x512xV2_32x512xV1pV2,GCU,0.10,0.00
concat,13_dynamic_32x512xV1_32x512xV2_32x512xV1pV2,MUCHK,0.03,0.00
concat,13_dynamic_32x512xV1_32x512xV2_32x512xV1pV2,ASSERT-SITE,0.04,0.00
concat,13_dynamic_32x512xV1_32x512xV2_32x512xV1pV2,CODEGEN,0.32,0.00
concat,13_dynamic_32x512xV1_32x512xV2_32x512xV1pV2,Total,2.54,0.00
concat,14_efficientnet_64x1280x7x7_64x320x7x7_64x1600x7x7,SEMA,0.25,0.23
concat,14_efficientnet_64x1280x7x7_64x320x7x7_64x1600x7x7,NORM,0.17,0.17
concat,14_efficientnet_64x1280x7x7_64x320x7x7_64x1600x7x7,VALNO,1.14,1.11
concat,14_efficientnet_64x1280x7x7_64x320x7x7_64x1600x7x7,INFER,0.12,0.11
concat,14_efficientnet_64x1280x7x7_64x320x7x7_64x1600x7x7,LATENORM,0.09,0.09
concat,14_efficientnet_64x1280x7x7_64x320x7x7_64x1600x7x7,LOOP,0.02,0.02
concat,14_efficientnet_64x1280x7x7_64x320x7x7_64x1600x7x7,MEMORYREUSE,0.78,0.76
concat,14_efficientnet_64x1280x7x7_64x320x7x7_64x1600x7x7,ACTIVE-THREADS,0.03,0.04
concat,14_efficientnet_64x1280x7x7_64x320x7x7_64x1600x7x7,CHECK,0.61,0.69
concat,14_efficientnet_64x1280x7x7_64x320x7x7_64x1600x7x7,CODEGEN,0.08,0.60
concat,14_efficientnet_64x1280x7x7_64x320x7x7_64x1600x7x7,GCU,0.17,0.20
concat,14_efficientnet_64x1280x7x7_64x320x7x7_64x1600x7x7,MUCHK,0.05,0.06
concat,14_efficientnet_64x1280x7x7_64x320x7x7_64x1600x7x7,ASSERT-SITE,0.07,0.07
concat,14_efficientnet_64x1280x7x7_64x320x7x7_64x1600x7x7,CODEGEN,0.52,0.60
concat,14_efficientnet_64x1280x7x7_64x320x7x7_64x1600x7x7,Total,4.10,4.25
concat,17_mobilenet_128x96x112x112_128x32x112x112_128x128x112x112,SEMA,0.20,0.18
concat,17_mobilenet_128x96x112x112_128x32x112x112_128x128x112x112,NORM,0.11,0.10
concat,17_mobilenet_128x96x112x112_128x32x112x112_128x128x112x112,VALNO,0.83,0.80
concat,17_mobilenet_128x96x112x112_128x32x112x112_128x128x112x112,INFER,0.09,0.08
concat,17_mobilenet_128x96x112x112_128x32x112x112_128x128x112x112,LATENORM,0.06,0.06
concat,17_mobilenet_128x96x112x112_128x32x112x112_128x128x112x112,LOOP,0.01,0.01
concat,17_mobilenet_128x96x112x112_128x32x112x112_128x128x112x112,MEMORYREUSE,0.61,0.59
concat,17_mobilenet_128x96x112x112_128x32x112x112_128x128x112x112,ACTIVE-THREADS,0.02,0.02
concat,17_mobilenet_128x96x112x112_128x32x112x112_128x128x112x112,CHECK,0.41,0.40
concat,17_mobilenet_128x96x112x112_128x32x112x112_128x128x112x112,CODEGEN,0.06,0.37
concat,17_mobilenet_128x96x112x112_128x32x112x112_128x128x112x112,GCU,0.12,0.12
concat,17_mobilenet_128x96x112x112_128x32x112x112_128x128x112x112,MUCHK,0.03,0.03
concat,17_mobilenet_128x96x112x112_128x32x112x112_128x128x112x112,ASSERT-SITE,0.04,0.04
concat,17_mobilenet_128x96x112x112_128x32x112x112_128x128x112x112,CODEGEN,0.39,0.37
concat,17_mobilenet_128x96x112x112_128x32x112x112_128x128x112x112,Total,2.98,2.84
concat,18_resnet_64x256x56x56_64x256x56x56_64x512x56x56,SEMA,0.21,0.18
concat,18_resnet_64x256x56x56_64x256x56x56_64x512x56x56,NORM,0.11,0.09
concat,18_resnet_64x256x56x56_64x256x56x56_64x512x56x56,VALNO,0.83,0.81
concat,18_resnet_64x256x56x56_64x256x56x56_64x512x56x56,INFER,0.08,0.08
concat,18_resnet_64x256x56x56_64x256x56x56_64x512x56x56,LATENORM,0.06,0.06
concat,18_resnet_64x256x56x56_64x256x56x56_64x512x56x56,LOOP,0.02,0.02
concat,18_resnet_64x256x56x56_64x256x56x56_64x512x56x56,MEMORYREUSE,0.61,0.57
concat,18_resnet_64x256x56x56_64x256x56x56_64x512x56x56,ACTIVE-THREADS,0.02,0.02
concat,18_resnet_64x256x56x56_64x256x56x56_64x512x56x56,CHECK,0.41,0.40
concat,18_resnet_64x256x56x56_64x256x56x56_64x512x56x56,CODEGEN,0.06,0.36
concat,18_resnet_64x256x56x56_64x256x56x56_64x512x56x56,GCU,0.12,0.11
concat,18_resnet_64x256x56x56_64x256x56x56_64x512x56x56,MUCHK,0.03,0.03
concat,18_resnet_64x256x56x56_64x256x56x56_64x512x56x56,ASSERT-SITE,0.05,0.04
concat,18_resnet_64x256x56x56_64x256x56x56_64x512x56x56,CODEGEN,0.39,0.36
concat,18_resnet_64x256x56x56_64x256x56x56_64x512x56x56,Total,2.99,2.82
concat,19_transformer_32x512x64_32x512x64_32x512x64_32x512x64_32x512x256,SEMA,0.21,0.20
concat,19_transformer_32x512x64_32x512x64_32x512x64_32x512x64_32x512x256,NORM,0.14,0.13
concat,19_transformer_32x512x64_32x512x64_32x512x64_32x512x64_32x512x256,VALNO,0.90,0.89
concat,19_transformer_32x512x64_32x512x64_32x512x64_32x512x64_32x512x256,INFER,0.10,0.09
concat,19_transformer_32x512x64_32x512x64_32x512x64_32x512x64_32x512x256,LATENORM,0.07,0.07
concat,19_transformer_32x512x64_32x512x64_32x512x64_32x512x64_32x512x256,LOOP,0.02,0.02
concat,19_transformer_32x512x64_32x512x64_32x512x64_32x512x64_32x512x256,MEMORYREUSE,0.73,0.69
concat,19_transformer_32x512x64_32x512x64_32x512x64_32x512x64_32x512x256,ACTIVE-THREADS,0.02,0.02
concat,19_transformer_32x512x64_32x512x64_32x512x64_32x512x64_32x512x256,CHECK,0.47,0.46
concat,19_transformer_32x512x64_32x512x64_32x512x64_32x512x64_32x512x256,CODEGEN,0.06,0.42
concat,19_transformer_32x512x64_32x512x64_32x512x64_32x512x64_32x512x256,GCU,0.15,0.15
concat,19_transformer_32x512x64_32x512x64_32x512x64_32x512x64_32x512x256,MUCHK,0.04,0.04
concat,19_transformer_32x512x64_32x512x64_32x512x64_32x512x64_32x512x256,ASSERT-SITE,0.05,0.05
concat,19_transformer_32x512x64_32x512x64_32x512x64_32x512x64_32x512x256,CODEGEN,0.44,0.42
concat,19_transformer_32x512x64_32x512x64_32x512x64_32x512x64_32x512x256,Total,3.39,3.27
concat,20_unet_16x512x32x32_16x512x32x32_16x1024x32x32,SEMA,0.20,0.18
concat,20_unet_16x512x32x32_16x512x32x32_16x1024x32x32,NORM,0.10,0.09
concat,20_unet_16x512x32x32_16x512x32x32_16x1024x32x32,VALNO,0.82,0.80
concat,20_unet_16x512x32x32_16x512x32x32_16x1024x32x32,INFER,0.08,0.08
concat,20_unet_16x512x32x32_16x512x32x32_16x1024x32x32,LATENORM,0.06,0.07
concat,20_unet_16x512x32x32_16x512x32x32_16x1024x32x32,LOOP,0.01,0.01
concat,20_unet_16x512x32x32_16x512x32x32_16x1024x32x32,MEMORYREUSE,0.62,0.58
concat,20_unet_16x512x32x32_16x512x32x32_16x1024x32x32,ACTIVE-THREADS,0.02,0.02
concat,20_unet_16x512x32x32_16x512x32x32_16x1024x32x32,CHECK,0.40,0.40
concat,20_unet_16x512x32x32_16x512x32x32_16x1024x32x32,CODEGEN,0.05,0.37
concat,20_unet_16x512x32x32_16x512x32x32_16x1024x32x32,GCU,0.12,0.12
concat,20_unet_16x512x32x32_16x512x32x32_16x1024x32x32,MUCHK,0.03,0.03
concat,20_unet_16x512x32x32_16x512x32x32_16x1024x32x32,ASSERT-SITE,0.05,0.04
concat,20_unet_16x512x32x32_16x512x32x32_16x1024x32x32,CODEGEN,0.39,0.37
concat,20_unet_16x512x32x32_16x512x32x32_16x1024x32x32,Total,2.96,2.84
concat,21_vit_32x196x768_32x1x768_32x197x768,SEMA,0.18,0.16
concat,21_vit_32x196x768_32x1x768_32x197x768,NORM,0.13,0.11
concat,21_vit_32x196x768_32x1x768_32x197x768,VALNO,0.77,0.75
concat,21_vit_32x196x768_32x1x768_32x197x768,INFER,0.08,0.07
concat,21_vit_32x196x768_32x1x768_32x197x768,LATENORM,0.06,0.06
concat,21_vit_32x196x768_32x1x768_32x197x768,LOOP,0.01,0.01
concat,21_vit_32x196x768_32x1x768_32x197x768,MEMORYREUSE,0.54,0.51
concat,21_vit_32x196x768_32x1x768_32x197x768,ACTIVE-THREADS,0.02,0.02
concat,21_vit_32x196x768_32x1x768_32x197x768,CHECK,0.42,0.40
concat,21_vit_32x196x768_32x1x768_32x197x768,CODEGEN,0.05,0.36
concat,21_vit_32x196x768_32x1x768_32x197x768,GCU,0.12,0.11
concat,21_vit_32x196x768_32x1x768_32x197x768,MUCHK,0.03,0.03
concat,21_vit_32x196x768_32x1x768_32x197x768,ASSERT-SITE,0.04,0.04
concat,21_vit_32x196x768_32x1x768_32x197x768,CODEGEN,0.37,0.36
concat,21_vit_32x196x768_32x1x768_32x197x768,Total,2.82,2.69
concat,3_attention_32xNx512x64_32xNx512x64_32xNx512x128,SEMA,0.23,0.22
concat,3_attention_32xNx512x64_32xNx512x64_32xNx512x128,NORM,0.11,0.10
concat,3_attention_32xNx512x64_32xNx512x64_32xNx512x128,VALNO,1.03,1.15
concat,3_attention_32xNx512x64_32xNx512x64_32xNx512x128,INFER,0.10,0.09
concat,3_attention_32xNx512x64_32xNx512x64_32xNx512x128,LATENORM,0.07,0.07
concat,3_attention_32xNx512x64_32xNx512x64_32xNx512x128,LOOP,0.02,0.02
concat,3_attention_32xNx512x64_32xNx512x64_32xNx512x128,MEMORYREUSE,0.81,0.88
concat,3_attention_32xNx512x64_32xNx512x64_32xNx512x128,ACTIVE-THREADS,0.02,0.02
concat,3_attention_32xNx512x64_32xNx512x64_32xNx512x128,CHECK,0.20,0.20
concat,3_attention_32xNx512x64_32xNx512x64_32xNx512x128,CODEGEN,0.06,1.61
concat,3_attention_32xNx512x64_32xNx512x64_32xNx512x128,GCU,0.13,0.47
concat,3_attention_32xNx512x64_32xNx512x64_32xNx512x128,MUCHK,0.04,0.06
concat,3_attention_32xNx512x64_32xNx512x64_32xNx512x128,ASSERT-SITE,0.05,0.06
concat,3_attention_32xNx512x64_32xNx512x64_32xNx512x128,CODEGEN,0.45,1.61
concat,3_attention_32xNx512x64_32xNx512x64_32xNx512x128,Total,3.32,5.00
concat,4_dynamic_Nx256x56x56_Nx256x56x56_Nx512x56x56,SEMA,0.18,0.16
concat,4_dynamic_Nx256x56x56_Nx256x56x56_Nx512x56x56,NORM,0.13,0.11
concat,4_dynamic_Nx256x56x56_Nx256x56x56_Nx512x56x56,VALNO,0.77,0.83
concat,4_dynamic_Nx256x56x56_Nx256x56x56_Nx512x56x56,INFER,0.08,0.08
concat,4_dynamic_Nx256x56x56_Nx256x56x56_Nx512x56x56,LATENORM,0.06,0.06
concat,4_dynamic_Nx256x56x56_Nx256x56x56_Nx512x56x56,LOOP,0.01,0.01
concat,4_dynamic_Nx256x56x56_Nx256x56x56_Nx512x56x56,MEMORYREUSE,0.54,0.58
concat,4_dynamic_Nx256x56x56_Nx256x56x56_Nx512x56x56,ACTIVE-THREADS,0.02,0.02
concat,4_dynamic_Nx256x56x56_Nx256x56x56_Nx512x56x56,CHECK,0.41,0.41
concat,4_dynamic_Nx256x56x56_Nx256x56x56_Nx512x56x56,CODEGEN,0.05,0.76
concat,4_dynamic_Nx256x56x56_Nx256x56x56_Nx512x56x56,GCU,0.12,1.20
concat,4_dynamic_Nx256x56x56_Nx256x56x56_Nx512x56x56,MUCHK,0.03,0.06
concat,4_dynamic_Nx256x56x56_Nx256x56x56_Nx512x56x56,ASSERT-SITE,0.04,0.05
concat,4_dynamic_Nx256x56x56_Nx256x56x56_Nx512x56x56,CODEGEN,0.37,0.76
concat,4_dynamic_Nx256x56x56_Nx256x56x56_Nx512x56x56,Total,2.83,4.38
concat,5_dynamic_Nx1280xHxW_Nx320xHxW_Nx1600xHxW,SEMA,0.18,0.17
concat,5_dynamic_Nx1280xHxW_Nx320xHxW_Nx1600xHxW,NORM,0.12,0.11
concat,5_dynamic_Nx1280xHxW_Nx320xHxW_Nx1600xHxW,VALNO,0.76,1.18
concat,5_dynamic_Nx1280xHxW_Nx320xHxW_Nx1600xHxW,INFER,0.08,0.10
concat,5_dynamic_Nx1280xHxW_Nx320xHxW_Nx1600xHxW,LATENORM,0.06,0.06
concat,5_dynamic_Nx1280xHxW_Nx320xHxW_Nx1600xHxW,LOOP,0.01,0.01
concat,5_dynamic_Nx1280xHxW_Nx320xHxW_Nx1600xHxW,MEMORYREUSE,0.53,0.73
concat,5_dynamic_Nx1280xHxW_Nx320xHxW_Nx1600xHxW,ACTIVE-THREADS,0.02,0.02
concat,5_dynamic_Nx1280xHxW_Nx320xHxW_Nx1600xHxW,CHECK,0.40,0.46
concat,5_dynamic_Nx1280xHxW_Nx320xHxW_Nx1600xHxW,CODEGEN,0.05,3.74
concat,5_dynamic_Nx1280xHxW_Nx320xHxW_Nx1600xHxW,GCU,0.12,4.22
concat,5_dynamic_Nx1280xHxW_Nx320xHxW_Nx1600xHxW,MUCHK,0.03,0.08
concat,5_dynamic_Nx1280xHxW_Nx320xHxW_Nx1600xHxW,ASSERT-SITE,0.04,0.07
concat,5_dynamic_Nx1280xHxW_Nx320xHxW_Nx1600xHxW,CODEGEN,0.35,3.74
concat,5_dynamic_Nx1280xHxW_Nx320xHxW_Nx1600xHxW,Total,2.77,11.00
concat,6_dynamic_128xC1x112x112_128xC2x112x112_128xC1pC2x112x112,SEMA,0.18,0.16
concat,6_dynamic_128xC1x112x112_128xC2x112x112_128xC1pC2x112x112,NORM,0.13,0.11
concat,6_dynamic_128xC1x112x112_128xC2x112x112_128xC1pC2x112x112,VALNO,0.77,0.78
concat,6_dynamic_128xC1x112x112_128xC2x112x112_128xC1pC2x112x112,INFER,0.08,0.08
concat,6_dynamic_128xC1x112x112_128xC2x112x112_128xC1pC2x112x112,LATENORM,0.06,0.06
concat,6_dynamic_128xC1x112x112_128xC2x112x112_128xC1pC2x112x112,LOOP,0.02,0.01
concat,6_dynamic_128xC1x112x112_128xC2x112x112_128xC1pC2x112x112,MEMORYREUSE,0.53,0.56
concat,6_dynamic_128xC1x112x112_128xC2x112x112_128xC1pC2x112x112,ACTIVE-THREADS,0.02,0.02
concat,6_dynamic_128xC1x112x112_128xC2x112x112_128xC1pC2x112x112,CHECK,0.41,0.40
concat,6_dynamic_128xC1x112x112_128xC2x112x112_128xC1pC2x112x112,CODEGEN,0.06,0.72
concat,6_dynamic_128xC1x112x112_128xC2x112x112_128xC1pC2x112x112,GCU,0.12,0.25
concat,6_dynamic_128xC1x112x112_128xC2x112x112_128xC1pC2x112x112,MUCHK,0.03,0.05
concat,6_dynamic_128xC1x112x112_128xC2x112x112_128xC1pC2x112x112,ASSERT-SITE,0.04,0.05
concat,6_dynamic_128xC1x112x112_128xC2x112x112_128xC1pC2x112x112,CODEGEN,0.36,0.72
concat,6_dynamic_128xC1x112x112_128xC2x112x112_128xC1pC2x112x112,Total,2.81,3.32
concat,7_dynamic_32x197xE1_32x197xE2_32x197xE1pE2,SEMA,0.17,0.00
concat,7_dynamic_32x197xE1_32x197xE2_32x197xE1pE2,NORM,0.12,0.00
concat,7_dynamic_32x197xE1_32x197xE2_32x197xE1pE2,VALNO,0.66,0.00
concat,7_dynamic_32x197xE1_32x197xE2_32x197xE1pE2,INFER,0.08,0.00
concat,7_dynamic_32x197xE1_32x197xE2_32x197xE1pE2,LATENORM,0.07,0.00
concat,7_dynamic_32x197xE1_32x197xE2_32x197xE1pE2,LOOP,0.02,0.00
concat,7_dynamic_32x197xE1_32x197xE2_32x197xE1pE2,MEMORYREUSE,0.53,0.00
concat,7_dynamic_32x197xE1_32x197xE2_32x197xE1pE2,ACTIVE-THREADS,0.02,0.00
concat,7_dynamic_32x197xE1_32x197xE2_32x197xE1pE2,CHECK,0.33,0.00
concat,7_dynamic_32x197xE1_32x197xE2_32x197xE1pE2,CODEGEN,0.05,0.00
concat,7_dynamic_32x197xE1_32x197xE2_32x197xE1pE2,GCU,0.11,0.00
concat,7_dynamic_32x197xE1_32x197xE2_32x197xE1pE2,MUCHK,0.03,0.00
concat,7_dynamic_32x197xE1_32x197xE2_32x197xE1pE2,ASSERT-SITE,0.04,0.00
concat,7_dynamic_32x197xE1_32x197xE2_32x197xE1pE2,CODEGEN,0.33,0.00
concat,7_dynamic_32x197xE1_32x197xE2_32x197xE1pE2,Total,2.56,0.00
concat,8_dynamic_16x1024xD1_16x1024xD2_16x1024xD1pD2,SEMA,0.17,0.00
concat,8_dynamic_16x1024xD1_16x1024xD2_16x1024xD1pD2,NORM,0.14,0.00
concat,8_dynamic_16x1024xD1_16x1024xD2_16x1024xD1pD2,VALNO,0.67,0.00
concat,8_dynamic_16x1024xD1_16x1024xD2_16x1024xD1pD2,INFER,0.08,0.00
concat,8_dynamic_16x1024xD1_16x1024xD2_16x1024xD1pD2,LATENORM,0.06,0.00
concat,8_dynamic_16x1024xD1_16x1024xD2_16x1024xD1pD2,LOOP,0.02,0.00
concat,8_dynamic_16x1024xD1_16x1024xD2_16x1024xD1pD2,MEMORYREUSE,0.53,0.00
concat,8_dynamic_16x1024xD1_16x1024xD2_16x1024xD1pD2,ACTIVE-THREADS,0.02,0.00
concat,8_dynamic_16x1024xD1_16x1024xD2_16x1024xD1pD2,CHECK,0.34,0.00
concat,8_dynamic_16x1024xD1_16x1024xD2_16x1024xD1pD2,CODEGEN,0.05,0.00
concat,8_dynamic_16x1024xD1_16x1024xD2_16x1024xD1pD2,GCU,0.10,0.00
concat,8_dynamic_16x1024xD1_16x1024xD2_16x1024xD1pD2,MUCHK,0.03,0.00
concat,8_dynamic_16x1024xD1_16x1024xD2_16x1024xD1pD2,ASSERT-SITE,0.04,0.00
concat,8_dynamic_16x1024xD1_16x1024xD2_16x1024xD1pD2,CODEGEN,0.35,0.00
concat,8_dynamic_16x1024xD1_16x1024xD2_16x1024xD1pD2,Total,2.59,0.00
concat,9_dynamic_64x128xHxW_64x128xHxW_64x256xHxW,SEMA,0.19,0.17
concat,9_dynamic_64x128xHxW_64x128xHxW_64x256xHxW,NORM,0.13,0.11
concat,9_dynamic_64x128xHxW_64x128xHxW_64x256xHxW,VALNO,0.76,1.16
concat,9_dynamic_64x128xHxW_64x128xHxW_64x256xHxW,INFER,0.08,0.10
concat,9_dynamic_64x128xHxW_64x128xHxW_64x256xHxW,LATENORM,0.06,0.06
concat,9_dynamic_64x128xHxW_64x128xHxW_64x256xHxW,LOOP,0.01,0.01
concat,9_dynamic_64x128xHxW_64x128xHxW_64x256xHxW,MEMORYREUSE,0.54,0.68
concat,9_dynamic_64x128xHxW_64x128xHxW_64x256xHxW,ACTIVE-THREADS,0.02,0.02
concat,9_dynamic_64x128xHxW_64x128xHxW_64x256xHxW,CHECK,0.40,0.41
concat,9_dynamic_64x128xHxW_64x128xHxW_64x256xHxW,CODEGEN,0.05,4.81
concat,9_dynamic_64x128xHxW_64x128xHxW_64x256xHxW,GCU,0.12,1.23
concat,9_dynamic_64x128xHxW_64x128xHxW_64x256xHxW,MUCHK,0.03,0.06
concat,9_dynamic_64x128xHxW_64x128xHxW_64x256xHxW,ASSERT-SITE,0.04,0.06
concat,9_dynamic_64x128xHxW_64x128xHxW_64x256xHxW,CODEGEN,0.34,4.81
concat,9_dynamic_64x128xHxW_64x128xHxW_64x256xHxW,Total,2.79,8.93
conv2d,1_attention_32x512xHxW_1024x512x1x1_32x1024xHxW_1_0_1,SEMA,0.29,0.27
conv2d,1_attention_32x512xHxW_1024x512x1x1_32x1024xHxW_1_0_1,NORM,0.16,0.14
conv2d,1_attention_32x512xHxW_1024x512x1x1_32x1024xHxW_1_0_1,VALNO,1.40,1.68
conv2d,1_attention_32x512xHxW_1024x512x1x1_32x1024xHxW_1_0_1,INFER,0.16,0.16
conv2d,1_attention_32x512xHxW_1024x512x1x1_32x1024xHxW_1_0_1,LATENORM,0.09,0.09
conv2d,1_attention_32x512xHxW_1024x512x1x1_32x1024xHxW_1_0_1,LOOP,0.02,0.02
conv2d,1_attention_32x512xHxW_1024x512x1x1_32x1024xHxW_1_0_1,MEMORYREUSE,1.04,1.14
conv2d,1_attention_32x512xHxW_1024x512x1x1_32x1024xHxW_1_0_1,ACTIVE-THREADS,0.03,0.03
conv2d,1_attention_32x512xHxW_1024x512x1x1_32x1024xHxW_1_0_1,CHECK,0.56,0.56
conv2d,1_attention_32x512xHxW_1024x512x1x1_32x1024xHxW_1_0_1,CODEGEN,0.09,1.53
conv2d,1_attention_32x512xHxW_1024x512x1x1_32x1024xHxW_1_0_1,GCU,0.14,0.91
conv2d,1_attention_32x512xHxW_1024x512x1x1_32x1024xHxW_1_0_1,MUCHK,0.05,0.07
conv2d,1_attention_32x512xHxW_1024x512x1x1_32x1024xHxW_1_0_1,ASSERT-SITE,0.09,0.10
conv2d,1_attention_32x512xHxW_1024x512x1x1_32x1024xHxW_1_0_1,CODEGEN,0.42,1.53
conv2d,1_attention_32x512xHxW_1024x512x1x1_32x1024xHxW_1_0_1,Total,4.54,6.79
conv2d,2_dynamic_Nx64x56x56_128x64x3x3_Nx128x56x56_S_P_D,SEMA,0.36,0.34
conv2d,2_dynamic_Nx64x56x56_128x64x3x3_Nx128x56x56_S_P_D,NORM,0.19,0.19
conv2d,2_dynamic_Nx64x56x56_128x64x3x3_Nx128x56x56_S_P_D,VALNO,17.42,17.65
conv2d,2_dynamic_Nx64x56x56_128x64x3x3_Nx128x56x56_S_P_D,INFER,0.83,0.84
conv2d,2_dynamic_Nx64x56x56_128x64x3x3_Nx128x56x56_S_P_D,LATENORM,0.11,0.11
conv2d,2_dynamic_Nx64x56x56_128x64x3x3_Nx128x56x56_S_P_D,LOOP,0.03,0.03
conv2d,2_dynamic_Nx64x56x56_128x64x3x3_Nx128x56x56_S_P_D,MEMORYREUSE,5.11,5.06
conv2d,2_dynamic_Nx64x56x56_128x64x3x3_Nx128x56x56_S_P_D,ACTIVE-THREADS,0.03,0.03
conv2d,2_dynamic_Nx64x56x56_128x64x3x3_Nx128x56x56_S_P_D,CHECK,1.11,1.17
conv2d,2_dynamic_Nx64x56x56_128x64x3x3_Nx128x56x56_S_P_D,CODEGEN,0.11,59.21
conv2d,2_dynamic_Nx64x56x56_128x64x3x3_Nx128x56x56_S_P_D,GCU,33.61,33.90
conv2d,2_dynamic_Nx64x56x56_128x64x3x3_Nx128x56x56_S_P_D,MUCHK,0.23,0.22
conv2d,2_dynamic_Nx64x56x56_128x64x3x3_Nx128x56x56_S_P_D,ASSERT-SITE,0.16,0.16
conv2d,2_dynamic_Nx64x56x56_128x64x3x3_Nx128x56x56_S_P_D,CODEGEN,59.44,59.21
conv2d,2_dynamic_Nx64x56x56_128x64x3x3_Nx128x56x56_S_P_D,Total,118.75,119.02
conv2d,3_dynamic_16x256xHxW_256x256x3x3_16x256xHxW_S_P_D,SEMA,0.36,0.34
conv2d,3_dynamic_16x256xHxW_256x256x3x3_16x256xHxW_S_P_D,NORM,0.19,0.18
conv2d,3_dynamic_16x256xHxW_256x256x3x3_16x256xHxW_S_P_D,VALNO,17.60,17.09
conv2d,3_dynamic_16x256xHxW_256x256x3x3_16x256xHxW_S_P_D,INFER,0.85,0.83
conv2d,3_dynamic_16x256xHxW_256x256x3x3_16x256xHxW_S_P_D,LATENORM,0.11,0.11
conv2d,3_dynamic_16x256xHxW_256x256x3x3_16x256xHxW_S_P_D,LOOP,0.03,0.03
conv2d,3_dynamic_16x256xHxW_256x256x3x3_16x256xHxW_S_P_D,MEMORYREUSE,5.13,4.91
conv2d,3_dynamic_16x256xHxW_256x256x3x3_16x256xHxW_S_P_D,ACTIVE-THREADS,0.03,0.03
conv2d,3_dynamic_16x256xHxW_256x256x3x3_16x256xHxW_S_P_D,CHECK,1.12,1.12
conv2d,3_dynamic_16x256xHxW_256x256x3x3_16x256xHxW_S_P_D,CODEGEN,0.11,57.41
conv2d,3_dynamic_16x256xHxW_256x256x3x3_16x256xHxW_S_P_D,GCU,34.38,32.78
conv2d,3_dynamic_16x256xHxW_256x256x3x3_16x256xHxW_S_P_D,MUCHK,0.23,0.23
conv2d,3_dynamic_16x256xHxW_256x256x3x3_16x256xHxW_S_P_D,ASSERT-SITE,0.16,0.18
conv2d,3_dynamic_16x256xHxW_256x256x3x3_16x256xHxW_S_P_D,CODEGEN,60.42,57.41
conv2d,3_dynamic_16x256xHxW_256x256x3x3_16x256xHxW_S_P_D,Total,120.72,115.34
conv2d,4_dynamic_32x128xHxW_256x128x3x3_32x256xHxW_S_P_D,SEMA,0.37,0.35
conv2d,4_dynamic_32x128xHxW_256x128x3x3_32x256xHxW_S_P_D,NORM,0.19,0.18
conv2d,4_dynamic_32x128xHxW_256x128x3x3_32x256xHxW_S_P_D,VALNO,17.30,21.12
conv2d,4_dynamic_32x128xHxW_256x128x3x3_32x256xHxW_S_P_D,INFER,0.82,1.15
conv2d,4_dynamic_32x128xHxW_256x128x3x3_32x256xHxW_S_P_D,LATENORM,0.11,0.11
conv2d,4_dynamic_32x128xHxW_256x128x3x3_32x256xHxW_S_P_D,LOOP,0.03,0.02
conv2d,4_dynamic_32x128xHxW_256x128x3x3_32x256xHxW_S_P_D,MEMORYREUSE,5.12,6.08
conv2d,4_dynamic_32x128xHxW_256x128x3x3_32x256xHxW_S_P_D,ACTIVE-THREADS,0.03,0.03
conv2d,4_dynamic_32x128xHxW_256x128x3x3_32x256xHxW_S_P_D,CHECK,1.09,1.24
conv2d,4_dynamic_32x128xHxW_256x128x3x3_32x256xHxW_S_P_D,CODEGEN,0.11,75.74
conv2d,4_dynamic_32x128xHxW_256x128x3x3_32x256xHxW_S_P_D,GCU,33.57,43.84
conv2d,4_dynamic_32x128xHxW_256x128x3x3_32x256xHxW_S_P_D,MUCHK,0.23,0.26
conv2d,4_dynamic_32x128xHxW_256x128x3x3_32x256xHxW_S_P_D,ASSERT-SITE,0.16,0.17
conv2d,4_dynamic_32x128xHxW_256x128x3x3_32x256xHxW_S_P_D,CODEGEN,58.88,75.74
conv2d,4_dynamic_32x128xHxW_256x128x3x3_32x256xHxW_S_P_D,Total,118.03,150.40
conv2d,5_dynamic_128xCx112x112_64xCx1x1_128x64x112x112_1_0_1,SEMA,0.45,0.40
conv2d,5_dynamic_128xCx112x112_64xCx1x1_128x64x112x112_1_0_1,NORM,0.24,0.21
conv2d,5_dynamic_128xCx112x112_64xCx1x1_128x64x112x112_1_0_1,VALNO,2.14,2.16
conv2d,5_dynamic_128xCx112x112_64xCx1x1_128x64x112x112_1_0_1,INFER,0.22,0.21
conv2d,5_dynamic_128xCx112x112_64xCx1x1_128x64x112x112_1_0_1,LATENORM,0.13,0.13
conv2d,5_dynamic_128xCx112x112_64xCx1x1_128x64x112x112_1_0_1,LOOP,0.03,0.03
conv2d,5_dynamic_128xCx112x112_64xCx1x1_128x64x112x112_1_0_1,MEMORYREUSE,1.63,1.58
conv2d,5_dynamic_128xCx112x112_64xCx1x1_128x64x112x112_1_0_1,ACTIVE-THREADS,0.04,0.04
conv2d,5_dynamic_128xCx112x112_64xCx1x1_128x64x112x112_1_0_1,CHECK,0.83,0.83
conv2d,5_dynamic_128xCx112x112_64xCx1x1_128x64x112x112_1_0_1,CODEGEN,0.13,1.04
conv2d,5_dynamic_128xCx112x112_64xCx1x1_128x64x112x112_1_0_1,GCU,0.49,0.49
conv2d,5_dynamic_128xCx112x112_64xCx1x1_128x64x112x112_1_0_1,MUCHK,0.09,0.09
conv2d,5_dynamic_128xCx112x112_64xCx1x1_128x64x112x112_1_0_1,ASSERT-SITE,0.14,0.13
conv2d,5_dynamic_128xCx112x112_64xCx1x1_128x64x112x112_1_0_1,CODEGEN,1.06,1.04
conv2d,5_dynamic_128xCx112x112_64xCx1x1_128x64x112x112_1_0_1,Total,7.62,7.48
conv2d,7_dynamic_8x256xHxW_512x256x1x1_8x512xHxW_1_0_1,SEMA,0.42,0.40
conv2d,7_dynamic_8x256xHxW_512x256x1x1_8x512xHxW_1_0_1,NORM,0.23,0.22
conv2d,7_dynamic_8x256xHxW_512x256x1x1_8x512xHxW_1_0_1,VALNO,2.08,2.48
conv2d,7_dynamic_8x256xHxW_512x256x1x1_8x512xHxW_1_0_1,INFER,0.22,0.23
conv2d,7_dynamic_8x256xHxW_512x256x1x1_8x512xHxW_1_0_1,LATENORM,0.14,0.13
conv2d,7_dynamic_8x256xHxW_512x256x1x1_8x512xHxW_1_0_1,LOOP,0.03,0.03
conv2d,7_dynamic_8x256xHxW_512x256x1x1_8x512xHxW_1_0_1,MEMORYREUSE,1.53,1.66
conv2d,7_dynamic_8x256xHxW_512x256x1x1_8x512xHxW_1_0_1,ACTIVE-THREADS,0.04,0.04
conv2d,7_dynamic_8x256xHxW_512x256x1x1_8x512xHxW_1_0_1,CHECK,0.83,0.84
conv2d,7_dynamic_8x256xHxW_512x256x1x1_8x512xHxW_1_0_1,CODEGEN,0.13,2.31
conv2d,7_dynamic_8x256xHxW_512x256x1x1_8x512xHxW_1_0_1,GCU,0.20,1.35
conv2d,7_dynamic_8x256xHxW_512x256x1x1_8x512xHxW_1_0_1,MUCHK,0.07,0.10
conv2d,7_dynamic_8x256xHxW_512x256x1x1_8x512xHxW_1_0_1,ASSERT-SITE,0.12,0.14
conv2d,7_dynamic_8x256xHxW_512x256x1x1_8x512xHxW_1_0_1,CODEGEN,0.61,2.31
conv2d,7_dynamic_8x256xHxW_512x256x1x1_8x512xHxW_1_0_1,Total,6.65,10.08
elemwise_add,10_dynamic_16x512xHxW_16x512xHxW_16x512xHxW,SEMA,0.18,0.16
elemwise_add,10_dynamic_16x512xHxW_16x512xHxW_16x512xHxW,NORM,0.14,0.11
elemwise_add,10_dynamic_16x512xHxW_16x512xHxW_16x512xHxW,VALNO,0.89,0.98
elemwise_add,10_dynamic_16x512xHxW_16x512xHxW_16x512xHxW,INFER,0.09,0.12
elemwise_add,10_dynamic_16x512xHxW_16x512xHxW_16x512xHxW,LATENORM,0.07,0.07
elemwise_add,10_dynamic_16x512xHxW_16x512xHxW_16x512xHxW,LOOP,0.02,0.02
elemwise_add,10_dynamic_16x512xHxW_16x512xHxW_16x512xHxW,MEMORYREUSE,0.61,0.70
elemwise_add,10_dynamic_16x512xHxW_16x512xHxW_16x512xHxW,ACTIVE-THREADS,0.02,0.02
elemwise_add,10_dynamic_16x512xHxW_16x512xHxW_16x512xHxW,CHECK,0.17,0.19
elemwise_add,10_dynamic_16x512xHxW_16x512xHxW_16x512xHxW,CODEGEN,0.07,2.89
elemwise_add,10_dynamic_16x512xHxW_16x512xHxW_16x512xHxW,GCU,0.12,0.61
elemwise_add,10_dynamic_16x512xHxW_16x512xHxW_16x512xHxW,MUCHK,0.04,0.06
elemwise_add,10_dynamic_16x512xHxW_16x512xHxW_16x512xHxW,ASSERT-SITE,0.05,0.05
elemwise_add,10_dynamic_16x512xHxW_16x512xHxW_16x512xHxW,CODEGEN,0.53,2.89
elemwise_add,10_dynamic_16x512xHxW_16x512xHxW_16x512xHxW,Total,2.97,6.04
elemwise_add,11_dynamic_32xSx768_32xSx768_32xSx768,SEMA,0.31,0.14
elemwise_add,11_dynamic_32xSx768_32xSx768_32xSx768,NORM,0.22,0.11
elemwise_add,11_dynamic_32xSx768_32xSx768_32xSx768,VALNO,1.45,0.78
elemwise_add,11_dynamic_32xSx768_32xSx768_32xSx768,INFER,0.16,0.09
elemwise_add,11_dynamic_32xSx768_32xSx768_32xSx768,LATENORM,0.13,0.07
elemwise_add,11_dynamic_32xSx768_32xSx768_32xSx768,LOOP,0.04,0.02
elemwise_add,11_dynamic_32xSx768_32xSx768_32xSx768,MEMORYREUSE,1.04,0.58
elemwise_add,11_dynamic_32xSx768_32xSx768_32xSx768,ACTIVE-THREADS,0.04,0.02
elemwise_add,11_dynamic_32xSx768_32xSx768_32xSx768,CHECK,0.31,0.16
elemwise_add,11_dynamic_32xSx768_32xSx768_32xSx768,CODEGEN,0.12,1.30
elemwise_add,11_dynamic_32xSx768_32xSx768_32xSx768,GCU,0.21,0.35
elemwise_add,11_dynamic_32xSx768_32xSx768_32xSx768,MUCHK,0.07,0.05
elemwise_add,11_dynamic_32xSx768_32xSx768_32xSx768,ASSERT-SITE,0.09,0.05
elemwise_add,11_dynamic_32xSx768_32xSx768_32xSx768,CODEGEN,0.90,1.30
elemwise_add,11_dynamic_32xSx768_32xSx768_32xSx768,Total,5.08,3.78
elemwise_add,12_dynamic_64xTx256_64xTx256_64xTx256,SEMA,0.17,0.14
elemwise_add,12_dynamic_64xTx256_64xTx256_64xTx256,NORM,0.11,0.10
elemwise_add,12_dynamic_64xTx256_64xTx256_64xTx256,VALNO,0.74,0.77
elemwise_add,12_dynamic_64xTx256_64xTx256_64xTx256,INFER,0.08,0.09
elemwise_add,12_dynamic_64xTx256_64xTx256_64xTx256,LATENORM,0.07,0.06
elemwise_add,12_dynamic_64xTx256_64xTx256_64xTx256,LOOP,0.02,0.02
elemwise_add,12_dynamic_64xTx256_64xTx256_64xTx256,MEMORYREUSE,0.54,0.58
elemwise_add,12_dynamic_64xTx256_64xTx256_64xTx256,ACTIVE-THREADS,0.02,0.02
elemwise_add,12_dynamic_64xTx256_64xTx256_64xTx256,CHECK,0.15,0.16
elemwise_add,12_dynamic_64xTx256_64xTx256_64xTx256,CODEGEN,0.06,1.32
elemwise_add,12_dynamic_64xTx256_64xTx256_64xTx256,GCU,0.10,0.35
elemwise_add,12_dynamic_64xTx256_64xTx256_64xTx256,MUCHK,0.03,0.05
elemwise_add,12_dynamic_64xTx256_64xTx256_64xTx256,ASSERT-SITE,0.04,0.05
elemwise_add,12_dynamic_64xTx256_64xTx256_64xTx256,CODEGEN,0.44,1.32
elemwise_add,12_dynamic_64xTx256_64xTx256_64xTx256,Total,2.58,3.77
elemwise_add,13_dynamic_32x512xV_32x512xV_32x512xV,SEMA,0.15,0.14
elemwise_add,13_dynamic_32x512xV_32x512xV_32x512xV,NORM,0.12,0.10
elemwise_add,13_dynamic_32x512xV_32x512xV_32x512xV,VALNO,0.73,0.76
elemwise_add,13_dynamic_32x512xV_32x512xV_32x512xV,INFER,0.08,0.09
elemwise_add,13_dynamic_32x512xV_32x512xV_32x512xV,LATENORM,0.07,0.07
elemwise_add,13_dynamic_32x512xV_32x512xV_32x512xV,LOOP,0.02,0.02
elemwise_add,13_dynamic_32x512xV_32x512xV_32x512xV,MEMORYREUSE,0.54,0.57
elemwise_add,13_dynamic_32x512xV_32x512xV_32x512xV,ACTIVE-THREADS,0.02,0.02
elemwise_add,13_dynamic_32x512xV_32x512xV_32x512xV,CHECK,0.15,0.16
elemwise_add,13_dynamic_32x512xV_32x512xV_32x512xV,CODEGEN,0.06,1.12
elemwise_add,13_dynamic_32x512xV_32x512xV_32x512xV,GCU,0.10,0.34
elemwise_add,13_dynamic_32x512xV_32x512xV_32x512xV,MUCHK,0.03,0.05
elemwise_add,13_dynamic_32x512xV_32x512xV_32x512xV,ASSERT-SITE,0.05,0.05
elemwise_add,13_dynamic_32x512xV_32x512xV_32x512xV,CODEGEN,0.44,1.12
elemwise_add,13_dynamic_32x512xV_32x512xV_32x512xV,Total,2.57,3.52
elemwise_add,4_attention_32xNx512x64_32xNx512x64_32xNx512x64,SEMA,0.20,0.19
elemwise_add,4_attention_32xNx512x64_32xNx512x64_32xNx512x64,NORM,0.14,0.12
elemwise_add,4_attention_32xNx512x64_32xNx512x64_32xNx512x64,VALNO,1.02,1.03
elemwise_add,4_attention_32xNx512x64_32xNx512x64_32xNx512x64,INFER,0.11,0.12
elemwise_add,4_attention_32xNx512x64_32xNx512x64_32xNx512x64,LATENORM,0.08,0.08
elemwise_add,4_attention_32xNx512x64_32xNx512x64_32xNx512x64,LOOP,0.02,0.02
elemwise_add,4_attention_32xNx512x64_32xNx512x64_32xNx512x64,MEMORYREUSE,0.85,0.90
elemwise_add,4_attention_32xNx512x64_32xNx512x64_32xNx512x64,ACTIVE-THREADS,0.03,0.02
elemwise_add,4_attention_32xNx512x64_32xNx512x64_32xNx512x64,CHECK,0.20,0.20
elemwise_add,4_attention_32xNx512x64_32xNx512x64_32xNx512x64,CODEGEN,0.07,1.57
elemwise_add,4_attention_32xNx512x64_32xNx512x64_32xNx512x64,GCU,0.13,0.38
elemwise_add,4_attention_32xNx512x64_32xNx512x64_32xNx512x64,MUCHK,0.04,0.06
elemwise_add,4_attention_32xNx512x64_32xNx512x64_32xNx512x64,ASSERT-SITE,0.06,0.06
elemwise_add,4_attention_32xNx512x64_32xNx512x64_32xNx512x64,CODEGEN,0.57,1.57
elemwise_add,4_attention_32xNx512x64_32xNx512x64_32xNx512x64,Total,3.51,4.81
elemwise_add,5_dynamic_Nx256x56x56_Nx256x56x56_Nx256x56x56,SEMA,0.20,0.37
elemwise_add,5_dynamic_Nx256x56x56_Nx256x56x56_Nx256x56x56,NORM,0.13,0.26
elemwise_add,5_dynamic_Nx256x56x56_Nx256x56x56_Nx256x56x56,VALNO,1.01,2.15
elemwise_add,5_dynamic_Nx256x56x56_Nx256x56x56_Nx256x56x56,INFER,0.11,0.23
elemwise_add,5_dynamic_Nx256x56x56_Nx256x56x56_Nx256x56x56,LATENORM,0.08,0.16
elemwise_add,5_dynamic_Nx256x56x56_Nx256x56x56_Nx256x56x56,LOOP,0.02,0.04
elemwise_add,5_dynamic_Nx256x56x56_Nx256x56x56_Nx256x56x56,MEMORYREUSE,0.85,1.87
elemwise_add,5_dynamic_Nx256x56x56_Nx256x56x56_Nx256x56x56,ACTIVE-THREADS,0.02,0.05
elemwise_add,5_dynamic_Nx256x56x56_Nx256x56x56_Nx256x56x56,CHECK,0.20,0.42
elemwise_add,5_dynamic_Nx256x56x56_Nx256x56x56_Nx256x56x56,CODEGEN,0.07,2.28
elemwise_add,5_dynamic_Nx256x56x56_Nx256x56x56_Nx256x56x56,GCU,0.14,0.93
elemwise_add,5_dynamic_Nx256x56x56_Nx256x56x56_Nx256x56x56,MUCHK,0.04,0.12
elemwise_add,5_dynamic_Nx256x56x56_Nx256x56x56_Nx256x56x56,ASSERT-SITE,0.06,0.12
elemwise_add,5_dynamic_Nx256x56x56_Nx256x56x56_Nx256x56x56,CODEGEN,0.61,2.28
elemwise_add,5_dynamic_Nx256x56x56_Nx256x56x56_Nx256x56x56,Total,3.54,9.14
elemwise_add,6_dynamic_Nx1280xMxK_Nx1280x1x1_Nx1280xMxK,SEMA,0.35,0.33
elemwise_add,6_dynamic_Nx1280xMxK_Nx1280x1x1_Nx1280xMxK,NORM,0.22,0.22
elemwise_add,6_dynamic_Nx1280xMxK_Nx1280x1x1_Nx1280xMxK,VALNO,1.67,1.93
elemwise_add,6_dynamic_Nx1280xMxK_Nx1280x1x1_Nx1280xMxK,INFER,0.18,0.28
elemwise_add,6_dynamic_Nx1280xMxK_Nx1280x1x1_Nx1280xMxK,LATENORM,0.14,0.22
elemwise_add,6_dynamic_Nx1280xMxK_Nx1280x1x1_Nx1280xMxK,LOOP,0.03,0.04
elemwise_add,6_dynamic_Nx1280xMxK_Nx1280x1x1_Nx1280xMxK,MEMORYREUSE,1.24,1.52
elemwise_add,6_dynamic_Nx1280xMxK_Nx1280x1x1_Nx1280xMxK,ACTIVE-THREADS,0.05,0.04
elemwise_add,6_dynamic_Nx1280xMxK_Nx1280x1x1_Nx1280xMxK,CHECK,0.49,0.77
elemwise_add,6_dynamic_Nx1280xMxK_Nx1280x1x1_Nx1280xMxK,CODEGEN,0.13,6.36
elemwise_add,6_dynamic_Nx1280xMxK_Nx1280x1x1_Nx1280xMxK,GCU,0.24,1.86
elemwise_add,6_dynamic_Nx1280xMxK_Nx1280x1x1_Nx1280xMxK,MUCHK,0.07,0.15
elemwise_add,6_dynamic_Nx1280xMxK_Nx1280x1x1_Nx1280xMxK,ASSERT-SITE,0.09,0.12
elemwise_add,6_dynamic_Nx1280xMxK_Nx1280x1x1_Nx1280xMxK,CODEGEN,1.01,6.36
elemwise_add,6_dynamic_Nx1280xMxK_Nx1280x1x1_Nx1280xMxK,Total,5.92,13.98
elemwise_add,7_dynamic_128xCx112x112_128xCx112x112_128xCx112x112,SEMA,0.37,0.36
elemwise_add,7_dynamic_128xCx112x112_128xCx112x112_128xCx112x112,NORM,0.26,0.24
elemwise_add,7_dynamic_128xCx112x112_128xCx112x112_128xCx112x112,VALNO,1.98,2.14
elemwise_add,7_dynamic_128xCx112x112_128xCx112x112_128xCx112x112,INFER,0.21,0.23
elemwise_add,7_dynamic_128xCx112x112_128xCx112x112_128xCx112x112,LATENORM,0.16,0.16
elemwise_add,7_dynamic_128xCx112x112_128xCx112x112_128xCx112x112,LOOP,0.04,0.04
elemwise_add,7_dynamic_128xCx112x112_128xCx112x112_128xCx112x112,MEMORYREUSE,1.68,1.80
elemwise_add,7_dynamic_128xCx112x112_128xCx112x112_128xCx112x112,ACTIVE-THREADS,0.04,0.04
elemwise_add,7_dynamic_128xCx112x112_128xCx112x112_128xCx112x112,CHECK,0.39,0.41
elemwise_add,7_dynamic_128xCx112x112_128xCx112x112_128xCx112x112,CODEGEN,0.13,3.13
elemwise_add,7_dynamic_128xCx112x112_128xCx112x112_128xCx112x112,GCU,0.25,0.78
elemwise_add,7_dynamic_128xCx112x112_128xCx112x112_128xCx112x112,MUCHK,0.08,0.12
elemwise_add,7_dynamic_128xCx112x112_128xCx112x112_128xCx112x112,ASSERT-SITE,0.11,0.12
elemwise_add,7_dynamic_128xCx112x112_128xCx112x112_128xCx112x112,CODEGEN,1.09,3.13
elemwise_add,7_dynamic_128xCx112x112_128xCx112x112_128xCx112x112,Total,6.79,9.71
elemwise_add,8_dynamic_16x1024xD_16x1024xD_16x1024xD,SEMA,0.16,0.15
elemwise_add,8_dynamic_16x1024xD_16x1024xD_16x1024xD,NORM,0.12,0.11
elemwise_add,8_dynamic_16x1024xD_16x1024xD_16x1024xD,VALNO,0.75,0.79
elemwise_add,8_dynamic_16x1024xD_16x1024xD_16x1024xD,INFER,0.08,0.09
elemwise_add,8_dynamic_16x1024xD_16x1024xD_16x1024xD,LATENORM,0.07,0.08
elemwise_add,8_dynamic_16x1024xD_16x1024xD_16x1024xD,LOOP,0.02,0.02
elemwise_add,8_dynamic_16x1024xD_16x1024xD_16x1024xD,MEMORYREUSE,0.58,0.62
elemwise_add,8_dynamic_16x1024xD_16x1024xD_16x1024xD,ACTIVE-THREADS,0.02,0.02
elemwise_add,8_dynamic_16x1024xD_16x1024xD_16x1024xD,CHECK,0.16,0.17
elemwise_add,8_dynamic_16x1024xD_16x1024xD_16x1024xD,CODEGEN,0.06,1.16
elemwise_add,8_dynamic_16x1024xD_16x1024xD_16x1024xD,GCU,0.11,0.35
elemwise_add,8_dynamic_16x1024xD_16x1024xD_16x1024xD,MUCHK,0.03,0.05
elemwise_add,8_dynamic_16x1024xD_16x1024xD_16x1024xD,ASSERT-SITE,0.04,0.05
elemwise_add,8_dynamic_16x1024xD_16x1024xD_16x1024xD,CODEGEN,0.45,1.16
elemwise_add,8_dynamic_16x1024xD_16x1024xD_16x1024xD,Total,2.65,3.70
elemwise_add,9_dynamic_64x128xWxH_64x128xWxH_64x128xWxH,SEMA,0.33,0.31
elemwise_add,9_dynamic_64x128xWxH_64x128xWxH_64x128xWxH,NORM,0.23,0.21
elemwise_add,9_dynamic_64x128xWxH_64x128xWxH_64x128xWxH,VALNO,1.79,1.98
elemwise_add,9_dynamic_64x128xWxH_64x128xWxH_64x128xWxH,INFER,0.17,0.24
elemwise_add,9_dynamic_64x128xWxH_64x128xWxH_64x128xWxH,LATENORM,0.14,0.15
elemwise_add,9_dynamic_64x128xWxH_64x128xWxH_64x128xWxH,LOOP,0.03,0.03
elemwise_add,9_dynamic_64x128xWxH_64x128xWxH_64x128xWxH,MEMORYREUSE,1.16,1.37
elemwise_add,9_dynamic_64x128xWxH_64x128xWxH_64x128xWxH,ACTIVE-THREADS,0.04,0.04
elemwise_add,9_dynamic_64x128xWxH_64x128xWxH_64x128xWxH,CHECK,0.34,0.38
elemwise_add,9_dynamic_64x128xWxH_64x128xWxH_64x128xWxH,CODEGEN,0.12,5.95
elemwise_add,9_dynamic_64x128xWxH_64x128xWxH_64x128xWxH,GCU,0.23,1.26
elemwise_add,9_dynamic_64x128xWxH_64x128xWxH_64x128xWxH,MUCHK,0.07,0.13
elemwise_add,9_dynamic_64x128xWxH_64x128xWxH_64x128xWxH,ASSERT-SITE,0.09,0.10
elemwise_add,9_dynamic_64x128xWxH_64x128xWxH_64x128xWxH,CODEGEN,1.05,5.95
elemwise_add,9_dynamic_64x128xWxH_64x128xWxH_64x128xWxH,Total,5.81,12.27
embedding,10_dynamic_32xS_Vx768_32xSx768,SEMA,0.34,0.19
embedding,10_dynamic_32xS_Vx768_32xSx768,NORM,0.20,0.12
embedding,10_dynamic_32xS_Vx768_32xSx768,VALNO,1.64,1.13
embedding,10_dynamic_32xS_Vx768_32xSx768,INFER,0.13,0.12
embedding,10_dynamic_32xS_Vx768_32xSx768,LATENORM,0.06,0.06
embedding,10_dynamic_32xS_Vx768_32xSx768,LOOP,0.02,0.02
embedding,10_dynamic_32xS_Vx768_32xSx768,MEMORYREUSE,0.67,0.70
embedding,10_dynamic_32xS_Vx768_32xSx768,ACTIVE-THREADS,0.02,0.02
embedding,10_dynamic_32xS_Vx768_32xSx768,CHECK,0.34,0.35
embedding,10_dynamic_32xS_Vx768_32xSx768,CODEGEN,0.07,0.58
embedding,10_dynamic_32xS_Vx768_32xSx768,GCU,0.07,0.22
embedding,10_dynamic_32xS_Vx768_32xSx768,MUCHK,0.04,0.05
embedding,10_dynamic_32xS_Vx768_32xSx768,ASSERT-SITE,0.06,0.06
embedding,10_dynamic_32xS_Vx768_32xSx768,CODEGEN,0.60,0.58
embedding,10_dynamic_32xS_Vx768_32xSx768,Total,4.26,3.69
embedding,11_dynamic_64xN_40000x512_64xNx512,SEMA,0.20,0.19
embedding,11_dynamic_64xN_40000x512_64xNx512,NORM,0.13,0.12
embedding,11_dynamic_64xN_40000x512_64xNx512,VALNO,1.11,1.10
embedding,11_dynamic_64xN_40000x512_64xNx512,INFER,0.12,0.11
embedding,11_dynamic_64xN_40000x512_64xNx512,LATENORM,0.06,0.06
embedding,11_dynamic_64xN_40000x512_64xNx512,LOOP,0.02,0.02
embedding,11_dynamic_64xN_40000x512_64xNx512,MEMORYREUSE,0.66,0.68
embedding,11_dynamic_64xN_40000x512_64xNx512,ACTIVE-THREADS,0.02,0.02
embedding,11_dynamic_64xN_40000x512_64xNx512,CHECK,0.33,0.34
embedding,11_dynamic_64xN_40000x512_64xNx512,CODEGEN,0.07,0.58
embedding,11_dynamic_64xN_40000x512_64xNx512,GCU,0.07,0.19
embedding,11_dynamic_64xN_40000x512_64xNx512,MUCHK,0.04,0.05
embedding,11_dynamic_64xN_40000x512_64xNx512,ASSERT-SITE,0.06,0.06
embedding,11_dynamic_64xN_40000x512_64xNx512,CODEGEN,0.36,0.58
embedding,11_dynamic_64xN_40000x512_64xNx512,Total,3.26,3.60
embedding,12_dynamic_64x256_VxD_64x256xD,SEMA,0.19,0.18
embedding,12_dynamic_64x256_VxD_64x256xD,NORM,0.14,0.13
embedding,12_dynamic_64x256_VxD_64x256xD,VALNO,1.15,1.12
embedding,12_dynamic_64x256_VxD_64x256xD,INFER,0.11,0.12
embedding,12_dynamic_64x256_VxD_64x256xD,LATENORM,0.06,0.06
embedding,12_dynamic_64x256_VxD_64x256xD,LOOP,0.02,0.02
embedding,12_dynamic_64x256_VxD_64x256xD,MEMORYREUSE,0.65,0.68
embedding,12_dynamic_64x256_VxD_64x256xD,ACTIVE-THREADS,0.02,0.02
embedding,12_dynamic_64x256_VxD_64x256xD,CHECK,0.32,0.32
embedding,12_dynamic_64x256_VxD_64x256xD,CODEGEN,0.07,0.52
embedding,12_dynamic_64x256_VxD_64x256xD,GCU,0.07,0.19
embedding,12_dynamic_64x256_VxD_64x256xD,MUCHK,0.04,0.05
embedding,12_dynamic_64x256_VxD_64x256xD,ASSERT-SITE,0.06,0.06
embedding,12_dynamic_64x256_VxD_64x256xD,CODEGEN,0.35,0.52
embedding,12_dynamic_64x256_VxD_64x256xD,Total,3.26,3.52
embedding,13_dynamic_NxW_30522x768_NxWx768,SEMA,0.20,0.18
embedding,13_dynamic_NxW_30522x768_NxWx768,NORM,0.13,0.12
embedding,13_dynamic_NxW_30522x768_NxWx768,VALNO,1.12,1.49
embedding,13_dynamic_NxW_30522x768_NxWx768,INFER,0.12,0.13
embedding,13_dynamic_NxW_30522x768_NxWx768,LATENORM,0.06,0.06
embedding,13_dynamic_NxW_30522x768_NxWx768,LOOP,0.02,0.02
embedding,13_dynamic_NxW_30522x768_NxWx768,MEMORYREUSE,0.66,0.72
embedding,13_dynamic_NxW_30522x768_NxWx768,ACTIVE-THREADS,0.02,0.02
embedding,13_dynamic_NxW_30522x768_NxWx768,CHECK,0.33,0.56
embedding,13_dynamic_NxW_30522x768_NxWx768,CODEGEN,0.07,1.57
embedding,13_dynamic_NxW_30522x768_NxWx768,GCU,0.07,0.37
embedding,13_dynamic_NxW_30522x768_NxWx768,MUCHK,0.04,0.05
embedding,13_dynamic_NxW_30522x768_NxWx768,ASSERT-SITE,0.06,0.07
embedding,13_dynamic_NxW_30522x768_NxWx768,CODEGEN,0.36,1.57
embedding,13_dynamic_NxW_30522x768_NxWx768,Total,3.25,5.43
embedding,4_dynamic_Nx512_Vx768_Nx512x768,SEMA,0.19,0.19
embedding,4_dynamic_Nx512_Vx768_Nx512x768,NORM,0.14,0.12
embedding,4_dynamic_Nx512_Vx768_Nx512x768,VALNO,1.12,1.48
embedding,4_dynamic_Nx512_Vx768_Nx512x768,INFER,0.11,0.13
embedding,4_dynamic_Nx512_Vx768_Nx512x768,LATENORM,0.06,0.06
embedding,4_dynamic_Nx512_Vx768_Nx512x768,LOOP,0.02,0.02
embedding,4_dynamic_Nx512_Vx768_Nx512x768,MEMORYREUSE,0.66,0.68
embedding,4_dynamic_Nx512_Vx768_Nx512x768,ACTIVE-THREADS,0.02,0.02
embedding,4_dynamic_Nx512_Vx768_Nx512x768,CHECK,0.32,0.54
embedding,4_dynamic_Nx512_Vx768_Nx512x768,CODEGEN,0.07,1.24
embedding,4_dynamic_Nx512_Vx768_Nx512x768,GCU,0.07,0.24
embedding,4_dynamic_Nx512_Vx768_Nx512x768,MUCHK,0.04,0.05
embedding,4_dynamic_Nx512_Vx768_Nx512x768,ASSERT-SITE,0.06,0.07
embedding,4_dynamic_Nx512_Vx768_Nx512x768,CODEGEN,0.35,1.24
embedding,4_dynamic_Nx512_Vx768_Nx512x768,Total,3.24,4.90
embedding,5_dynamic_32xN_50000x1024_32xNx1024,SEMA,0.20,0.18
embedding,5_dynamic_32xN_50000x1024_32xNx1024,NORM,0.13,0.12
embedding,5_dynamic_32xN_50000x1024_32xNx1024,VALNO,1.10,1.12
embedding,5_dynamic_32xN_50000x1024_32xNx1024,INFER,0.11,0.11
embedding,5_dynamic_32xN_50000x1024_32xNx1024,LATENORM,0.06,0.06
embedding,5_dynamic_32xN_50000x1024_32xNx1024,LOOP,0.02,0.02
embedding,5_dynamic_32xN_50000x1024_32xNx1024,MEMORYREUSE,0.65,0.69
embedding,5_dynamic_32xN_50000x1024_32xNx1024,ACTIVE-THREADS,0.02,0.02
embedding,5_dynamic_32xN_50000x1024_32xNx1024,CHECK,0.32,0.35
embedding,5_dynamic_32xN_50000x1024_32xNx1024,CODEGEN,0.07,0.57
embedding,5_dynamic_32xN_50000x1024_32xNx1024,GCU,0.07,0.20
embedding,5_dynamic_32xN_50000x1024_32xNx1024,MUCHK,0.04,0.05
embedding,5_dynamic_32xN_50000x1024_32xNx1024,ASSERT-SITE,0.06,0.06
embedding,5_dynamic_32xN_50000x1024_32xNx1024,CODEGEN,0.40,0.57
embedding,5_dynamic_32xN_50000x1024_32xNx1024,Total,3.25,3.63
embedding,6_dynamic_16xN_256x128_16xNx128,SEMA,0.21,0.19
embedding,6_dynamic_16xN_256x128_16xNx128,NORM,0.14,0.12
embedding,6_dynamic_16xN_256x128_16xNx128,VALNO,1.10,1.11
embedding,6_dynamic_16xN_256x128_16xNx128,INFER,0.11,0.12
embedding,6_dynamic_16xN_256x128_16xNx128,LATENORM,0.06,0.06
embedding,6_dynamic_16xN_256x128_16xNx128,LOOP,0.02,0.02
embedding,6_dynamic_16xN_256x128_16xNx128,MEMORYREUSE,0.67,0.69
embedding,6_dynamic_16xN_256x128_16xNx128,ACTIVE-THREADS,0.02,0.02
embedding,6_dynamic_16xN_256x128_16xNx128,CHECK,0.33,0.35
embedding,6_dynamic_16xN_256x128_16xNx128,CODEGEN,0.07,0.58
embedding,6_dynamic_16xN_256x128_16xNx128,GCU,0.07,0.20
embedding,6_dynamic_16xN_256x128_16xNx128,MUCHK,0.04,0.05
embedding,6_dynamic_16xN_256x128_16xNx128,ASSERT-SITE,0.06,0.06
embedding,6_dynamic_16xN_256x128_16xNx128,CODEGEN,0.36,0.58
embedding,6_dynamic_16xN_256x128_16xNx128,Total,3.26,3.65
embedding,7_dynamic_128xS_30522x768_128xSx768,SEMA,0.20,0.18
embedding,7_dynamic_128xS_30522x768_128xSx768,NORM,0.14,0.12
embedding,7_dynamic_128xS_30522x768_128xSx768,VALNO,1.13,1.12
embedding,7_dynamic_128xS_30522x768_128xSx768,INFER,0.11,0.12
embedding,7_dynamic_128xS_30522x768_128xSx768,LATENORM,0.06,0.06
embedding,7_dynamic_128xS_30522x768_128xSx768,LOOP,0.02,0.02
embedding,7_dynamic_128xS_30522x768_128xSx768,MEMORYREUSE,0.66,0.68
embedding,7_dynamic_128xS_30522x768_128xSx768,ACTIVE-THREADS,0.02,0.02
embedding,7_dynamic_128xS_30522x768_128xSx768,CHECK,0.33,0.35
embedding,7_dynamic_128xS_30522x768_128xSx768,CODEGEN,0.07,0.57
embedding,7_dynamic_128xS_30522x768_128xSx768,GCU,0.08,0.19
embedding,7_dynamic_128xS_30522x768_128xSx768,MUCHK,0.04,0.05
embedding,7_dynamic_128xS_30522x768_128xSx768,ASSERT-SITE,0.06,0.06
embedding,7_dynamic_128xS_30522x768_128xSx768,CODEGEN,0.56,0.57
embedding,7_dynamic_128xS_30522x768_128xSx768,Total,3.48,3.63
embedding,8_dynamic_16xN_512x768_128xSx768,SEMA,0.21,0.18
embedding,8_dynamic_16xN_512x768_128xSx768,NORM,0.14,0.12
embedding,8_dynamic_16xN_512x768_128xSx768,VALNO,1.09,1.14
embedding,8_dynamic_16xN_512x768_128xSx768,INFER,0.12,0.11
embedding,8_dynamic_16xN_512x768_128xSx768,LATENORM,0.06,0.06
embedding,8_dynamic_16xN_512x768_128xSx768,LOOP,0.02,0.02
embedding,8_dynamic_16xN_512x768_128xSx768,MEMORYREUSE,0.66,0.68
embedding,8_dynamic_16xN_512x768_128xSx768,ACTIVE-THREADS,0.02,0.02
embedding,8_dynamic_16xN_512x768_128xSx768,CHECK,0.33,0.37
embedding,8_dynamic_16xN_512x768_128xSx768,CODEGEN,0.07,0.59
embedding,8_dynamic_16xN_512x768_128xSx768,GCU,0.07,0.20
embedding,8_dynamic_16xN_512x768_128xSx768,MUCHK,0.04,0.05
embedding,8_dynamic_16xN_512x768_128xSx768,ASSERT-SITE,0.06,0.06
embedding,8_dynamic_16xN_512x768_128xSx768,CODEGEN,0.36,0.59
embedding,8_dynamic_16xN_512x768_128xSx768,Total,3.24,3.68
embedding,9_dynamic_32xN_32000x768_32xNx768,SEMA,0.20,0.18
embedding,9_dynamic_32xN_32000x768_32xNx768,NORM,0.15,0.12
embedding,9_dynamic_32xN_32000x768_32xNx768,VALNO,1.10,1.11
embedding,9_dynamic_32xN_32000x768_32xNx768,INFER,0.12,0.11
embedding,9_dynamic_32xN_32000x768_32xNx768,LATENORM,0.06,0.06
embedding,9_dynamic_32xN_32000x768_32xNx768,LOOP,0.02,0.02
embedding,9_dynamic_32xN_32000x768_32xNx768,MEMORYREUSE,0.66,0.69
embedding,9_dynamic_32xN_32000x768_32xNx768,ACTIVE-THREADS,0.02,0.02
embedding,9_dynamic_32xN_32000x768_32xNx768,CHECK,0.33,0.36
embedding,9_dynamic_32xN_32000x768_32xNx768,CODEGEN,0.07,0.58
embedding,9_dynamic_32xN_32000x768_32xNx768,GCU,0.07,0.19
embedding,9_dynamic_32xN_32000x768_32xNx768,MUCHK,0.04,0.05
embedding,9_dynamic_32xN_32000x768_32xNx768,ASSERT-SITE,0.06,0.06
embedding,9_dynamic_32xN_32000x768_32xNx768,CODEGEN,0.36,0.58
embedding,9_dynamic_32xN_32000x768_32xNx768,Total,3.25,3.63
gelu,10_dynamic_16x512xHxW,SEMA,0.15,0.12
gelu,10_dynamic_16x512xHxW,NORM,0.16,0.13
gelu,10_dynamic_16x512xHxW,VALNO,0.75,0.77
gelu,10_dynamic_16x512xHxW,INFER,0.11,0.12
gelu,10_dynamic_16x512xHxW,LATENORM,0.07,0.07
gelu,10_dynamic_16x512xHxW,LOOP,0.02,0.02
gelu,10_dynamic_16x512xHxW,MEMORYREUSE,0.52,0.56
gelu,10_dynamic_16x512xHxW,ACTIVE-THREADS,0.02,0.02
gelu,10_dynamic_16x512xHxW,CHECK,0.16,0.17
gelu,10_dynamic_16x512xHxW,CODEGEN,0.06,0.70
gelu,10_dynamic_16x512xHxW,GCU,0.07,0.26
gelu,10_dynamic_16x512xHxW,MUCHK,0.03,0.05
gelu,10_dynamic_16x512xHxW,ASSERT-SITE,0.06,0.05
gelu,10_dynamic_16x512xHxW,CODEGEN,0.36,0.70
gelu,10_dynamic_16x512xHxW,Total,2.52,3.10
gelu,11_dynamic_32xSx768,SEMA,0.14,0.12
gelu,11_dynamic_32xSx768,NORM,0.15,0.13
gelu,11_dynamic_32xSx768,VALNO,0.68,0.68
gelu,11_dynamic_32xSx768,INFER,0.10,0.11
gelu,11_dynamic_32xSx768,LATENORM,0.07,0.06
gelu,11_dynamic_32xSx768,LOOP,0.02,0.02
gelu,11_dynamic_32xSx768,MEMORYREUSE,0.50,0.50
gelu,11_dynamic_32xSx768,ACTIVE-THREADS,0.02,0.02
gelu,11_dynamic_32xSx768,CHECK,0.16,0.16
gelu,11_dynamic_32xSx768,CODEGEN,0.06,0.35
gelu,11_dynamic_32xSx768,GCU,0.07,0.11
gelu,11_dynamic_32xSx768,MUCHK,0.04,0.04
gelu,11_dynamic_32xSx768,ASSERT-SITE,0.05,0.05
gelu,11_dynamic_32xSx768,CODEGEN,0.34,0.35
gelu,11_dynamic_32xSx768,Total,2.39,2.41
gelu,12_dynamic_64xTx256,SEMA,0.13,0.12
gelu,12_dynamic_64xTx256,NORM,0.14,0.13
gelu,12_dynamic_64xTx256,VALNO,0.68,0.69
gelu,12_dynamic_64xTx256,INFER,0.10,0.10
gelu,12_dynamic_64xTx256,LATENORM,0.07,0.06
gelu,12_dynamic_64xTx256,LOOP,0.02,0.02
gelu,12_dynamic_64xTx256,MEMORYREUSE,0.49,0.50
gelu,12_dynamic_64xTx256,ACTIVE-THREADS,0.02,0.03
gelu,12_dynamic_64xTx256,CHECK,0.16,0.16
gelu,12_dynamic_64xTx256,CODEGEN,0.06,0.33
gelu,12_dynamic_64xTx256,GCU,0.06,0.11
gelu,12_dynamic_64xTx256,MUCHK,0.03,0.04
gelu,12_dynamic_64xTx256,ASSERT-SITE,0.05,0.05
gelu,12_dynamic_64xTx256,CODEGEN,0.31,0.33
gelu,12_dynamic_64xTx256,Total,2.34,2.42
gelu,13_dynamic_32x512xV,SEMA,0.14,0.12
gelu,13_dynamic_32x512xV,NORM,0.15,0.13
gelu,13_dynamic_32x512xV,VALNO,0.68,0.68
gelu,13_dynamic_32x512xV,INFER,0.10,0.10
gelu,13_dynamic_32x512xV,LATENORM,0.07,0.06
gelu,13_dynamic_32x512xV,LOOP,0.02,0.02
gelu,13_dynamic_32x512xV,MEMORYREUSE,0.50,0.51
gelu,13_dynamic_32x512xV,ACTIVE-THREADS,0.02,0.02
gelu,13_dynamic_32x512xV,CHECK,0.17,0.16
gelu,13_dynamic_32x512xV,CODEGEN,0.06,0.37
gelu,13_dynamic_32x512xV,GCU,0.07,0.16
gelu,13_dynamic_32x512xV,MUCHK,0.03,0.04
gelu,13_dynamic_32x512xV,ASSERT-SITE,0.05,0.05
gelu,13_dynamic_32x512xV,CODEGEN,0.31,0.37
gelu,13_dynamic_32x512xV,Total,2.37,2.47
gelu,3_attention_32xNx512x64,SEMA,0.14,0.12
gelu,3_attention_32xNx512x64,NORM,0.17,0.13
gelu,3_attention_32xNx512x64,VALNO,0.74,0.77
gelu,3_attention_32xNx512x64,INFER,0.10,0.11
gelu,3_attention_32xNx512x64,LATENORM,0.07,0.07
gelu,3_attention_32xNx512x64,LOOP,0.02,0.02
gelu,3_attention_32xNx512x64,MEMORYREUSE,0.53,0.52
gelu,3_attention_32xNx512x64,ACTIVE-THREADS,0.02,0.02
gelu,3_attention_32xNx512x64,CHECK,0.16,0.17
gelu,3_attention_32xNx512x64,CODEGEN,0.06,0.38
gelu,3_attention_32xNx512x64,GCU,0.08,0.12
gelu,3_attention_32xNx512x64,MUCHK,0.03,0.05
gelu,3_attention_32xNx512x64,ASSERT-SITE,0.05,0.05
gelu,3_attention_32xNx512x64,CODEGEN,0.36,0.38
gelu,3_attention_32xNx512x64,Total,2.55,2.59
gelu,4_dynamic_Nx256x56x56,SEMA,0.15,0.12
gelu,4_dynamic_Nx256x56x56,NORM,0.15,0.13
gelu,4_dynamic_Nx256x56x56,VALNO,0.73,0.74
gelu,4_dynamic_Nx256x56x56,INFER,0.10,0.10
gelu,4_dynamic_Nx256x56x56,LATENORM,0.07,0.07
gelu,4_dynamic_Nx256x56x56,LOOP,0.02,0.02
gelu,4_dynamic_Nx256x56x56,MEMORYREUSE,0.51,0.51
gelu,4_dynamic_Nx256x56x56,ACTIVE-THREADS,0.02,0.02
gelu,4_dynamic_Nx256x56x56,CHECK,0.16,0.17
gelu,4_dynamic_Nx256x56x56,CODEGEN,0.06,0.38
gelu,4_dynamic_Nx256x56x56,GCU,0.07,0.12
gelu,4_dynamic_Nx256x56x56,MUCHK,0.03,0.05
gelu,4_dynamic_Nx256x56x56,ASSERT-SITE,0.06,0.05
gelu,4_dynamic_Nx256x56x56,CODEGEN,0.38,0.38
gelu,4_dynamic_Nx256x56x56,Total,2.51,2.56
gelu,5_dynamic_Nx1280xHxW,SEMA,0.14,0.12
gelu,5_dynamic_Nx1280xHxW,NORM,0.15,0.14
gelu,5_dynamic_Nx1280xHxW,VALNO,0.74,0.79
gelu,5_dynamic_Nx1280xHxW,INFER,0.10,0.13
gelu,5_dynamic_Nx1280xHxW,LATENORM,0.07,0.07
gelu,5_dynamic_Nx1280xHxW,LOOP,0.02,0.02
gelu,5_dynamic_Nx1280xHxW,MEMORYREUSE,0.51,0.59
gelu,5_dynamic_Nx1280xHxW,ACTIVE-THREADS,0.02,0.02
gelu,5_dynamic_Nx1280xHxW,CHECK,0.16,0.19
gelu,5_dynamic_Nx1280xHxW,CODEGEN,0.06,1.08
gelu,5_dynamic_Nx1280xHxW,GCU,0.07,0.35
gelu,5_dynamic_Nx1280xHxW,MUCHK,0.03,0.07
gelu,5_dynamic_Nx1280xHxW,ASSERT-SITE,0.05,0.06
gelu,5_dynamic_Nx1280xHxW,CODEGEN,0.37,1.08
gelu,5_dynamic_Nx1280xHxW,Total,2.50,3.69
gelu,6_dynamic_128xCx112x112,SEMA,0.13,0.11
gelu,6_dynamic_128xCx112x112,NORM,0.14,0.14
gelu,6_dynamic_128xCx112x112,VALNO,0.55,0.57
gelu,6_dynamic_128xCx112x112,INFER,0.09,0.10
gelu,6_dynamic_128xCx112x112,LATENORM,0.07,0.07
gelu,6_dynamic_128xCx112x112,LOOP,0.02,0.02
gelu,6_dynamic_128xCx112x112,MEMORYREUSE,0.48,0.49
gelu,6_dynamic_128xCx112x112,ACTIVE-THREADS,0.02,0.02
gelu,6_dynamic_128xCx112x112,CHECK,0.13,0.15
gelu,6_dynamic_128xCx112x112,CODEGEN,0.06,0.53
gelu,6_dynamic_128xCx112x112,GCU,0.07,0.12
gelu,6_dynamic_128xCx112x112,MUCHK,0.03,0.05
gelu,6_dynamic_128xCx112x112,ASSERT-SITE,0.04,0.05
gelu,6_dynamic_128xCx112x112,CODEGEN,0.34,0.53
gelu,6_dynamic_128xCx112x112,Total,2.18,2.44
gelu,7_dynamic_32x197xD,SEMA,0.22,0.21
gelu,7_dynamic_32x197xD,NORM,0.21,0.19
gelu,7_dynamic_32x197xD,VALNO,1.25,1.27
gelu,7_dynamic_32x197xD,INFER,0.16,0.16
gelu,7_dynamic_32x197xD,LATENORM,0.10,0.10
gelu,7_dynamic_32x197xD,LOOP,0.03,0.02
gelu,7_dynamic_32x197xD,MEMORYREUSE,0.98,1.03
gelu,7_dynamic_32x197xD,ACTIVE-THREADS,0.03,0.03
gelu,7_dynamic_32x197xD,CHECK,0.28,0.30
gelu,7_dynamic_32x197xD,CODEGEN,0.09,0.81
gelu,7_dynamic_32x197xD,GCU,0.12,0.32
gelu,7_dynamic_32x197xD,MUCHK,0.04,0.06
gelu,7_dynamic_32x197xD,ASSERT-SITE,0.08,0.10
gelu,7_dynamic_32x197xD,CODEGEN,0.52,0.81
gelu,7_dynamic_32x197xD,Total,4.11,4.69
gelu,8_dynamic_16x1024xD,SEMA,0.11,0.09
gelu,8_dynamic_16x1024xD,NORM,0.14,0.12
gelu,8_dynamic_16x1024xD,VALNO,0.45,0.45
gelu,8_dynamic_16x1024xD,INFER,0.08,0.08
gelu,8_dynamic_16x1024xD,LATENORM,0.06,0.06
gelu,8_dynamic_16x1024xD,LOOP,0.02,0.02
gelu,8_dynamic_16x1024xD,MEMORYREUSE,0.46,0.46
gelu,8_dynamic_16x1024xD,ACTIVE-THREADS,0.02,0.02
gelu,8_dynamic_16x1024xD,CHECK,0.11,0.12
gelu,8_dynamic_16x1024xD,CODEGEN,0.05,0.57
gelu,8_dynamic_16x1024xD,GCU,0.06,0.16
gelu,8_dynamic_16x1024xD,MUCHK,0.03,0.05
gelu,8_dynamic_16x1024xD,ASSERT-SITE,0.04,0.05
gelu,8_dynamic_16x1024xD,CODEGEN,0.29,0.57
gelu,8_dynamic_16x1024xD,Total,1.93,2.30
gelu,9_dynamic_64x128xHxW,SEMA,0.14,0.12
gelu,9_dynamic_64x128xHxW,NORM,0.15,0.13
gelu,9_dynamic_64x128xHxW,VALNO,0.74,0.77
gelu,9_dynamic_64x128xHxW,INFER,0.11,0.12
gelu,9_dynamic_64x128xHxW,LATENORM,0.07,0.07
gelu,9_dynamic_64x128xHxW,LOOP,0.02,0.02
gelu,9_dynamic_64x128xHxW,MEMORYREUSE,0.51,0.56
gelu,9_dynamic_64x128xHxW,ACTIVE-THREADS,0.02,0.02
gelu,9_dynamic_64x128xHxW,CHECK,0.16,0.17
gelu,9_dynamic_64x128xHxW,CODEGEN,0.06,0.73
gelu,9_dynamic_64x128xHxW,GCU,0.07,0.26
gelu,9_dynamic_64x128xHxW,MUCHK,0.04,0.05
gelu,9_dynamic_64x128xHxW,ASSERT-SITE,0.05,0.05
gelu,9_dynamic_64x128xHxW,CODEGEN,0.35,0.73
gelu,9_dynamic_64x128xHxW,Total,2.49,3.14
layer_normalization,10_dynamic_16x512xHxW_HxW_HxW,SEMA,0.44,0.41
layer_normalization,10_dynamic_16x512xHxW_HxW_HxW,NORM,0.29,0.29
layer_normalization,10_dynamic_16x512xHxW_HxW_HxW,VALNO,1.90,2.17
layer_normalization,10_dynamic_16x512xHxW_HxW_HxW,INFER,0.27,0.39
layer_normalization,10_dynamic_16x512xHxW_HxW_HxW,LATENORM,0.20,0.19
layer_normalization,10_dynamic_16x512xHxW_HxW_HxW,LOOP,0.05,0.05
layer_normalization,10_dynamic_16x512xHxW_HxW_HxW,MEMORYREUSE,1.89,2.02
layer_normalization,10_dynamic_16x512xHxW_HxW_HxW,ACTIVE-THREADS,0.06,0.05
layer_normalization,10_dynamic_16x512xHxW_HxW_HxW,CHECK,1.42,2.00
layer_normalization,10_dynamic_16x512xHxW_HxW_HxW,CODEGEN,0.15,3.70
layer_normalization,10_dynamic_16x512xHxW_HxW_HxW,GCU,0.21,1.12
layer_normalization,10_dynamic_16x512xHxW_HxW_HxW,MUCHK,0.08,0.11
layer_normalization,10_dynamic_16x512xHxW_HxW_HxW,ASSERT-SITE,0.14,0.16
layer_normalization,10_dynamic_16x512xHxW_HxW_HxW,CODEGEN,1.14,3.70
layer_normalization,10_dynamic_16x512xHxW_HxW_HxW,Total,8.26,12.81
layer_normalization,11_dynamic_32xSx768_768_768,SEMA,0.43,0.38
layer_normalization,11_dynamic_32xSx768_768_768,NORM,0.25,0.23
layer_normalization,11_dynamic_32xSx768_768_768,VALNO,1.64,1.78
layer_normalization,11_dynamic_32xSx768_768_768,INFER,0.26,0.31
layer_normalization,11_dynamic_32xSx768_768_768,LATENORM,0.17,0.17
layer_normalization,11_dynamic_32xSx768_768_768,LOOP,0.04,0.04
layer_normalization,11_dynamic_32xSx768_768_768,MEMORYREUSE,1.73,1.75
layer_normalization,11_dynamic_32xSx768_768_768,ACTIVE-THREADS,0.05,0.05
layer_normalization,11_dynamic_32xSx768_768_768,CHECK,1.27,1.52
layer_normalization,11_dynamic_32xSx768_768_768,CODEGEN,0.14,2.50
layer_normalization,11_dynamic_32xSx768_768_768,GCU,0.19,0.51
layer_normalization,11_dynamic_32xSx768_768_768,MUCHK,0.07,0.08
layer_normalization,11_dynamic_32xSx768_768_768,ASSERT-SITE,0.14,0.14
layer_normalization,11_dynamic_32xSx768_768_768,CODEGEN,1.03,2.50
layer_normalization,11_dynamic_32xSx768_768_768,Total,7.41,9.59
layer_normalization,12_dynamic_64xTx256_256_256,SEMA,0.40,0.38
layer_normalization,12_dynamic_64xTx256_256_256,NORM,0.25,0.27
layer_normalization,12_dynamic_64xTx256_256_256,VALNO,1.64,1.74
layer_normalization,12_dynamic_64xTx256_256_256,INFER,0.26,0.31
layer_normalization,12_dynamic_64xTx256_256_256,LATENORM,0.17,0.17
layer_normalization,12_dynamic_64xTx256_256_256,LOOP,0.04,0.04
layer_normalization,12_dynamic_64xTx256_256_256,MEMORYREUSE,1.74,1.81
layer_normalization,12_dynamic_64xTx256_256_256,ACTIVE-THREADS,0.05,0.05
layer_normalization,12_dynamic_64xTx256_256_256,CHECK,1.27,1.52
layer_normalization,12_dynamic_64xTx256_256_256,CODEGEN,0.14,2.45
layer_normalization,12_dynamic_64xTx256_256_256,GCU,0.19,0.51
layer_normalization,12_dynamic_64xTx256_256_256,MUCHK,0.07,0.08
layer_normalization,12_dynamic_64xTx256_256_256,ASSERT-SITE,0.13,0.14
layer_normalization,12_dynamic_64xTx256_256_256,CODEGEN,1.03,2.45
layer_normalization,12_dynamic_64xTx256_256_256,Total,7.39,9.60
layer_normalization,13_dynamic_32x512xV_V_V,SEMA,0.44,0.38
layer_normalization,13_dynamic_32x512xV_V_V,NORM,0.27,0.23
layer_normalization,13_dynamic_32x512xV_V_V,VALNO,1.66,1.82
layer_normalization,13_dynamic_32x512xV_V_V,INFER,0.26,0.31
layer_normalization,13_dynamic_32x512xV_V_V,LATENORM,0.17,0.17
layer_normalization,13_dynamic_32x512xV_V_V,LOOP,0.04,0.04
layer_normalization,13_dynamic_32x512xV_V_V,MEMORYREUSE,1.73,1.77
layer_normalization,13_dynamic_32x512xV_V_V,ACTIVE-THREADS,0.05,0.05
layer_normalization,13_dynamic_32x512xV_V_V,CHECK,1.28,1.59
layer_normalization,13_dynamic_32x512xV_V_V,CODEGEN,0.14,2.13
layer_normalization,13_dynamic_32x512xV_V_V,GCU,0.19,0.64
layer_normalization,13_dynamic_32x512xV_V_V,MUCHK,0.07,0.09
layer_normalization,13_dynamic_32x512xV_V_V,ASSERT-SITE,0.14,0.14
layer_normalization,13_dynamic_32x512xV_V_V,CODEGEN,1.03,2.13
layer_normalization,13_dynamic_32x512xV_V_V,Total,7.46,9.49
layer_normalization,14_efficientnet_64x1280x7x7_7x7_7x7,SEMA,0.43,0.40
layer_normalization,14_efficientnet_64x1280x7x7_7x7_7x7,NORM,0.28,0.25
layer_normalization,14_efficientnet_64x1280x7x7_7x7_7x7,VALNO,1.86,1.80
layer_normalization,14_efficientnet_64x1280x7x7_7x7_7x7,INFER,0.27,0.26
layer_normalization,14_efficientnet_64x1280x7x7_7x7_7x7,LATENORM,0.20,0.19
layer_normalization,14_efficientnet_64x1280x7x7_7x7_7x7,LOOP,0.06,0.04
layer_normalization,14_efficientnet_64x1280x7x7_7x7_7x7,MEMORYREUSE,1.83,1.76
layer_normalization,14_efficientnet_64x1280x7x7_7x7_7x7,ACTIVE-THREADS,0.06,0.05
layer_normalization,14_efficientnet_64x1280x7x7_7x7_7x7,CHECK,1.39,1.37
layer_normalization,14_efficientnet_64x1280x7x7_7x7_7x7,CODEGEN,0.16,1.05
layer_normalization,14_efficientnet_64x1280x7x7_7x7_7x7,GCU,0.21,0.20
layer_normalization,14_efficientnet_64x1280x7x7_7x7_7x7,MUCHK,0.08,0.08
layer_normalization,14_efficientnet_64x1280x7x7_7x7_7x7,ASSERT-SITE,0.14,0.13
layer_normalization,14_efficientnet_64x1280x7x7_7x7_7x7,CODEGEN,1.12,1.05
layer_normalization,14_efficientnet_64x1280x7x7_7x7_7x7,Total,8.06,7.73
layer_normalization,15_gpt_16x1024x4096_4096_4096,SEMA,0.40,0.39
layer_normalization,15_gpt_16x1024x4096_4096_4096,NORM,0.25,0.24
layer_normalization,15_gpt_16x1024x4096_4096_4096,VALNO,1.64,1.62
layer_normalization,15_gpt_16x1024x4096_4096_4096,INFER,0.26,0.25
layer_normalization,15_gpt_16x1024x4096_4096_4096,LATENORM,0.17,0.18
layer_normalization,15_gpt_16x1024x4096_4096_4096,LOOP,0.04,0.04
layer_normalization,15_gpt_16x1024x4096_4096_4096,MEMORYREUSE,1.70,1.68
layer_normalization,15_gpt_16x1024x4096_4096_4096,ACTIVE-THREADS,0.05,0.05
layer_normalization,15_gpt_16x1024x4096_4096_4096,CHECK,1.30,1.26
layer_normalization,15_gpt_16x1024x4096_4096_4096,CODEGEN,0.14,1.00
layer_normalization,15_gpt_16x1024x4096_4096_4096,GCU,0.19,0.18
layer_normalization,15_gpt_16x1024x4096_4096_4096,MUCHK,0.07,0.07
layer_normalization,15_gpt_16x1024x4096_4096_4096,ASSERT-SITE,0.13,0.13
layer_normalization,15_gpt_16x1024x4096_4096_4096,CODEGEN,0.98,1.00
layer_normalization,15_gpt_16x1024x4096_4096_4096,Total,7.31,7.24
layer_normalization,16_lstm_64x100x256_256_256,SEMA,0.40,0.37
layer_normalization,16_lstm_64x100x256_256_256,NORM,0.25,0.24
layer_normalization,16_lstm_64x100x256_256_256,VALNO,1.64,1.60
layer_normalization,16_lstm_64x100x256_256_256,INFER,0.26,0.25
layer_normalization,16_lstm_64x100x256_256_256,LATENORM,0.17,0.17
layer_normalization,16_lstm_64x100x256_256_256,LOOP,0.04,0.04
layer_normalization,16_lstm_64x100x256_256_256,MEMORYREUSE,1.69,1.67
layer_normalization,16_lstm_64x100x256_256_256,ACTIVE-THREADS,0.05,0.05
layer_normalization,16_lstm_64x100x256_256_256,CHECK,1.29,1.25
layer_normalization,16_lstm_64x100x256_256_256,CODEGEN,0.14,0.99
layer_normalization,16_lstm_64x100x256_256_256,GCU,0.19,0.18
layer_normalization,16_lstm_64x100x256_256_256,MUCHK,0.07,0.07
layer_normalization,16_lstm_64x100x256_256_256,ASSERT-SITE,0.13,0.13
layer_normalization,16_lstm_64x100x256_256_256,CODEGEN,1.02,0.99
layer_normalization,16_lstm_64x100x256_256_256,Total,7.36,7.14
layer_normalization,17_mobilenet_128x96x112x112_112x112_112x112,SEMA,0.42,0.40
layer_normalization,17_mobilenet_128x96x112x112_112x112_112x112,NORM,0.28,0.27
layer_normalization,17_mobilenet_128x96x112x112_112x112_112x112,VALNO,1.85,1.84
layer_normalization,17_mobilenet_128x96x112x112_112x112_112x112,INFER,0.27,0.26
layer_normalization,17_mobilenet_128x96x112x112_112x112_112x112,LATENORM,0.20,0.19
layer_normalization,17_mobilenet_128x96x112x112_112x112_112x112,LOOP,0.05,0.05
layer_normalization,17_mobilenet_128x96x112x112_112x112_112x112,MEMORYREUSE,1.81,1.75
layer_normalization,17_mobilenet_128x96x112x112_112x112_112x112,ACTIVE-THREADS,0.06,0.05
layer_normalization,17_mobilenet_128x96x112x112_112x112_112x112,CHECK,1.40,1.38
layer_normalization,17_mobilenet_128x96x112x112_112x112_112x112,CODEGEN,0.15,1.16
layer_normalization,17_mobilenet_128x96x112x112_112x112_112x112,GCU,0.21,0.20
layer_normalization,17_mobilenet_128x96x112x112_112x112_112x112,MUCHK,0.08,0.08
layer_normalization,17_mobilenet_128x96x112x112_112x112_112x112,ASSERT-SITE,0.14,0.14
layer_normalization,17_mobilenet_128x96x112x112_112x112_112x112,CODEGEN,1.21,1.16
layer_normalization,17_mobilenet_128x96x112x112_112x112_112x112,Total,8.12,7.90
layer_normalization,18_resnet_64x256x56x56_56x56_56x56,SEMA,0.43,0.41
layer_normalization,18_resnet_64x256x56x56_56x56_56x56,NORM,0.28,0.26
layer_normalization,18_resnet_64x256x56x56_56x56_56x56,VALNO,1.85,1.88
layer_normalization,18_resnet_64x256x56x56_56x56_56x56,INFER,0.27,0.26
layer_normalization,18_resnet_64x256x56x56_56x56_56x56,LATENORM,0.19,0.19
layer_normalization,18_resnet_64x256x56x56_56x56_56x56,LOOP,0.05,0.05
layer_normalization,18_resnet_64x256x56x56_56x56_56x56,MEMORYREUSE,1.82,1.74
layer_normalization,18_resnet_64x256x56x56_56x56_56x56,ACTIVE-THREADS,0.06,0.05
layer_normalization,18_resnet_64x256x56x56_56x56_56x56,CHECK,1.42,1.41
layer_normalization,18_resnet_64x256x56x56_56x56_56x56,CODEGEN,0.15,1.16
layer_normalization,18_resnet_64x256x56x56_56x56_56x56,GCU,0.21,0.20
layer_normalization,18_resnet_64x256x56x56_56x56_56x56,MUCHK,0.08,0.08
layer_normalization,18_resnet_64x256x56x56_56x56_56x56,ASSERT-SITE,0.15,0.14
layer_normalization,18_resnet_64x256x56x56_56x56_56x56,CODEGEN,1.21,1.16
layer_normalization,18_resnet_64x256x56x56_56x56_56x56,Total,8.16,7.96
layer_normalization,19_transformer_32x512x2048_2048_2048,SEMA,0.40,0.77
layer_normalization,19_transformer_32x512x2048_2048_2048,NORM,0.26,0.47
layer_normalization,19_transformer_32x512x2048_2048_2048,VALNO,1.69,3.25
layer_normalization,19_transformer_32x512x2048_2048_2048,INFER,0.26,0.50
layer_normalization,19_transformer_32x512x2048_2048_2048,LATENORM,0.17,0.34
layer_normalization,19_transformer_32x512x2048_2048_2048,LOOP,0.04,0.08
layer_normalization,19_transformer_32x512x2048_2048_2048,MEMORYREUSE,1.73,3.33
layer_normalization,19_transformer_32x512x2048_2048_2048,ACTIVE-THREADS,0.05,0.10
layer_normalization,19_transformer_32x512x2048_2048_2048,CHECK,1.27,2.55
layer_normalization,19_transformer_32x512x2048_2048_2048,CODEGEN,0.14,1.96
layer_normalization,19_transformer_32x512x2048_2048_2048,GCU,0.19,0.36
layer_normalization,19_transformer_32x512x2048_2048_2048,MUCHK,0.07,0.14
layer_normalization,19_transformer_32x512x2048_2048_2048,ASSERT-SITE,0.13,0.26
layer_normalization,19_transformer_32x512x2048_2048_2048,CODEGEN,1.04,1.96
layer_normalization,19_transformer_32x512x2048_2048_2048,Total,7.46,14.38
layer_normalization,1_bert_32x512x768_768_768,SEMA,0.45,0.38
layer_normalization,1_bert_32x512x768_768_768,NORM,0.26,0.23
layer_normalization,1_bert_32x512x768_768_768,VALNO,1.65,1.66
layer_normalization,1_bert_32x512x768_768_768,INFER,0.25,0.25
layer_normalization,1_bert_32x512x768_768_768,LATENORM,0.17,0.17
layer_normalization,1_bert_32x512x768_768_768,LOOP,0.04,0.04
layer_normalization,1_bert_32x512x768_768_768,MEMORYREUSE,1.73,1.64
layer_normalization,1_bert_32x512x768_768_768,ACTIVE-THREADS,0.05,0.05
layer_normalization,1_bert_32x512x768_768_768,CHECK,1.27,1.26
layer_normalization,1_bert_32x512x768_768_768,CODEGEN,0.14,0.99
layer_normalization,1_bert_32x512x768_768_768,GCU,0.19,0.18
layer_normalization,1_bert_32x512x768_768_768,MUCHK,0.07,0.07
layer_normalization,1_bert_32x512x768_768_768,ASSERT-SITE,0.13,0.13
layer_normalization,1_bert_32x512x768_768_768,CODEGEN,1.02,0.99
layer_normalization,1_bert_32x512x768_768_768,Total,7.43,7.18
layer_normalization,20_unet_16x512x32x32_32x32_32x32,SEMA,0.82,0.80
layer_normalization,20_unet_16x512x32x32_32x32_32x32,NORM,0.54,0.52
layer_normalization,20_unet_16x512x32x32_32x32_32x32,VALNO,3.68,3.64
layer_normalization,20_unet_16x512x32x32_32x32_32x32,INFER,0.53,0.51
layer_normalization,20_unet_16x512x32x32_32x32_32x32,LATENORM,0.40,0.37
layer_normalization,20_unet_16x512x32x32_32x32_32x32,LOOP,0.09,0.09
layer_normalization,20_unet_16x512x32x32_32x32_32x32,MEMORYREUSE,3.55,3.54
layer_normalization,20_unet_16x512x32x32_32x32_32x32,ACTIVE-THREADS,0.16,0.11
layer_normalization,20_unet_16x512x32x32_32x32_32x32,CHECK,2.79,2.79
layer_normalization,20_unet_16x512x32x32_32x32_32x32,CODEGEN,0.30,2.28
layer_normalization,20_unet_16x512x32x32_32x32_32x32,GCU,0.42,0.40
layer_normalization,20_unet_16x512x32x32_32x32_32x32,MUCHK,0.16,0.16
layer_normalization,20_unet_16x512x32x32_32x32_32x32,ASSERT-SITE,0.29,0.27
layer_normalization,20_unet_16x512x32x32_32x32_32x32,CODEGEN,2.28,2.28
layer_normalization,20_unet_16x512x32x32_32x32_32x32,Total,16.00,15.76
layer_normalization,21_vit_32x197x3072_3072_3072,SEMA,0.40,0.38
layer_normalization,21_vit_32x197x3072_3072_3072,NORM,0.25,0.23
layer_normalization,21_vit_32x197x3072_3072_3072,VALNO,1.64,1.61
layer_normalization,21_vit_32x197x3072_3072_3072,INFER,0.25,0.25
layer_normalization,21_vit_32x197x3072_3072_3072,LATENORM,0.17,0.17
layer_normalization,21_vit_32x197x3072_3072_3072,LOOP,0.04,0.04
layer_normalization,21_vit_32x197x3072_3072_3072,MEMORYREUSE,1.70,1.67
layer_normalization,21_vit_32x197x3072_3072_3072,ACTIVE-THREADS,0.05,0.05
layer_normalization,21_vit_32x197x3072_3072_3072,CHECK,1.26,1.25
layer_normalization,21_vit_32x197x3072_3072_3072,CODEGEN,0.14,0.98
layer_normalization,21_vit_32x197x3072_3072_3072,GCU,0.19,0.18
layer_normalization,21_vit_32x197x3072_3072_3072,MUCHK,0.07,0.07
layer_normalization,21_vit_32x197x3072_3072_3072,ASSERT-SITE,0.13,0.13
layer_normalization,21_vit_32x197x3072_3072_3072,CODEGEN,1.02,0.98
layer_normalization,21_vit_32x197x3072_3072_3072,Total,7.31,7.16
layer_normalization,2_cnn_128x128x28x28_28x28_28x28,SEMA,0.84,0.80
layer_normalization,2_cnn_128x128x28x28_28x28_28x28,NORM,0.53,0.52
layer_normalization,2_cnn_128x128x28x28_28x28_28x28,VALNO,3.68,3.61
layer_normalization,2_cnn_128x128x28x28_28x28_28x28,INFER,0.52,0.51
layer_normalization,2_cnn_128x128x28x28_28x28_28x28,LATENORM,0.39,0.39
layer_normalization,2_cnn_128x128x28x28_28x28_28x28,LOOP,0.09,0.09
layer_normalization,2_cnn_128x128x28x28_28x28_28x28,MEMORYREUSE,3.58,3.51
layer_normalization,2_cnn_128x128x28x28_28x28_28x28,ACTIVE-THREADS,0.11,0.10
layer_normalization,2_cnn_128x128x28x28_28x28_28x28,CHECK,2.85,2.78
layer_normalization,2_cnn_128x128x28x28_28x28_28x28,CODEGEN,0.29,2.31
layer_normalization,2_cnn_128x128x28x28_28x28_28x28,GCU,0.42,0.41
layer_normalization,2_cnn_128x128x28x28_28x28_28x28,MUCHK,0.15,0.15
layer_normalization,2_cnn_128x128x28x28_28x28_28x28,ASSERT-SITE,0.28,0.27
layer_normalization,2_cnn_128x128x28x28_28x28_28x28,CODEGEN,2.38,2.31
layer_normalization,2_cnn_128x128x28x28_28x28_28x28,Total,16.10,15.75
layer_normalization,3_attention_32xNx512x64_64_64,SEMA,0.52,0.53
layer_normalization,3_attention_32xNx512x64_64_64,NORM,0.38,0.38
layer_normalization,3_attention_32xNx512x64_64_64,VALNO,2.26,2.53
layer_normalization,3_attention_32xNx512x64_64_64,INFER,0.38,0.42
layer_normalization,3_attention_32xNx512x64_64_64,LATENORM,0.26,0.25
layer_normalization,3_attention_32xNx512x64_64_64,LOOP,0.06,0.07
layer_normalization,3_attention_32xNx512x64_64_64,MEMORYREUSE,2.60,2.70
layer_normalization,3_attention_32xNx512x64_64_64,ACTIVE-THREADS,0.07,0.07
layer_normalization,3_attention_32xNx512x64_64_64,CHECK,2.12,2.61
layer_normalization,3_attention_32xNx512x64_64_64,CODEGEN,0.24,3.42
layer_normalization,3_attention_32xNx512x64_64_64,GCU,0.24,0.60
layer_normalization,3_attention_32xNx512x64_64_64,MUCHK,0.12,0.15
layer_normalization,3_attention_32xNx512x64_64_64,ASSERT-SITE,0.22,0.23
layer_normalization,3_attention_32xNx512x64_64_64,CODEGEN,1.50,3.42
layer_normalization,3_attention_32xNx512x64_64_64,Total,10.98,14.20
layer_normalization,4_dynamic_Nx256x56x56_56x56_56x56,SEMA,0.78,0.75
layer_normalization,4_dynamic_Nx256x56x56_56x56_56x56,NORM,0.50,0.49
layer_normalization,4_dynamic_Nx256x56x56_56x56_56x56,VALNO,3.49,3.91
layer_normalization,4_dynamic_Nx256x56x56_56x56_56x56,INFER,0.50,0.65
layer_normalization,4_dynamic_Nx256x56x56_56x56_56x56,LATENORM,0.37,0.35
layer_normalization,4_dynamic_Nx256x56x56_56x56_56x56,LOOP,0.09,0.08
layer_normalization,4_dynamic_Nx256x56x56_56x56_56x56,MEMORYREUSE,3.38,3.60
layer_normalization,4_dynamic_Nx256x56x56_56x56_56x56,ACTIVE-THREADS,0.10,0.10
layer_normalization,4_dynamic_Nx256x56x56_56x56_56x56,CHECK,2.68,4.13
layer_normalization,4_dynamic_Nx256x56x56_56x56_56x56,CODEGEN,0.28,4.30
layer_normalization,4_dynamic_Nx256x56x56_56x56_56x56,GCU,0.39,1.05
layer_normalization,4_dynamic_Nx256x56x56_56x56_56x56,MUCHK,0.15,0.18
layer_normalization,4_dynamic_Nx256x56x56_56x56_56x56,ASSERT-SITE,0.26,0.30
layer_normalization,4_dynamic_Nx256x56x56_56x56_56x56,CODEGEN,2.29,4.30
layer_normalization,4_dynamic_Nx256x56x56_56x56_56x56,Total,15.26,20.18
layer_normalization,5_dynamic_Nx1280xMxK_MxK_MxK,SEMA,0.79,0.78
layer_normalization,5_dynamic_Nx1280xMxK_MxK_MxK,NORM,0.51,0.49
layer_normalization,5_dynamic_Nx1280xMxK_MxK_MxK,VALNO,3.56,4.31
layer_normalization,5_dynamic_Nx1280xMxK_MxK_MxK,INFER,0.50,0.91
layer_normalization,5_dynamic_Nx1280xMxK_MxK_MxK,LATENORM,0.37,0.35
layer_normalization,5_dynamic_Nx1280xMxK_MxK_MxK,LOOP,0.09,0.09
layer_normalization,5_dynamic_Nx1280xMxK_MxK_MxK,MEMORYREUSE,3.44,3.95
layer_normalization,5_dynamic_Nx1280xMxK_MxK_MxK,ACTIVE-THREADS,0.11,0.10
layer_normalization,5_dynamic_Nx1280xMxK_MxK_MxK,CHECK,2.68,5.20
layer_normalization,5_dynamic_Nx1280xMxK_MxK_MxK,CODEGEN,0.28,12.35
layer_normalization,5_dynamic_Nx1280xMxK_MxK_MxK,GCU,0.40,2.78
layer_normalization,5_dynamic_Nx1280xMxK_MxK_MxK,MUCHK,0.15,0.24
layer_normalization,5_dynamic_Nx1280xMxK_MxK_MxK,ASSERT-SITE,0.26,0.35
layer_normalization,5_dynamic_Nx1280xMxK_MxK_MxK,CODEGEN,2.14,12.35
layer_normalization,5_dynamic_Nx1280xMxK_MxK_MxK,Total,15.29,32.19
layer_normalization,6_dynamic_128xCx112x112_112x112_112x112,SEMA,0.84,0.77
layer_normalization,6_dynamic_128xCx112x112_112x112_112x112,NORM,0.53,0.50
layer_normalization,6_dynamic_128xCx112x112_112x112_112x112,VALNO,3.79,3.79
layer_normalization,6_dynamic_128xCx112x112_112x112_112x112,INFER,0.53,0.65
layer_normalization,6_dynamic_128xCx112x112_112x112_112x112,LATENORM,0.39,0.35
layer_normalization,6_dynamic_128xCx112x112_112x112_112x112,LOOP,0.09,0.09
layer_normalization,6_dynamic_128xCx112x112_112x112_112x112,MEMORYREUSE,3.65,3.64
layer_normalization,6_dynamic_128xCx112x112_112x112_112x112,ACTIVE-THREADS,0.11,0.10
layer_normalization,6_dynamic_128xCx112x112_112x112_112x112,CHECK,2.87,3.25
layer_normalization,6_dynamic_128xCx112x112_112x112_112x112,CODEGEN,0.29,5.98
layer_normalization,6_dynamic_128xCx112x112_112x112_112x112,GCU,0.42,1.07
layer_normalization,6_dynamic_128xCx112x112_112x112_112x112,MUCHK,0.16,0.19
layer_normalization,6_dynamic_128xCx112x112_112x112_112x112,ASSERT-SITE,0.28,0.28
layer_normalization,6_dynamic_128xCx112x112_112x112_112x112,CODEGEN,2.36,5.98
layer_normalization,6_dynamic_128xCx112x112_112x112_112x112,Total,16.31,20.95
layer_normalization,7_dynamic_32x197xD_D_D,SEMA,0.73,0.72
layer_normalization,7_dynamic_32x197xD_D_D,NORM,0.46,0.44
layer_normalization,7_dynamic_32x197xD_D_D,VALNO,3.10,3.40
layer_normalization,7_dynamic_32x197xD_D_D,INFER,0.48,0.57
layer_normalization,7_dynamic_32x197xD_D_D,LATENORM,0.31,0.32
layer_normalization,7_dynamic_32x197xD_D_D,LOOP,0.08,0.08
layer_normalization,7_dynamic_32x197xD_D_D,MEMORYREUSE,3.16,3.46
layer_normalization,7_dynamic_32x197xD_D_D,ACTIVE-THREADS,0.09,0.09
layer_normalization,7_dynamic_32x197xD_D_D,CHECK,2.41,3.04
layer_normalization,7_dynamic_32x197xD_D_D,CODEGEN,0.26,4.05
layer_normalization,7_dynamic_32x197xD_D_D,GCU,0.35,1.21
layer_normalization,7_dynamic_32x197xD_D_D,MUCHK,0.14,0.17
layer_normalization,7_dynamic_32x197xD_D_D,ASSERT-SITE,0.25,0.29
layer_normalization,7_dynamic_32x197xD_D_D,CODEGEN,1.93,4.05
layer_normalization,7_dynamic_32x197xD_D_D,Total,13.74,18.10
layer_normalization,8_dynamic_16x1024xD_D_D,SEMA,0.74,0.74
layer_normalization,8_dynamic_16x1024xD_D_D,NORM,0.46,0.44
layer_normalization,8_dynamic_16x1024xD_D_D,VALNO,3.12,3.38
layer_normalization,8_dynamic_16x1024xD_D_D,INFER,0.49,0.57
layer_normalization,8_dynamic_16x1024xD_D_D,LATENORM,0.32,0.32
layer_normalization,8_dynamic_16x1024xD_D_D,LOOP,0.08,0.08
layer_normalization,8_dynamic_16x1024xD_D_D,MEMORYREUSE,3.18,3.32
layer_normalization,8_dynamic_16x1024xD_D_D,ACTIVE-THREADS,0.09,0.09
layer_normalization,8_dynamic_16x1024xD_D_D,CHECK,2.41,2.99
layer_normalization,8_dynamic_16x1024xD_D_D,CODEGEN,0.26,3.24
layer_normalization,8_dynamic_16x1024xD_D_D,GCU,0.35,1.21
layer_normalization,8_dynamic_16x1024xD_D_D,MUCHK,0.14,0.17
layer_normalization,8_dynamic_16x1024xD_D_D,ASSERT-SITE,0.25,0.27
layer_normalization,8_dynamic_16x1024xD_D_D,CODEGEN,1.83,3.24
layer_normalization,8_dynamic_16x1024xD_D_D,Total,13.72,17.07
layer_normalization,9_dynamic_64x128xHxW_HxW_HxW,SEMA,0.44,0.41
layer_normalization,9_dynamic_64x128xHxW_HxW_HxW,NORM,0.28,0.26
layer_normalization,9_dynamic_64x128xHxW_HxW_HxW,VALNO,1.91,2.01
layer_normalization,9_dynamic_64x128xHxW_HxW_HxW,INFER,0.27,0.36
layer_normalization,9_dynamic_64x128xHxW_HxW_HxW,LATENORM,0.20,0.19
layer_normalization,9_dynamic_64x128xHxW_HxW_HxW,LOOP,0.05,0.05
layer_normalization,9_dynamic_64x128xHxW_HxW_HxW,MEMORYREUSE,1.84,1.99
layer_normalization,9_dynamic_64x128xHxW_HxW_HxW,ACTIVE-THREADS,0.06,0.05
layer_normalization,9_dynamic_64x128xHxW_HxW_HxW,CHECK,1.42,1.84
layer_normalization,9_dynamic_64x128xHxW_HxW_HxW,CODEGEN,0.15,4.16
layer_normalization,9_dynamic_64x128xHxW_HxW_HxW,GCU,0.21,0.88
layer_normalization,9_dynamic_64x128xHxW_HxW_HxW,MUCHK,0.08,0.11
layer_normalization,9_dynamic_64x128xHxW_HxW_HxW,ASSERT-SITE,0.14,0.16
layer_normalization,9_dynamic_64x128xHxW_HxW_HxW,CODEGEN,1.17,4.16
layer_normalization,9_dynamic_64x128xHxW_HxW_HxW,Total,8.21,12.61
matmul,10_dynamic_128x1280_1280xN_128xN,SEMA,0.43,0.39
matmul,10_dynamic_128x1280_1280xN_128xN,NORM,0.27,0.22
matmul,10_dynamic_128x1280_1280xN_128xN,VALNO,1.95,1.94
matmul,10_dynamic_128x1280_1280xN_128xN,INFER,0.23,0.23
matmul,10_dynamic_128x1280_1280xN_128xN,LATENORM,0.14,0.14
matmul,10_dynamic_128x1280_1280xN_128xN,LOOP,0.04,0.05
matmul,10_dynamic_128x1280_1280xN_128xN,MEMORYREUSE,1.40,1.39
matmul,10_dynamic_128x1280_1280xN_128xN,ACTIVE-THREADS,0.04,0.04
matmul,10_dynamic_128x1280_1280xN_128xN,CHECK,0.74,0.72
matmul,10_dynamic_128x1280_1280xN_128xN,CODEGEN,0.13,1.17
matmul,10_dynamic_128x1280_1280xN_128xN,GCU,0.61,0.61
matmul,10_dynamic_128x1280_1280xN_128xN,MUCHK,0.09,0.09
matmul,10_dynamic_128x1280_1280xN_128xN,ASSERT-SITE,0.12,0.12
matmul,10_dynamic_128x1280_1280xN_128xN,CODEGEN,1.20,1.17
matmul,10_dynamic_128x1280_1280xN_128xN,Total,7.41,7.23
matmul,11_dynamic_32xSx768_768x768_32xSx768,SEMA,0.33,0.22
matmul,11_dynamic_32xSx768_768x768_32xSx768,NORM,0.23,0.13
matmul,11_dynamic_32xSx768_768x768_32xSx768,VALNO,1.82,1.07
matmul,11_dynamic_32xSx768_768x768_32xSx768,INFER,0.19,0.13
matmul,11_dynamic_32xSx768_768x768_32xSx768,LATENORM,0.12,0.08
matmul,11_dynamic_32xSx768_768x768_32xSx768,LOOP,0.03,0.02
matmul,11_dynamic_32xSx768_768x768_32xSx768,MEMORYREUSE,1.18,0.76
matmul,11_dynamic_32xSx768_768x768_32xSx768,ACTIVE-THREADS,0.04,0.02
matmul,11_dynamic_32xSx768_768x768_32xSx768,CHECK,0.61,0.37
matmul,11_dynamic_32xSx768_768x768_32xSx768,CODEGEN,0.10,0.64
matmul,11_dynamic_32xSx768_768x768_32xSx768,GCU,0.13,0.18
matmul,11_dynamic_32xSx768_768x768_32xSx768,MUCHK,0.05,0.05
matmul,11_dynamic_32xSx768_768x768_32xSx768,ASSERT-SITE,0.10,0.06
matmul,11_dynamic_32xSx768_768x768_32xSx768,CODEGEN,0.64,0.64
matmul,11_dynamic_32xSx768_768x768_32xSx768,Total,5.58,3.81
matmul,12_dynamic_64xTx256_256x128_64xTx128,SEMA,0.34,0.33
matmul,12_dynamic_64xTx256_256x128_64xTx128,NORM,0.20,0.19
matmul,12_dynamic_64xTx256_256x128_64xTx128,VALNO,1.64,1.86
matmul,12_dynamic_64xTx256_256x128_64xTx128,INFER,0.20,0.21
matmul,12_dynamic_64xTx256_256x128_64xTx128,LATENORM,0.11,0.11
matmul,12_dynamic_64xTx256_256x128_64xTx128,LOOP,0.03,0.03
matmul,12_dynamic_64xTx256_256x128_64xTx128,MEMORYREUSE,1.23,1.16
matmul,12_dynamic_64xTx256_256x128_64xTx128,ACTIVE-THREADS,0.04,0.03
matmul,12_dynamic_64xTx256_256x128_64xTx128,CHECK,0.65,0.61
matmul,12_dynamic_64xTx256_256x128_64xTx128,CODEGEN,0.11,1.36
matmul,12_dynamic_64xTx256_256x128_64xTx128,GCU,0.14,0.32
matmul,12_dynamic_64xTx256_256x128_64xTx128,MUCHK,0.06,0.09
matmul,12_dynamic_64xTx256_256x128_64xTx128,ASSERT-SITE,0.11,0.11
matmul,12_dynamic_64xTx256_256x128_64xTx128,CODEGEN,0.67,1.36
matmul,12_dynamic_64xTx256_256x128_64xTx128,Total,5.54,6.52
matmul,13_dynamic_32x512xV_Vx768_32x512x768,SEMA,0.24,0.22
matmul,13_dynamic_32x512xV_Vx768_32x512x768,NORM,0.15,0.13
matmul,13_dynamic_32x512xV_Vx768_32x512x768,VALNO,1.04,1.05
matmul,13_dynamic_32x512xV_Vx768_32x512x768,INFER,0.14,0.13
matmul,13_dynamic_32x512xV_Vx768_32x512x768,LATENORM,0.08,0.08
matmul,13_dynamic_32x512xV_Vx768_32x512x768,LOOP,0.02,0.02
matmul,13_dynamic_32x512xV_Vx768_32x512x768,MEMORYREUSE,0.77,0.77
matmul,13_dynamic_32x512xV_Vx768_32x512x768,ACTIVE-THREADS,0.03,0.02
matmul,13_dynamic_32x512xV_Vx768_32x512x768,CHECK,0.38,0.38
matmul,13_dynamic_32x512xV_Vx768_32x512x768,CODEGEN,0.07,0.60
matmul,13_dynamic_32x512xV_Vx768_32x512x768,GCU,0.09,0.25
matmul,13_dynamic_32x512xV_Vx768_32x512x768,MUCHK,0.04,0.05
matmul,13_dynamic_32x512xV_Vx768_32x512x768,ASSERT-SITE,0.06,0.07
matmul,13_dynamic_32x512xV_Vx768_32x512x768,CODEGEN,0.40,0.60
matmul,13_dynamic_32x512xV_Vx768_32x512x768,Total,3.50,3.83
matmul,4_dynamic_32xNx512x64_32xNx64x512_32xNx512x512,SEMA,0.30,0.27
matmul,4_dynamic_32xNx512x64_32xNx64x512_32xNx512x512,NORM,0.14,0.14
matmul,4_dynamic_32xNx512x64_32xNx64x512_32xNx512x512,VALNO,1.57,1.60
matmul,4_dynamic_32xNx512x64_32xNx64x512_32xNx512x512,INFER,0.16,0.16
matmul,4_dynamic_32xNx512x64_32xNx64x512_32xNx512x512,LATENORM,0.08,0.08
matmul,4_dynamic_32xNx512x64_32xNx64x512_32xNx512x512,LOOP,0.02,0.02
matmul,4_dynamic_32xNx512x64_32xNx64x512_32xNx512x512,MEMORYREUSE,0.89,0.93
matmul,4_dynamic_32xNx512x64_32xNx64x512_32xNx512x512,ACTIVE-THREADS,0.03,0.03
matmul,4_dynamic_32xNx512x64_32xNx64x512_32xNx512x512,CHECK,0.52,0.52
matmul,4_dynamic_32xNx512x64_32xNx64x512_32xNx512x512,CODEGEN,0.07,0.94
matmul,4_dynamic_32xNx512x64_32xNx64x512_32xNx512x512,GCU,0.10,0.29
matmul,4_dynamic_32xNx512x64_32xNx64x512_32xNx512x512,MUCHK,0.04,0.07
matmul,4_dynamic_32xNx512x64_32xNx64x512_32xNx512x512,ASSERT-SITE,0.07,0.08
matmul,4_dynamic_32xNx512x64_32xNx64x512_32xNx512x512,CODEGEN,0.52,0.94
matmul,4_dynamic_32xNx512x64_32xNx64x512_32xNx512x512,Total,4.51,5.20
matmul,5_dynamic_Bx2048_2048x1000_Bx1000,SEMA,0.22,0.19
matmul,5_dynamic_Bx2048_2048x1000_Bx1000,NORM,0.13,0.12
matmul,5_dynamic_Bx2048_2048x1000_Bx1000,VALNO,0.99,1.02
matmul,5_dynamic_Bx2048_2048x1000_Bx1000,INFER,0.12,0.12
matmul,5_dynamic_Bx2048_2048x1000_Bx1000,LATENORM,0.07,0.07
matmul,5_dynamic_Bx2048_2048x1000_Bx1000,LOOP,0.02,0.02
matmul,5_dynamic_Bx2048_2048x1000_Bx1000,MEMORYREUSE,0.66,0.70
matmul,5_dynamic_Bx2048_2048x1000_Bx1000,ACTIVE-THREADS,0.02,0.02
matmul,5_dynamic_Bx2048_2048x1000_Bx1000,CHECK,0.36,0.35
matmul,5_dynamic_Bx2048_2048x1000_Bx1000,CODEGEN,0.07,0.73
matmul,5_dynamic_Bx2048_2048x1000_Bx1000,GCU,0.08,0.24
matmul,5_dynamic_Bx2048_2048x1000_Bx1000,MUCHK,0.03,0.04
matmul,5_dynamic_Bx2048_2048x1000_Bx1000,ASSERT-SITE,0.06,0.06
matmul,5_dynamic_Bx2048_2048x1000_Bx1000,CODEGEN,0.42,0.73
matmul,5_dynamic_Bx2048_2048x1000_Bx1000,Total,3.26,3.77
matmul,6_dynamic_32x197xE_Ex3072_32x197x3072,SEMA,0.23,0.22
matmul,6_dynamic_32x197xE_Ex3072_32x197x3072,NORM,0.14,0.13
matmul,6_dynamic_32x197xE_Ex3072_32x197x3072,VALNO,1.05,1.06
matmul,6_dynamic_32x197xE_Ex3072_32x197x3072,INFER,0.13,0.14
matmul,6_dynamic_32x197xE_Ex3072_32x197x3072,LATENORM,0.08,0.08
matmul,6_dynamic_32x197xE_Ex3072_32x197x3072,LOOP,0.02,0.02
matmul,6_dynamic_32x197xE_Ex3072_32x197x3072,MEMORYREUSE,0.74,0.78
matmul,6_dynamic_32x197xE_Ex3072_32x197x3072,ACTIVE-THREADS,0.02,0.02
matmul,6_dynamic_32x197xE_Ex3072_32x197x3072,CHECK,0.38,0.38
matmul,6_dynamic_32x197xE_Ex3072_32x197x3072,CODEGEN,0.07,0.49
matmul,6_dynamic_32x197xE_Ex3072_32x197x3072,GCU,0.09,0.25
matmul,6_dynamic_32x197xE_Ex3072_32x197x3072,MUCHK,0.04,0.05
matmul,6_dynamic_32x197xE_Ex3072_32x197x3072,ASSERT-SITE,0.06,0.07
matmul,6_dynamic_32x197xE_Ex3072_32x197x3072,CODEGEN,0.37,0.49
matmul,6_dynamic_32x197xE_Ex3072_32x197x3072,Total,3.42,3.75
matmul,7_dynamic_16x1024xD_Dx4096_16x1024x4096,SEMA,0.24,0.21
matmul,7_dynamic_16x1024xD_Dx4096_16x1024x4096,NORM,0.14,0.13
matmul,7_dynamic_16x1024xD_Dx4096_16x1024x4096,VALNO,1.07,1.06
matmul,7_dynamic_16x1024xD_Dx4096_16x1024x4096,INFER,0.14,0.14
matmul,7_dynamic_16x1024xD_Dx4096_16x1024x4096,LATENORM,0.08,0.08
matmul,7_dynamic_16x1024xD_Dx4096_16x1024x4096,LOOP,0.02,0.02
matmul,7_dynamic_16x1024xD_Dx4096_16x1024x4096,MEMORYREUSE,0.75,0.76
matmul,7_dynamic_16x1024xD_Dx4096_16x1024x4096,ACTIVE-THREADS,0.02,0.02
matmul,7_dynamic_16x1024xD_Dx4096_16x1024x4096,CHECK,0.38,0.42
matmul,7_dynamic_16x1024xD_Dx4096_16x1024x4096,CODEGEN,0.07,0.60
matmul,7_dynamic_16x1024xD_Dx4096_16x1024x4096,GCU,0.09,0.25
matmul,7_dynamic_16x1024xD_Dx4096_16x1024x4096,MUCHK,0.04,0.05
matmul,7_dynamic_16x1024xD_Dx4096_16x1024x4096,ASSERT-SITE,0.06,0.07
matmul,7_dynamic_16x1024xD_Dx4096_16x1024x4096,CODEGEN,0.41,0.60
matmul,7_dynamic_16x1024xD_Dx4096_16x1024x4096,Total,3.51,3.86
matmul,8_dynamic_64x100x300_300xH_64x100xH,SEMA,0.24,0.22
matmul,8_dynamic_64x100x300_300xH_64x100xH,NORM,0.15,0.13
matmul,8_dynamic_64x100x300_300xH_64x100xH,VALNO,1.05,1.11
matmul,8_dynamic_64x100x300_300xH_64x100xH,INFER,0.14,0.15
matmul,8_dynamic_64x100x300_300xH_64x100xH,LATENORM,0.08,0.08
matmul,8_dynamic_64x100x300_300xH_64x100xH,LOOP,0.02,0.02
matmul,8_dynamic_64x100x300_300xH_64x100xH,MEMORYREUSE,0.74,0.80
matmul,8_dynamic_64x100x300_300xH_64x100xH,ACTIVE-THREADS,0.02,0.02
matmul,8_dynamic_64x100x300_300xH_64x100xH,CHECK,0.38,0.38
matmul,8_dynamic_64x100x300_300xH_64x100xH,CODEGEN,0.07,0.77
matmul,8_dynamic_64x100x300_300xH_64x100xH,GCU,0.09,0.48
matmul,8_dynamic_64x100x300_300xH_64x100xH,MUCHK,0.04,0.05
matmul,8_dynamic_64x100x300_300xH_64x100xH,ASSERT-SITE,0.06,0.07
matmul,8_dynamic_64x100x300_300xH_64x100xH,CODEGEN,0.43,0.77
matmul,8_dynamic_64x100x300_300xH_64x100xH,Total,3.51,4.34
matmul,9_dynamic_16xSx512_512x256_16xSx256,SEMA,0.24,0.21
matmul,9_dynamic_16xSx512_512x256_16xSx256,NORM,0.14,0.13
matmul,9_dynamic_16xSx512_512x256_16xSx256,VALNO,1.05,1.07
matmul,9_dynamic_16xSx512_512x256_16xSx256,INFER,0.13,0.13
matmul,9_dynamic_16xSx512_512x256_16xSx256,LATENORM,0.08,0.08
matmul,9_dynamic_16xSx512_512x256_16xSx256,LOOP,0.02,0.02
matmul,9_dynamic_16xSx512_512x256_16xSx256,MEMORYREUSE,0.74,0.77
matmul,9_dynamic_16xSx512_512x256_16xSx256,ACTIVE-THREADS,0.02,0.02
matmul,9_dynamic_16xSx512_512x256_16xSx256,CHECK,0.38,0.37
matmul,9_dynamic_16xSx512_512x256_16xSx256,CODEGEN,0.07,0.65
matmul,9_dynamic_16xSx512_512x256_16xSx256,GCU,0.09,0.19
matmul,9_dynamic_16xSx512_512x256_16xSx256,MUCHK,0.04,0.05
matmul,9_dynamic_16xSx512_512x256_16xSx256,ASSERT-SITE,0.06,0.07
matmul,9_dynamic_16xSx512_512x256_16xSx256,CODEGEN,0.41,0.65
matmul,9_dynamic_16xSx512_512x256_16xSx256,Total,3.48,3.82
max_pool2d,10_dynamic_32xCxHxW_32xCxHd5xWd5,SEMA,0.31,0.29
max_pool2d,10_dynamic_32xCxHxW_32xCxHd5xWd5,NORM,0.16,0.15
max_pool2d,10_dynamic_32xCxHxW_32xCxHd5xWd5,VALNO,1.56,1.87
max_pool2d,10_dynamic_32xCxHxW_32xCxHd5xWd5,INFER,0.20,0.29
max_pool2d,10_dynamic_32xCxHxW_32xCxHd5xWd5,LATENORM,0.09,0.09
max_pool2d,10_dynamic_32xCxHxW_32xCxHd5xWd5,LOOP,0.02,0.02
max_pool2d,10_dynamic_32xCxHxW_32xCxHd5xWd5,MEMORYREUSE,0.81,0.96
max_pool2d,10_dynamic_32xCxHxW_32xCxHd5xWd5,ACTIVE-THREADS,0.03,0.03
max_pool2d,10_dynamic_32xCxHxW_32xCxHd5xWd5,CHECK,5.28,6.02
max_pool2d,10_dynamic_32xCxHxW_32xCxHd5xWd5,CODEGEN,0.09,4.39
max_pool2d,10_dynamic_32xCxHxW_32xCxHd5xWd5,GCU,0.10,0.99
max_pool2d,10_dynamic_32xCxHxW_32xCxHd5xWd5,MUCHK,0.05,0.08
max_pool2d,10_dynamic_32xCxHxW_32xCxHd5xWd5,ASSERT-SITE,0.12,0.14
max_pool2d,10_dynamic_32xCxHxW_32xCxHd5xWd5,CODEGEN,0.61,4.39
max_pool2d,10_dynamic_32xCxHxW_32xCxHd5xWd5,Total,9.43,15.41
max_pool2d,11_dynamic_16x512xSxS_16x512xSd2xSd2,SEMA,0.35,0.34
max_pool2d,11_dynamic_16x512xSxS_16x512xSd2xSd2,NORM,0.16,0.15
max_pool2d,11_dynamic_16x512xSxS_16x512xSd2xSd2,VALNO,1.86,2.13
max_pool2d,11_dynamic_16x512xSxS_16x512xSd2xSd2,INFER,0.20,0.25
max_pool2d,11_dynamic_16x512xSxS_16x512xSd2xSd2,LATENORM,0.09,0.09
max_pool2d,11_dynamic_16x512xSxS_16x512xSd2xSd2,LOOP,0.02,0.02
max_pool2d,11_dynamic_16x512xSxS_16x512xSd2xSd2,MEMORYREUSE,0.83,0.91
max_pool2d,11_dynamic_16x512xSxS_16x512xSd2xSd2,ACTIVE-THREADS,0.03,0.03
max_pool2d,11_dynamic_16x512xSxS_16x512xSd2xSd2,CHECK,9.12,9.88
max_pool2d,11_dynamic_16x512xSxS_16x512xSd2xSd2,CODEGEN,0.09,3.14
max_pool2d,11_dynamic_16x512xSxS_16x512xSd2xSd2,GCU,0.10,0.58
max_pool2d,11_dynamic_16x512xSxS_16x512xSd2xSd2,MUCHK,0.05,0.07
max_pool2d,11_dynamic_16x512xSxS_16x512xSd2xSd2,ASSERT-SITE,0.14,0.15
max_pool2d,11_dynamic_16x512xSxS_16x512xSd2xSd2,CODEGEN,0.81,3.14
max_pool2d,11_dynamic_16x512xSxS_16x512xSd2xSd2,Total,13.88,17.84
max_pool2d,12_dynamic_Bx512xHxW_Bx512xHd2xWd2,SEMA,0.35,0.34
max_pool2d,12_dynamic_Bx512xHxW_Bx512xHd2xWd2,NORM,0.17,0.16
max_pool2d,12_dynamic_Bx512xHxW_Bx512xHd2xWd2,VALNO,1.81,2.24
max_pool2d,12_dynamic_Bx512xHxW_Bx512xHd2xWd2,INFER,0.19,0.25
max_pool2d,12_dynamic_Bx512xHxW_Bx512xHd2xWd2,LATENORM,0.09,0.09
max_pool2d,12_dynamic_Bx512xHxW_Bx512xHd2xWd2,LOOP,0.04,0.02
max_pool2d,12_dynamic_Bx512xHxW_Bx512xHd2xWd2,MEMORYREUSE,0.82,0.98
max_pool2d,12_dynamic_Bx512xHxW_Bx512xHd2xWd2,ACTIVE-THREADS,0.03,0.03
max_pool2d,12_dynamic_Bx512xHxW_Bx512xHd2xWd2,CHECK,9.02,10.19
max_pool2d,12_dynamic_Bx512xHxW_Bx512xHd2xWd2,CODEGEN,0.09,4.48
max_pool2d,12_dynamic_Bx512xHxW_Bx512xHd2xWd2,GCU,0.11,1.00
max_pool2d,12_dynamic_Bx512xHxW_Bx512xHd2xWd2,MUCHK,0.05,0.08
max_pool2d,12_dynamic_Bx512xHxW_Bx512xHd2xWd2,ASSERT-SITE,0.13,0.16
max_pool2d,12_dynamic_Bx512xHxW_Bx512xHd2xWd2,CODEGEN,0.81,4.48
max_pool2d,12_dynamic_Bx512xHxW_Bx512xHd2xWd2,Total,13.72,20.11
max_pool2d,13_dynamic_BxCx128x128_BxCx32x32,SEMA,0.32,0.30
max_pool2d,13_dynamic_BxCx128x128_BxCx32x32,NORM,0.17,0.16
max_pool2d,13_dynamic_BxCx128x128_BxCx32x32,VALNO,1.55,1.72
max_pool2d,13_dynamic_BxCx128x128_BxCx32x32,INFER,0.20,0.22
max_pool2d,13_dynamic_BxCx128x128_BxCx32x32,LATENORM,0.09,0.10
max_pool2d,13_dynamic_BxCx128x128_BxCx32x32,LOOP,0.02,0.02
max_pool2d,13_dynamic_BxCx128x128_BxCx32x32,MEMORYREUSE,0.80,0.96
max_pool2d,13_dynamic_BxCx128x128_BxCx32x32,ACTIVE-THREADS,0.03,0.03
max_pool2d,13_dynamic_BxCx128x128_BxCx32x32,CHECK,5.31,5.77
max_pool2d,13_dynamic_BxCx128x128_BxCx32x32,CODEGEN,0.09,2.11
max_pool2d,13_dynamic_BxCx128x128_BxCx32x32,GCU,0.09,0.52
max_pool2d,13_dynamic_BxCx128x128_BxCx32x32,MUCHK,0.05,0.08
max_pool2d,13_dynamic_BxCx128x128_BxCx32x32,ASSERT-SITE,0.12,0.13
max_pool2d,13_dynamic_BxCx128x128_BxCx32x32,CODEGEN,0.62,2.11
max_pool2d,13_dynamic_BxCx128x128_BxCx32x32,Total,9.47,12.21
max_pool2d,4_dynamic_64xCxHxW_64xCxHd2xWd2,SEMA,0.35,0.34
max_pool2d,4_dynamic_64xCxHxW_64xCxHd2xWd2,NORM,0.17,0.16
max_pool2d,4_dynamic_64xCxHxW_64xCxHd2xWd2,VALNO,1.82,2.27
max_pool2d,4_dynamic_64xCxHxW_64xCxHd2xWd2,INFER,0.19,0.27
max_pool2d,4_dynamic_64xCxHxW_64xCxHd2xWd2,LATENORM,0.09,0.09
max_pool2d,4_dynamic_64xCxHxW_64xCxHd2xWd2,LOOP,0.02,0.02
max_pool2d,4_dynamic_64xCxHxW_64xCxHd2xWd2,MEMORYREUSE,0.81,0.98
max_pool2d,4_dynamic_64xCxHxW_64xCxHd2xWd2,ACTIVE-THREADS,0.03,0.03
max_pool2d,4_dynamic_64xCxHxW_64xCxHd2xWd2,CHECK,9.07,10.36
max_pool2d,4_dynamic_64xCxHxW_64xCxHd2xWd2,CODEGEN,0.09,4.79
max_pool2d,4_dynamic_64xCxHxW_64xCxHd2xWd2,GCU,0.10,1.00
max_pool2d,4_dynamic_64xCxHxW_64xCxHd2xWd2,MUCHK,0.04,0.08
max_pool2d,4_dynamic_64xCxHxW_64xCxHd2xWd2,ASSERT-SITE,0.13,0.16
max_pool2d,4_dynamic_64xCxHxW_64xCxHd2xWd2,CODEGEN,0.80,4.79
max_pool2d,4_dynamic_64xCxHxW_64xCxHd2xWd2,Total,13.74,20.63
max_pool2d,5_dynamic_Bx256x56x56_Bx256x28x28,SEMA,0.36,0.33
max_pool2d,5_dynamic_Bx256x56x56_Bx256x28x28,NORM,0.16,0.15
max_pool2d,5_dynamic_Bx256x56x56_Bx256x28x28,VALNO,1.94,1.91
max_pool2d,5_dynamic_Bx256x56x56_Bx256x28x28,INFER,0.20,0.20
max_pool2d,5_dynamic_Bx256x56x56_Bx256x28x28,LATENORM,0.09,0.09
max_pool2d,5_dynamic_Bx256x56x56_Bx256x28x28,LOOP,0.02,0.02
max_pool2d,5_dynamic_Bx256x56x56_Bx256x28x28,MEMORYREUSE,0.90,0.87
max_pool2d,5_dynamic_Bx256x56x56_Bx256x28x28,ACTIVE-THREADS,0.03,0.03
max_pool2d,5_dynamic_Bx256x56x56_Bx256x28x28,CHECK,9.61,9.67
max_pool2d,5_dynamic_Bx256x56x56_Bx256x28x28,CODEGEN,0.09,1.28
max_pool2d,5_dynamic_Bx256x56x56_Bx256x28x28,GCU,0.28,0.27
max_pool2d,5_dynamic_Bx256x56x56_Bx256x28x28,MUCHK,0.06,0.06
max_pool2d,5_dynamic_Bx256x56x56_Bx256x28x28,ASSERT-SITE,0.15,0.15
max_pool2d,5_dynamic_Bx256x56x56_Bx256x28x28,CODEGEN,1.33,1.28
max_pool2d,5_dynamic_Bx256x56x56_Bx256x28x28,Total,15.24,15.12
max_pool2d,6_dynamic_Bx1280xHxW_Bx1280xHd2xWd2,SEMA,0.36,0.34
max_pool2d,6_dynamic_Bx1280xHxW_Bx1280xHd2xWd2,NORM,0.17,0.16
max_pool2d,6_dynamic_Bx1280xHxW_Bx1280xHd2xWd2,VALNO,1.97,2.21
max_pool2d,6_dynamic_Bx1280xHxW_Bx1280xHd2xWd2,INFER,0.20,0.25
max_pool2d,6_dynamic_Bx1280xHxW_Bx1280xHd2xWd2,LATENORM,0.09,0.09
max_pool2d,6_dynamic_Bx1280xHxW_Bx1280xHd2xWd2,LOOP,0.02,0.02
max_pool2d,6_dynamic_Bx1280xHxW_Bx1280xHd2xWd2,MEMORYREUSE,0.91,1.04
max_pool2d,6_dynamic_Bx1280xHxW_Bx1280xHd2xWd2,ACTIVE-THREADS,0.03,0.03
max_pool2d,6_dynamic_Bx1280xHxW_Bx1280xHd2xWd2,CHECK,9.74,10.29
max_pool2d,6_dynamic_Bx1280xHxW_Bx1280xHd2xWd2,CODEGEN,0.09,4.57
max_pool2d,6_dynamic_Bx1280xHxW_Bx1280xHd2xWd2,GCU,0.27,1.04
max_pool2d,6_dynamic_Bx1280xHxW_Bx1280xHd2xWd2,MUCHK,0.06,0.08
max_pool2d,6_dynamic_Bx1280xHxW_Bx1280xHd2xWd2,ASSERT-SITE,0.15,0.16
max_pool2d,6_dynamic_Bx1280xHxW_Bx1280xHd2xWd2,CODEGEN,1.34,4.57
max_pool2d,6_dynamic_Bx1280xHxW_Bx1280xHd2xWd2,Total,15.41,20.37
max_pool2d,7_dynamic_128xCx112x112_128xCx56x56,SEMA,0.36,0.34
max_pool2d,7_dynamic_128xCx112x112_128xCx56x56,NORM,0.16,0.16
max_pool2d,7_dynamic_128xCx112x112_128xCx56x56,VALNO,1.83,1.94
max_pool2d,7_dynamic_128xCx112x112_128xCx56x56,INFER,0.20,0.21
max_pool2d,7_dynamic_128xCx112x112_128xCx56x56,LATENORM,0.09,0.09
max_pool2d,7_dynamic_128xCx112x112_128xCx56x56,LOOP,0.02,0.02
max_pool2d,7_dynamic_128xCx112x112_128xCx56x56,MEMORYREUSE,0.83,0.97
max_pool2d,7_dynamic_128xCx112x112_128xCx56x56,ACTIVE-THREADS,0.03,0.03
max_pool2d,7_dynamic_128xCx112x112_128xCx56x56,CHECK,8.98,9.82
max_pool2d,7_dynamic_128xCx112x112_128xCx56x56,CODEGEN,0.11,1.85
max_pool2d,7_dynamic_128xCx112x112_128xCx56x56,GCU,0.13,0.27
max_pool2d,7_dynamic_128xCx112x112_128xCx56x56,MUCHK,0.06,0.06
max_pool2d,7_dynamic_128xCx112x112_128xCx56x56,ASSERT-SITE,0.18,0.15
max_pool2d,7_dynamic_128xCx112x112_128xCx56x56,CODEGEN,0.94,1.85
max_pool2d,7_dynamic_128xCx112x112_128xCx56x56,Total,13.91,15.99
max_pool2d,8_dynamic_32xCxHxW_32xCxHd3xWd3,SEMA,0.31,0.29
max_pool2d,8_dynamic_32xCxHxW_32xCxHd3xWd3,NORM,0.17,0.15
max_pool2d,8_dynamic_32xCxHxW_32xCxHd3xWd3,VALNO,1.56,1.86
max_pool2d,8_dynamic_32xCxHxW_32xCxHd3xWd3,INFER,0.21,0.36
max_pool2d,8_dynamic_32xCxHxW_32xCxHd3xWd3,LATENORM,0.09,0.09
max_pool2d,8_dynamic_32xCxHxW_32xCxHd3xWd3,LOOP,0.02,0.02
max_pool2d,8_dynamic_32xCxHxW_32xCxHd3xWd3,MEMORYREUSE,0.79,0.94
max_pool2d,8_dynamic_32xCxHxW_32xCxHd3xWd3,ACTIVE-THREADS,0.03,0.03
max_pool2d,8_dynamic_32xCxHxW_32xCxHd3xWd3,CHECK,5.28,6.00
max_pool2d,8_dynamic_32xCxHxW_32xCxHd3xWd3,CODEGEN,0.09,4.31
max_pool2d,8_dynamic_32xCxHxW_32xCxHd3xWd3,GCU,0.09,1.00
max_pool2d,8_dynamic_32xCxHxW_32xCxHd3xWd3,MUCHK,0.04,0.08
max_pool2d,8_dynamic_32xCxHxW_32xCxHd3xWd3,ASSERT-SITE,0.12,0.14
max_pool2d,8_dynamic_32xCxHxW_32xCxHd3xWd3,CODEGEN,0.60,4.31
max_pool2d,8_dynamic_32xCxHxW_32xCxHd3xWd3,Total,9.41,15.37
max_pool2d,9_dynamic_64x128xHxW_64x128xHd2xWd2,SEMA,0.36,0.34
max_pool2d,9_dynamic_64x128xHxW_64x128xHd2xWd2,NORM,0.17,0.16
max_pool2d,9_dynamic_64x128xHxW_64x128xHd2xWd2,VALNO,1.85,2.12
max_pool2d,9_dynamic_64x128xHxW_64x128xHd2xWd2,INFER,0.19,0.25
max_pool2d,9_dynamic_64x128xHxW_64x128xHd2xWd2,LATENORM,0.09,0.09
max_pool2d,9_dynamic_64x128xHxW_64x128xHd2xWd2,LOOP,0.02,0.02
max_pool2d,9_dynamic_64x128xHxW_64x128xHd2xWd2,MEMORYREUSE,0.83,0.91
max_pool2d,9_dynamic_64x128xHxW_64x128xHd2xWd2,ACTIVE-THREADS,0.03,0.03
max_pool2d,9_dynamic_64x128xHxW_64x128xHd2xWd2,CHECK,9.01,9.84
max_pool2d,9_dynamic_64x128xHxW_64x128xHd2xWd2,CODEGEN,0.09,3.22
max_pool2d,9_dynamic_64x128xHxW_64x128xHd2xWd2,GCU,0.11,0.57
max_pool2d,9_dynamic_64x128xHxW_64x128xHd2xWd2,MUCHK,0.04,0.07
max_pool2d,9_dynamic_64x128xHxW_64x128xHd2xWd2,ASSERT-SITE,0.13,0.15
max_pool2d,9_dynamic_64x128xHxW_64x128xHd2xWd2,CODEGEN,0.82,3.22
max_pool2d,9_dynamic_64x128xHxW_64x128xHd2xWd2,Total,13.77,17.87
reduce_mean,10_dynamic_32xSx768_32x768,SEMA,0.19,0.17
reduce_mean,10_dynamic_32xSx768_32x768,NORM,0.11,0.10
reduce_mean,10_dynamic_32xSx768_32x768,VALNO,0.73,0.74
reduce_mean,10_dynamic_32xSx768_32x768,INFER,0.08,0.08
reduce_mean,10_dynamic_32xSx768_32x768,LATENORM,0.07,0.06
reduce_mean,10_dynamic_32xSx768_32x768,LOOP,0.01,0.01
reduce_mean,10_dynamic_32xSx768_32x768,MEMORYREUSE,0.72,0.75
reduce_mean,10_dynamic_32xSx768_32x768,ACTIVE-THREADS,0.02,0.02
reduce_mean,10_dynamic_32xSx768_32x768,CHECK,0.21,0.20
reduce_mean,10_dynamic_32xSx768_32x768,CODEGEN,0.06,0.58
reduce_mean,10_dynamic_32xSx768_32x768,GCU,0.10,0.23
reduce_mean,10_dynamic_32xSx768_32x768,MUCHK,0.04,0.04
reduce_mean,10_dynamic_32xSx768_32x768,ASSERT-SITE,0.05,0.05
reduce_mean,10_dynamic_32xSx768_32x768,CODEGEN,0.35,0.58
reduce_mean,10_dynamic_32xSx768_32x768,Total,2.72,3.11
reduce_mean,11_dynamic_64xTx256_64x256,SEMA,0.18,0.16
reduce_mean,11_dynamic_64xTx256_64x256,NORM,0.11,0.10
reduce_mean,11_dynamic_64xTx256_64x256,VALNO,0.71,0.73
reduce_mean,11_dynamic_64xTx256_64x256,INFER,0.08,0.08
reduce_mean,11_dynamic_64xTx256_64x256,LATENORM,0.07,0.06
reduce_mean,11_dynamic_64xTx256_64x256,LOOP,0.01,0.01
reduce_mean,11_dynamic_64xTx256_64x256,MEMORYREUSE,0.69,0.74
reduce_mean,11_dynamic_64xTx256_64x256,ACTIVE-THREADS,0.02,0.02
reduce_mean,11_dynamic_64xTx256_64x256,CHECK,0.21,0.21
reduce_mean,11_dynamic_64xTx256_64x256,CODEGEN,0.06,0.59
reduce_mean,11_dynamic_64xTx256_64x256,GCU,0.10,0.23
reduce_mean,11_dynamic_64xTx256_64x256,MUCHK,0.03,0.04
reduce_mean,11_dynamic_64xTx256_64x256,ASSERT-SITE,0.04,0.05
reduce_mean,11_dynamic_64xTx256_64x256,CODEGEN,0.35,0.59
reduce_mean,11_dynamic_64xTx256_64x256,Total,2.68,3.07
reduce_mean,12_dynamic_32x512xV_32x512,SEMA,0.19,0.17
reduce_mean,12_dynamic_32x512xV_32x512,NORM,0.11,0.12
reduce_mean,12_dynamic_32x512xV_32x512,VALNO,0.72,0.74
reduce_mean,12_dynamic_32x512xV_32x512,INFER,0.08,0.08
reduce_mean,12_dynamic_32x512xV_32x512,LATENORM,0.06,0.06
reduce_mean,12_dynamic_32x512xV_32x512,LOOP,0.01,0.02
reduce_mean,12_dynamic_32x512xV_32x512,MEMORYREUSE,0.71,0.75
reduce_mean,12_dynamic_32x512xV_32x512,ACTIVE-THREADS,0.02,0.02
reduce_mean,12_dynamic_32x512xV_32x512,CHECK,0.16,0.16
reduce_mean,12_dynamic_32x512xV_32x512,CODEGEN,0.07,0.52
reduce_mean,12_dynamic_32x512xV_32x512,GCU,0.10,0.21
reduce_mean,12_dynamic_32x512xV_32x512,MUCHK,0.03,0.04
reduce_mean,12_dynamic_32x512xV_32x512,ASSERT-SITE,0.04,0.05
reduce_mean,12_dynamic_32x512xV_32x512,CODEGEN,0.35,0.52
reduce_mean,12_dynamic_32x512xV_32x512,Total,2.67,2.98
reduce_mean,3_dynamic_Nx256x56x56_Nx256,SEMA,0.20,0.17
reduce_mean,3_dynamic_Nx256x56x56_Nx256,NORM,0.11,0.09
reduce_mean,3_dynamic_Nx256x56x56_Nx256,VALNO,0.77,0.92
reduce_mean,3_dynamic_Nx256x56x56_Nx256,INFER,0.08,0.07
reduce_mean,3_dynamic_Nx256x56x56_Nx256,LATENORM,0.06,0.06
reduce_mean,3_dynamic_Nx256x56x56_Nx256,LOOP,0.02,0.02
reduce_mean,3_dynamic_Nx256x56x56_Nx256,MEMORYREUSE,0.62,0.68
reduce_mean,3_dynamic_Nx256x56x56_Nx256,ACTIVE-THREADS,0.02,0.02
reduce_mean,3_dynamic_Nx256x56x56_Nx256,CHECK,0.16,0.16
reduce_mean,3_dynamic_Nx256x56x56_Nx256,CODEGEN,0.06,1.23
reduce_mean,3_dynamic_Nx256x56x56_Nx256,GCU,0.09,0.42
reduce_mean,3_dynamic_Nx256x56x56_Nx256,MUCHK,0.03,0.04
reduce_mean,3_dynamic_Nx256x56x56_Nx256,ASSERT-SITE,0.04,0.05
reduce_mean,3_dynamic_Nx256x56x56_Nx256,CODEGEN,0.40,1.23
reduce_mean,3_dynamic_Nx256x56x56_Nx256,Total,2.67,3.99
reduce_mean,4_dynamic_NxCxHxW_N,SEMA,0.14,0.12
reduce_mean,4_dynamic_NxCxHxW_N,NORM,0.13,0.11
reduce_mean,4_dynamic_NxCxHxW_N,VALNO,0.46,0.52
reduce_mean,4_dynamic_NxCxHxW_N,INFER,0.07,0.08
reduce_mean,4_dynamic_NxCxHxW_N,LATENORM,0.06,0.06
reduce_mean,4_dynamic_NxCxHxW_N,LOOP,0.01,0.01
reduce_mean,4_dynamic_NxCxHxW_N,MEMORYREUSE,0.42,0.46
reduce_mean,4_dynamic_NxCxHxW_N,ACTIVE-THREADS,0.02,0.02
reduce_mean,4_dynamic_NxCxHxW_N,CHECK,0.21,0.21
reduce_mean,4_dynamic_NxCxHxW_N,CODEGEN,0.05,0.55
reduce_mean,4_dynamic_NxCxHxW_N,GCU,0.07,0.38
reduce_mean,4_dynamic_NxCxHxW_N,MUCHK,0.03,0.05
reduce_mean,4_dynamic_NxCxHxW_N,ASSERT-SITE,0.04,0.05
reduce_mean,4_dynamic_NxCxHxW_N,CODEGEN,0.21,0.55
reduce_mean,4_dynamic_NxCxHxW_N,Total,1.93,2.67
reduce_mean,5_dynamic_32xCx112x112_32x112x112,SEMA,0.17,0.15
reduce_mean,5_dynamic_32xCx112x112_32x112x112,NORM,0.09,0.08
reduce_mean,5_dynamic_32xCx112x112_32x112x112,VALNO,0.74,0.77
reduce_mean,5_dynamic_32xCx112x112_32x112x112,INFER,0.06,0.06
reduce_mean,5_dynamic_32xCx112x112_32x112x112,LATENORM,0.06,0.05
reduce_mean,5_dynamic_32xCx112x112_32x112x112,LOOP,0.01,0.01
reduce_mean,5_dynamic_32xCx112x112_32x112x112,MEMORYREUSE,0.47,0.55
reduce_mean,5_dynamic_32xCx112x112_32x112x112,ACTIVE-THREADS,0.01,0.01
reduce_mean,5_dynamic_32xCx112x112_32x112x112,CHECK,0.17,0.16
reduce_mean,5_dynamic_32xCx112x112_32x112x112,CODEGEN,0.05,0.75
reduce_mean,5_dynamic_32xCx112x112_32x112x112,GCU,0.11,0.24
reduce_mean,5_dynamic_32xCx112x112_32x112x112,MUCHK,0.03,0.04
reduce_mean,5_dynamic_32xCx112x112_32x112x112,ASSERT-SITE,0.04,0.04
reduce_mean,5_dynamic_32xCx112x112_32x112x112,CODEGEN,0.32,0.75
reduce_mean,5_dynamic_32xCx112x112_32x112x112,Total,2.34,2.97
reduce_mean,6_dynamic_16x512xE_16x512,SEMA,0.19,0.17
reduce_mean,6_dynamic_16x512xE_16x512,NORM,0.11,0.10
reduce_mean,6_dynamic_16x512xE_16x512,VALNO,0.72,0.72
reduce_mean,6_dynamic_16x512xE_16x512,INFER,0.08,0.08
reduce_mean,6_dynamic_16x512xE_16x512,LATENORM,0.07,0.06
reduce_mean,6_dynamic_16x512xE_16x512,LOOP,0.01,0.01
reduce_mean,6_dynamic_16x512xE_16x512,MEMORYREUSE,0.74,0.75
reduce_mean,6_dynamic_16x512xE_16x512,ACTIVE-THREADS,0.02,0.02
reduce_mean,6_dynamic_16x512xE_16x512,CHECK,0.16,0.15
reduce_mean,6_dynamic_16x512xE_16x512,CODEGEN,0.06,0.45
reduce_mean,6_dynamic_16x512xE_16x512,GCU,0.10,0.20
reduce_mean,6_dynamic_16x512xE_16x512,MUCHK,0.03,0.04
reduce_mean,6_dynamic_16x512xE_16x512,ASSERT-SITE,0.05,0.05
reduce_mean,6_dynamic_16x512xE_16x512,CODEGEN,0.35,0.45
reduce_mean,6_dynamic_16x512xE_16x512,Total,2.70,2.86
reduce_mean,7_dynamic_64x128xHxW_64x128,SEMA,0.20,0.18
reduce_mean,7_dynamic_64x128xHxW_64x128,NORM,0.11,0.10
reduce_mean,7_dynamic_64x128xHxW_64x128,VALNO,0.79,0.84
reduce_mean,7_dynamic_64x128xHxW_64x128,INFER,0.09,0.08
reduce_mean,7_dynamic_64x128xHxW_64x128,LATENORM,0.07,0.06
reduce_mean,7_dynamic_64x128xHxW_64x128,LOOP,0.02,0.01
reduce_mean,7_dynamic_64x128xHxW_64x128,MEMORYREUSE,0.71,0.77
reduce_mean,7_dynamic_64x128xHxW_64x128,ACTIVE-THREADS,0.02,0.02
reduce_mean,7_dynamic_64x128xHxW_64x128,CHECK,0.17,0.17
reduce_mean,7_dynamic_64x128xHxW_64x128,CODEGEN,0.06,0.90
reduce_mean,7_dynamic_64x128xHxW_64x128,GCU,0.10,0.34
reduce_mean,7_dynamic_64x128xHxW_64x128,MUCHK,0.03,0.04
reduce_mean,7_dynamic_64x128xHxW_64x128,ASSERT-SITE,0.05,0.05
reduce_mean,7_dynamic_64x128xHxW_64x128,CODEGEN,0.36,0.90
reduce_mean,7_dynamic_64x128xHxW_64x128,Total,2.77,3.64
reduce_mean,8_dynamic_16x512xHxW_16x512,SEMA,0.19,0.18
reduce_mean,8_dynamic_16x512xHxW_16x512,NORM,0.11,0.10
reduce_mean,8_dynamic_16x512xHxW_16x512,VALNO,0.77,0.82
reduce_mean,8_dynamic_16x512xHxW_16x512,INFER,0.08,0.08
reduce_mean,8_dynamic_16x512xHxW_16x512,LATENORM,0.07,0.06
reduce_mean,8_dynamic_16x512xHxW_16x512,LOOP,0.01,0.02
reduce_mean,8_dynamic_16x512xHxW_16x512,MEMORYREUSE,0.73,0.77
reduce_mean,8_dynamic_16x512xHxW_16x512,ACTIVE-THREADS,0.02,0.02
reduce_mean,8_dynamic_16x512xHxW_16x512,CHECK,0.17,0.16
reduce_mean,8_dynamic_16x512xHxW_16x512,CODEGEN,0.06,0.77
reduce_mean,8_dynamic_16x512xHxW_16x512,GCU,0.11,0.34
reduce_mean,8_dynamic_16x512xHxW_16x512,MUCHK,0.03,0.04
reduce_mean,8_dynamic_16x512xHxW_16x512,ASSERT-SITE,0.05,0.05
reduce_mean,8_dynamic_16x512xHxW_16x512,CODEGEN,0.36,0.77
reduce_mean,8_dynamic_16x512xHxW_16x512,Total,2.77,3.48
reduce_mean,9_dynamic_32xPx768_32x768,SEMA,0.19,0.17
reduce_mean,9_dynamic_32xPx768_32x768,NORM,0.11,0.10
reduce_mean,9_dynamic_32xPx768_32x768,VALNO,0.75,0.73
reduce_mean,9_dynamic_32xPx768_32x768,INFER,0.08,0.08
reduce_mean,9_dynamic_32xPx768_32x768,LATENORM,0.07,0.06
reduce_mean,9_dynamic_32xPx768_32x768,LOOP,0.02,0.01
reduce_mean,9_dynamic_32xPx768_32x768,MEMORYREUSE,0.70,0.73
reduce_mean,9_dynamic_32xPx768_32x768,ACTIVE-THREADS,0.02,0.02
reduce_mean,9_dynamic_32xPx768_32x768,CHECK,0.21,0.21
reduce_mean,9_dynamic_32xPx768_32x768,CODEGEN,0.06,0.58
reduce_mean,9_dynamic_32xPx768_32x768,GCU,0.10,0.22
reduce_mean,9_dynamic_32xPx768_32x768,MUCHK,0.03,0.04
reduce_mean,9_dynamic_32xPx768_32x768,ASSERT-SITE,0.04,0.05
reduce_mean,9_dynamic_32xPx768_32x768,CODEGEN,0.35,0.58
reduce_mean,9_dynamic_32xPx768_32x768,Total,2.73,3.06
relu,10_dynamic_16x512xHxW_16x512xHxW,SEMA,0.18,0.15
relu,10_dynamic_16x512xHxW_16x512xHxW,NORM,0.10,0.09
relu,10_dynamic_16x512xHxW_16x512xHxW,VALNO,0.69,0.85
relu,10_dynamic_16x512xHxW_16x512xHxW,INFER,0.08,0.10
relu,10_dynamic_16x512xHxW_16x512xHxW,LATENORM,0.06,0.06
relu,10_dynamic_16x512xHxW_16x512xHxW,LOOP,0.01,0.01
relu,10_dynamic_16x512xHxW_16x512xHxW,MEMORYREUSE,0.54,0.63
relu,10_dynamic_16x512xHxW_16x512xHxW,ACTIVE-THREADS,0.02,0.02
relu,10_dynamic_16x512xHxW_16x512xHxW,CHECK,0.17,0.17
relu,10_dynamic_16x512xHxW_16x512xHxW,CODEGEN,0.06,1.35
relu,10_dynamic_16x512xHxW_16x512xHxW,GCU,0.08,0.51
relu,10_dynamic_16x512xHxW_16x512xHxW,MUCHK,0.03,0.05
relu,10_dynamic_16x512xHxW_16x512xHxW,ASSERT-SITE,0.04,0.05
relu,10_dynamic_16x512xHxW_16x512xHxW,CODEGEN,0.30,1.35
relu,10_dynamic_16x512xHxW_16x512xHxW,Total,2.38,4.08
relu,11_dynamic_32xSx768_32xSx768,SEMA,0.17,0.15
relu,11_dynamic_32xSx768_32xSx768,NORM,0.11,0.09
relu,11_dynamic_32xSx768_32xSx768,VALNO,0.68,0.85
relu,11_dynamic_32xSx768_32xSx768,INFER,0.08,0.08
relu,11_dynamic_32xSx768_32xSx768,LATENORM,0.11,0.06
relu,11_dynamic_32xSx768_32xSx768,LOOP,0.01,0.01
relu,11_dynamic_32xSx768_32xSx768,MEMORYREUSE,0.55,0.60
relu,11_dynamic_32xSx768_32xSx768,ACTIVE-THREADS,0.02,0.02
relu,11_dynamic_32xSx768_32xSx768,CHECK,0.17,0.17
relu,11_dynamic_32xSx768_32xSx768,CODEGEN,0.05,0.90
relu,11_dynamic_32xSx768_32xSx768,GCU,0.09,0.31
relu,11_dynamic_32xSx768_32xSx768,MUCHK,0.03,0.05
relu,11_dynamic_32xSx768_32xSx768,ASSERT-SITE,0.05,0.05
relu,11_dynamic_32xSx768_32xSx768,CODEGEN,0.31,0.90
relu,11_dynamic_32xSx768_32xSx768,Total,2.42,3.38
relu,12_dynamic_64xTx256_64xTx256,SEMA,0.18,0.16
relu,12_dynamic_64xTx256_64xTx256,NORM,0.11,0.10
relu,12_dynamic_64xTx256_64xTx256,VALNO,0.68,0.89
relu,12_dynamic_64xTx256_64xTx256,INFER,0.08,0.08
relu,12_dynamic_64xTx256_64xTx256,LATENORM,0.06,0.06
relu,12_dynamic_64xTx256_64xTx256,LOOP,0.01,0.02
relu,12_dynamic_64xTx256_64xTx256,MEMORYREUSE,0.55,0.60
relu,12_dynamic_64xTx256_64xTx256,ACTIVE-THREADS,0.02,0.02
relu,12_dynamic_64xTx256_64xTx256,CHECK,0.17,0.17
relu,12_dynamic_64xTx256_64xTx256,CODEGEN,0.06,0.90
relu,12_dynamic_64xTx256_64xTx256,GCU,0.08,0.31
relu,12_dynamic_64xTx256_64xTx256,MUCHK,0.03,0.04
relu,12_dynamic_64xTx256_64xTx256,ASSERT-SITE,0.05,0.05
relu,12_dynamic_64xTx256_64xTx256,CODEGEN,0.31,0.90
relu,12_dynamic_64xTx256_64xTx256,Total,2.38,3.43
relu,13_dynamic_32x512xV_32x512xV,SEMA,0.17,0.15
relu,13_dynamic_32x512xV_32x512xV,NORM,0.11,0.10
relu,13_dynamic_32x512xV_32x512xV,VALNO,0.68,0.79
relu,13_dynamic_32x512xV_32x512xV,INFER,0.08,0.08
relu,13_dynamic_32x512xV_32x512xV,LATENORM,0.06,0.06
relu,13_dynamic_32x512xV_32x512xV,LOOP,0.01,0.01
relu,13_dynamic_32x512xV_32x512xV,MEMORYREUSE,0.54,0.59
relu,13_dynamic_32x512xV_32x512xV,ACTIVE-THREADS,0.02,0.02
relu,13_dynamic_32x512xV_32x512xV,CHECK,0.17,0.17
relu,13_dynamic_32x512xV_32x512xV,CODEGEN,0.05,0.88
relu,13_dynamic_32x512xV_32x512xV,GCU,0.08,0.31
relu,13_dynamic_32x512xV_32x512xV,MUCHK,0.03,0.04
relu,13_dynamic_32x512xV_32x512xV,ASSERT-SITE,0.04,0.05
relu,13_dynamic_32x512xV_32x512xV,CODEGEN,0.31,0.88
relu,13_dynamic_32x512xV_32x512xV,Total,2.35,3.28
relu,14_efficientnet_64x1280x7x7_64x1280x7x7,SEMA,0.17,0.15
relu,14_efficientnet_64x1280x7x7_64x1280x7x7,NORM,0.11,0.09
relu,14_efficientnet_64x1280x7x7_64x1280x7x7,VALNO,0.68,0.67
relu,14_efficientnet_64x1280x7x7_64x1280x7x7,INFER,0.08,0.07
relu,14_efficientnet_64x1280x7x7_64x1280x7x7,LATENORM,0.06,0.06
relu,14_efficientnet_64x1280x7x7_64x1280x7x7,LOOP,0.01,0.01
relu,14_efficientnet_64x1280x7x7_64x1280x7x7,MEMORYREUSE,0.54,0.52
relu,14_efficientnet_64x1280x7x7_64x1280x7x7,ACTIVE-THREADS,0.02,0.02
relu,14_efficientnet_64x1280x7x7_64x1280x7x7,CHECK,0.17,0.16
relu,14_efficientnet_64x1280x7x7_64x1280x7x7,CODEGEN,0.06,0.27
relu,14_efficientnet_64x1280x7x7_64x1280x7x7,GCU,0.08,0.09
relu,14_efficientnet_64x1280x7x7_64x1280x7x7,MUCHK,0.03,0.03
relu,14_efficientnet_64x1280x7x7_64x1280x7x7,ASSERT-SITE,0.04,0.04
relu,14_efficientnet_64x1280x7x7_64x1280x7x7,CODEGEN,0.30,0.27
relu,14_efficientnet_64x1280x7x7_64x1280x7x7,Total,2.36,2.24
relu,15_gpt_16x1024x4096_16x1024x4096,SEMA,0.18,0.15
relu,15_gpt_16x1024x4096_16x1024x4096,NORM,0.11,0.09
relu,15_gpt_16x1024x4096_16x1024x4096,VALNO,0.68,0.72
relu,15_gpt_16x1024x4096_16x1024x4096,INFER,0.08,0.07
relu,15_gpt_16x1024x4096_16x1024x4096,LATENORM,0.06,0.06
relu,15_gpt_16x1024x4096_16x1024x4096,LOOP,0.01,0.01
relu,15_gpt_16x1024x4096_16x1024x4096,MEMORYREUSE,0.53,0.51
relu,15_gpt_16x1024x4096_16x1024x4096,ACTIVE-THREADS,0.02,0.02
relu,15_gpt_16x1024x4096_16x1024x4096,CHECK,0.17,0.16
relu,15_gpt_16x1024x4096_16x1024x4096,CODEGEN,0.05,0.29
relu,15_gpt_16x1024x4096_16x1024x4096,GCU,0.08,0.08
relu,15_gpt_16x1024x4096_16x1024x4096,MUCHK,0.03,0.03
relu,15_gpt_16x1024x4096_16x1024x4096,ASSERT-SITE,0.08,0.04
relu,15_gpt_16x1024x4096_16x1024x4096,CODEGEN,0.32,0.29
relu,15_gpt_16x1024x4096_16x1024x4096,Total,2.40,2.30
relu,16_lstm_64x100x256_64x100x256,SEMA,0.24,0.23
relu,16_lstm_64x100x256_64x100x256,NORM,0.16,0.16
relu,16_lstm_64x100x256_64x100x256,VALNO,1.01,1.10
relu,16_lstm_64x100x256_64x100x256,INFER,0.11,0.11
relu,16_lstm_64x100x256_64x100x256,LATENORM,0.08,0.08
relu,16_lstm_64x100x256_64x100x256,LOOP,0.02,0.02
relu,16_lstm_64x100x256_64x100x256,MEMORYREUSE,0.89,0.82
relu,16_lstm_64x100x256_64x100x256,ACTIVE-THREADS,0.03,0.03
relu,16_lstm_64x100x256_64x100x256,CHECK,0.29,0.28
relu,16_lstm_64x100x256_64x100x256,CODEGEN,0.09,0.51
relu,16_lstm_64x100x256_64x100x256,GCU,0.14,0.14
relu,16_lstm_64x100x256_64x100x256,MUCHK,0.05,0.05
relu,16_lstm_64x100x256_64x100x256,ASSERT-SITE,0.07,0.07
relu,16_lstm_64x100x256_64x100x256,CODEGEN,0.53,0.51
relu,16_lstm_64x100x256_64x100x256,Total,3.72,3.68
relu,17_mobilenet_128x96x112x112_128x96x112x112,SEMA,0.18,0.15
relu,17_mobilenet_128x96x112x112_128x96x112x112,NORM,0.11,0.09
relu,17_mobilenet_128x96x112x112_128x96x112x112,VALNO,0.69,0.68
relu,17_mobilenet_128x96x112x112_128x96x112x112,INFER,0.08,0.07
relu,17_mobilenet_128x96x112x112_128x96x112x112,LATENORM,0.06,0.06
relu,17_mobilenet_128x96x112x112_128x96x112x112,LOOP,0.01,0.01
relu,17_mobilenet_128x96x112x112_128x96x112x112,MEMORYREUSE,0.53,0.52
relu,17_mobilenet_128x96x112x112_128x96x112x112,ACTIVE-THREADS,0.02,0.02
relu,17_mobilenet_128x96x112x112_128x96x112x112,CHECK,0.17,0.16
relu,17_mobilenet_128x96x112x112_128x96x112x112,CODEGEN,0.05,0.29
relu,17_mobilenet_128x96x112x112_128x96x112x112,GCU,0.08,0.08
relu,17_mobilenet_128x96x112x112_128x96x112x112,MUCHK,0.03,0.03
relu,17_mobilenet_128x96x112x112_128x96x112x112,ASSERT-SITE,0.04,0.04
relu,17_mobilenet_128x96x112x112_128x96x112x112,CODEGEN,0.32,0.29
relu,17_mobilenet_128x96x112x112_128x96x112x112,Total,2.39,2.26
relu,18_resnet_64x256x56x56_64x256x56x56,SEMA,0.17,0.15
relu,18_resnet_64x256x56x56_64x256x56x56,NORM,0.10,0.09
relu,18_resnet_64x256x56x56_64x256x56x56,VALNO,0.68,0.67
relu,18_resnet_64x256x56x56_64x256x56x56,INFER,0.08,0.07
relu,18_resnet_64x256x56x56_64x256x56x56,LATENORM,0.06,0.06
relu,18_resnet_64x256x56x56_64x256x56x56,LOOP,0.01,0.01
relu,18_resnet_64x256x56x56_64x256x56x56,MEMORYREUSE,0.54,0.53
relu,18_resnet_64x256x56x56_64x256x56x56,ACTIVE-THREADS,0.02,0.02
relu,18_resnet_64x256x56x56_64x256x56x56,CHECK,0.17,0.16
relu,18_resnet_64x256x56x56_64x256x56x56,CODEGEN,0.05,0.29
relu,18_resnet_64x256x56x56_64x256x56x56,GCU,0.08,0.08
relu,18_resnet_64x256x56x56_64x256x56x56,MUCHK,0.03,0.03
relu,18_resnet_64x256x56x56_64x256x56x56,ASSERT-SITE,0.04,0.04
relu,18_resnet_64x256x56x56_64x256x56x56,CODEGEN,0.33,0.29
relu,18_resnet_64x256x56x56_64x256x56x56,Total,2.37,2.25
relu,19_transformer_32x512x2048_32x512x2048,SEMA,0.18,0.17
relu,19_transformer_32x512x2048_32x512x2048,NORM,0.10,0.10
relu,19_transformer_32x512x2048_32x512x2048,VALNO,0.70,0.67
relu,19_transformer_32x512x2048_32x512x2048,INFER,0.08,0.07
relu,19_transformer_32x512x2048_32x512x2048,LATENORM,0.06,0.06
relu,19_transformer_32x512x2048_32x512x2048,LOOP,0.01,0.01
relu,19_transformer_32x512x2048_32x512x2048,MEMORYREUSE,0.55,0.52
relu,19_transformer_32x512x2048_32x512x2048,ACTIVE-THREADS,0.02,0.02
relu,19_transformer_32x512x2048_32x512x2048,CHECK,0.17,0.16
relu,19_transformer_32x512x2048_32x512x2048,CODEGEN,0.06,0.30
relu,19_transformer_32x512x2048_32x512x2048,GCU,0.08,0.08
relu,19_transformer_32x512x2048_32x512x2048,MUCHK,0.03,0.03
relu,19_transformer_32x512x2048_32x512x2048,ASSERT-SITE,0.04,0.04
relu,19_transformer_32x512x2048_32x512x2048,CODEGEN,0.32,0.30
relu,19_transformer_32x512x2048_32x512x2048,Total,2.41,2.28
relu,1_bert_32x512x768_32x512x768,SEMA,0.18,0.15
relu,1_bert_32x512x768_32x512x768,NORM,0.11,0.09
relu,1_bert_32x512x768_32x512x768,VALNO,0.69,0.67
relu,1_bert_32x512x768_32x512x768,INFER,0.08,0.07
relu,1_bert_32x512x768_32x512x768,LATENORM,0.06,0.06
relu,1_bert_32x512x768_32x512x768,LOOP,0.02,0.01
relu,1_bert_32x512x768_32x512x768,MEMORYREUSE,0.54,0.52
relu,1_bert_32x512x768_32x512x768,ACTIVE-THREADS,0.02,0.02
relu,1_bert_32x512x768_32x512x768,CHECK,0.17,0.17
relu,1_bert_32x512x768_32x512x768,CODEGEN,0.06,0.29
relu,1_bert_32x512x768_32x512x768,GCU,0.08,0.08
relu,1_bert_32x512x768_32x512x768,MUCHK,0.04,0.03
relu,1_bert_32x512x768_32x512x768,ASSERT-SITE,0.05,0.04
relu,1_bert_32x512x768_32x512x768,CODEGEN,0.33,0.29
relu,1_bert_32x512x768_32x512x768,Total,2.41,2.26
relu,20_unet_16x512x32x32_16x512x32x32,SEMA,0.18,0.15
relu,20_unet_16x512x32x32_16x512x32x32,NORM,0.10,0.09
relu,20_unet_16x512x32x32_16x512x32x32,VALNO,0.68,0.67
relu,20_unet_16x512x32x32_16x512x32x32,INFER,0.08,0.07
relu,20_unet_16x512x32x32_16x512x32x32,LATENORM,0.06,0.06
relu,20_unet_16x512x32x32_16x512x32x32,LOOP,0.01,0.01
relu,20_unet_16x512x32x32_16x512x32x32,MEMORYREUSE,0.54,0.51
relu,20_unet_16x512x32x32_16x512x32x32,ACTIVE-THREADS,0.02,0.02
relu,20_unet_16x512x32x32_16x512x32x32,CHECK,0.17,0.16
relu,20_unet_16x512x32x32_16x512x32x32,CODEGEN,0.06,0.30
relu,20_unet_16x512x32x32_16x512x32x32,GCU,0.08,0.08
relu,20_unet_16x512x32x32_16x512x32x32,MUCHK,0.03,0.03
relu,20_unet_16x512x32x32_16x512x32x32,ASSERT-SITE,0.04,0.04
relu,20_unet_16x512x32x32_16x512x32x32,CODEGEN,0.33,0.30
relu,20_unet_16x512x32x32_16x512x32x32,Total,2.39,2.25
relu,21_vit_32x197x3072_32x197x3072,SEMA,0.18,0.16
relu,21_vit_32x197x3072_32x197x3072,NORM,0.11,0.09
relu,21_vit_32x197x3072_32x197x3072,VALNO,0.69,0.66
relu,21_vit_32x197x3072_32x197x3072,INFER,0.08,0.07
relu,21_vit_32x197x3072_32x197x3072,LATENORM,0.06,0.05
relu,21_vit_32x197x3072_32x197x3072,LOOP,0.01,0.01
relu,21_vit_32x197x3072_32x197x3072,MEMORYREUSE,0.54,0.51
relu,21_vit_32x197x3072_32x197x3072,ACTIVE-THREADS,0.02,0.02
relu,21_vit_32x197x3072_32x197x3072,CHECK,0.17,0.16
relu,21_vit_32x197x3072_32x197x3072,CODEGEN,0.06,0.29
relu,21_vit_32x197x3072_32x197x3072,GCU,0.08,0.08
relu,21_vit_32x197x3072_32x197x3072,MUCHK,0.03,0.03
relu,21_vit_32x197x3072_32x197x3072,ASSERT-SITE,0.04,0.04
relu,21_vit_32x197x3072_32x197x3072,CODEGEN,0.32,0.29
relu,21_vit_32x197x3072_32x197x3072,Total,2.40,2.24
relu,2_cnn_128x128x28x28_128x128x28x28,SEMA,0.17,0.15
relu,2_cnn_128x128x28x28_128x128x28x28,NORM,0.10,0.10
relu,2_cnn_128x128x28x28_128x128x28x28,VALNO,0.68,0.65
relu,2_cnn_128x128x28x28_128x128x28x28,INFER,0.08,0.07
relu,2_cnn_128x128x28x28_128x128x28x28,LATENORM,0.06,0.06
relu,2_cnn_128x128x28x28_128x128x28x28,LOOP,0.02,0.01
relu,2_cnn_128x128x28x28_128x128x28x28,MEMORYREUSE,0.53,0.52
relu,2_cnn_128x128x28x28_128x128x28x28,ACTIVE-THREADS,0.02,0.02
relu,2_cnn_128x128x28x28_128x128x28x28,CHECK,0.17,0.16
relu,2_cnn_128x128x28x28_128x128x28x28,CODEGEN,0.05,0.31
relu,2_cnn_128x128x28x28_128x128x28x28,GCU,0.08,0.08
relu,2_cnn_128x128x28x28_128x128x28x28,MUCHK,0.03,0.03
relu,2_cnn_128x128x28x28_128x128x28x28,ASSERT-SITE,0.04,0.04
relu,2_cnn_128x128x28x28_128x128x28x28,CODEGEN,0.32,0.31
relu,2_cnn_128x128x28x28_128x128x28x28,Total,2.35,2.25
relu,3_attention_32xNx512x64_32xNx512x64,SEMA,0.18,0.15
relu,3_attention_32xNx512x64_32xNx512x64,NORM,0.11,0.10
relu,3_attention_32xNx512x64_32xNx512x64,VALNO,0.69,0.84
relu,3_attention_32xNx512x64_32xNx512x64,INFER,0.08,0.08
relu,3_attention_32xNx512x64_32xNx512x64,LATENORM,0.06,0.06
relu,3_attention_32xNx512x64_32xNx512x64,LOOP,0.01,0.01
relu,3_attention_32xNx512x64_32xNx512x64,MEMORYREUSE,0.55,0.61
relu,3_attention_32xNx512x64_32xNx512x64,ACTIVE-THREADS,0.02,0.02
relu,3_attention_32xNx512x64_32xNx512x64,CHECK,0.17,0.17
relu,3_attention_32xNx512x64_32xNx512x64,CODEGEN,0.05,1.33
relu,3_attention_32xNx512x64_32xNx512x64,GCU,0.08,0.36
relu,3_attention_32xNx512x64_32xNx512x64,MUCHK,0.03,0.05
relu,3_attention_32xNx512x64_32xNx512x64,ASSERT-SITE,0.04,0.05
relu,3_attention_32xNx512x64_32xNx512x64,CODEGEN,0.33,1.33
relu,3_attention_32xNx512x64_32xNx512x64,Total,2.41,3.87
relu,4_dynamic_Nx256x56x56_Nx256x56x56,SEMA,0.18,0.15
relu,4_dynamic_Nx256x56x56_Nx256x56x56,NORM,0.11,0.09
relu,4_dynamic_Nx256x56x56_Nx256x56x56,VALNO,0.68,0.85
relu,4_dynamic_Nx256x56x56_Nx256x56x56,INFER,0.08,0.07
relu,4_dynamic_Nx256x56x56_Nx256x56x56,LATENORM,0.06,0.06
relu,4_dynamic_Nx256x56x56_Nx256x56x56,LOOP,0.01,0.01
relu,4_dynamic_Nx256x56x56_Nx256x56x56,MEMORYREUSE,0.57,0.59
relu,4_dynamic_Nx256x56x56_Nx256x56x56,ACTIVE-THREADS,0.02,0.02
relu,4_dynamic_Nx256x56x56_Nx256x56x56,CHECK,0.17,0.17
relu,4_dynamic_Nx256x56x56_Nx256x56x56,CODEGEN,0.06,0.82
relu,4_dynamic_Nx256x56x56_Nx256x56x56,GCU,0.08,0.35
relu,4_dynamic_Nx256x56x56_Nx256x56x56,MUCHK,0.03,0.05
relu,4_dynamic_Nx256x56x56_Nx256x56x56,ASSERT-SITE,0.05,0.05
relu,4_dynamic_Nx256x56x56_Nx256x56x56,CODEGEN,0.27,0.82
relu,4_dynamic_Nx256x56x56_Nx256x56x56,Total,2.37,3.33
relu,5_dynamic_Nx1280xHxW_Nx1280xHxW,SEMA,0.18,0.15
relu,5_dynamic_Nx1280xHxW_Nx1280xHxW,NORM,0.11,0.09
relu,5_dynamic_Nx1280xHxW_Nx1280xHxW,VALNO,0.70,1.10
relu,5_dynamic_Nx1280xHxW_Nx1280xHxW,INFER,0.08,0.09
relu,5_dynamic_Nx1280xHxW_Nx1280xHxW,LATENORM,0.06,0.06
relu,5_dynamic_Nx1280xHxW_Nx1280xHxW,LOOP,0.01,0.01
relu,5_dynamic_Nx1280xHxW_Nx1280xHxW,MEMORYREUSE,0.54,0.76
relu,5_dynamic_Nx1280xHxW_Nx1280xHxW,ACTIVE-THREADS,0.02,0.02
relu,5_dynamic_Nx1280xHxW_Nx1280xHxW,CHECK,0.17,0.17
relu,5_dynamic_Nx1280xHxW_Nx1280xHxW,CODEGEN,0.06,3.22
relu,5_dynamic_Nx1280xHxW_Nx1280xHxW,GCU,0.08,1.08
relu,5_dynamic_Nx1280xHxW_Nx1280xHxW,MUCHK,0.03,0.07
relu,5_dynamic_Nx1280xHxW_Nx1280xHxW,ASSERT-SITE,0.04,0.06
relu,5_dynamic_Nx1280xHxW_Nx1280xHxW,CODEGEN,0.30,3.22
relu,5_dynamic_Nx1280xHxW_Nx1280xHxW,Total,2.38,6.95
relu,6_dynamic_128xCx112x112_128xCx112x112,SEMA,0.17,0.15
relu,6_dynamic_128xCx112x112_128xCx112x112,NORM,0.11,0.09
relu,6_dynamic_128xCx112x112_128xCx112x112,VALNO,0.68,0.82
relu,6_dynamic_128xCx112x112_128xCx112x112,INFER,0.07,0.08
relu,6_dynamic_128xCx112x112_128xCx112x112,LATENORM,0.06,0.06
relu,6_dynamic_128xCx112x112_128xCx112x112,LOOP,0.01,0.01
relu,6_dynamic_128xCx112x112_128xCx112x112,MEMORYREUSE,0.53,0.59
relu,6_dynamic_128xCx112x112_128xCx112x112,ACTIVE-THREADS,0.02,0.02
relu,6_dynamic_128xCx112x112_128xCx112x112,CHECK,0.17,0.17
relu,6_dynamic_128xCx112x112_128xCx112x112,CODEGEN,0.06,1.11
relu,6_dynamic_128xCx112x112_128xCx112x112,GCU,0.08,0.31
relu,6_dynamic_128xCx112x112_128xCx112x112,MUCHK,0.03,0.05
relu,6_dynamic_128xCx112x112_128xCx112x112,ASSERT-SITE,0.04,0.05
relu,6_dynamic_128xCx112x112_128xCx112x112,CODEGEN,0.29,1.11
relu,6_dynamic_128xCx112x112_128xCx112x112,Total,2.33,3.57
relu,7_dynamic_32x197xE_32x197xE,SEMA,0.17,0.15
relu,7_dynamic_32x197xE_32x197xE,NORM,0.11,0.09
relu,7_dynamic_32x197xE_32x197xE,VALNO,0.72,0.77
relu,7_dynamic_32x197xE_32x197xE,INFER,0.08,0.09
relu,7_dynamic_32x197xE_32x197xE,LATENORM,0.06,0.06
relu,7_dynamic_32x197xE_32x197xE,LOOP,0.01,0.01
relu,7_dynamic_32x197xE_32x197xE,MEMORYREUSE,0.54,0.58
relu,7_dynamic_32x197xE_32x197xE,ACTIVE-THREADS,0.02,0.02
relu,7_dynamic_32x197xE_32x197xE,CHECK,0.18,0.17
relu,7_dynamic_32x197xE_32x197xE,CODEGEN,0.05,0.69
relu,7_dynamic_32x197xE_32x197xE,GCU,0.08,0.30
relu,7_dynamic_32x197xE_32x197xE,MUCHK,0.03,0.04
relu,7_dynamic_32x197xE_32x197xE,ASSERT-SITE,0.05,0.05
relu,7_dynamic_32x197xE_32x197xE,CODEGEN,0.30,0.69
relu,7_dynamic_32x197xE_32x197xE,Total,2.39,3.08
relu,8_dynamic_16x1024xD_16x1024xD,SEMA,0.17,0.15
relu,8_dynamic_16x1024xD_16x1024xD,NORM,0.10,0.09
relu,8_dynamic_16x1024xD_16x1024xD,VALNO,0.68,0.86
relu,8_dynamic_16x1024xD_16x1024xD,INFER,0.08,0.09
relu,8_dynamic_16x1024xD_16x1024xD,LATENORM,0.06,0.06
relu,8_dynamic_16x1024xD_16x1024xD,LOOP,0.01,0.01
relu,8_dynamic_16x1024xD_16x1024xD,MEMORYREUSE,0.55,0.61
relu,8_dynamic_16x1024xD_16x1024xD,ACTIVE-THREADS,0.02,0.02
relu,8_dynamic_16x1024xD_16x1024xD,CHECK,0.17,0.17
relu,8_dynamic_16x1024xD_16x1024xD,CODEGEN,0.05,1.32
relu,8_dynamic_16x1024xD_16x1024xD,GCU,0.08,0.36
relu,8_dynamic_16x1024xD_16x1024xD,MUCHK,0.03,0.05
relu,8_dynamic_16x1024xD_16x1024xD,ASSERT-SITE,0.04,0.05
relu,8_dynamic_16x1024xD_16x1024xD,CODEGEN,0.31,1.32
relu,8_dynamic_16x1024xD_16x1024xD,Total,2.37,3.88
relu,9_dynamic_64x128xHxW_64x128xHxW,SEMA,0.17,0.15
relu,9_dynamic_64x128xHxW_64x128xHxW,NORM,0.10,0.09
relu,9_dynamic_64x128xHxW_64x128xHxW,VALNO,0.69,0.85
relu,9_dynamic_64x128xHxW_64x128xHxW,INFER,0.07,0.10
relu,9_dynamic_64x128xHxW_64x128xHxW,LATENORM,0.06,0.05
relu,9_dynamic_64x128xHxW_64x128xHxW,LOOP,0.01,0.01
relu,9_dynamic_64x128xHxW_64x128xHxW,MEMORYREUSE,0.53,0.63
relu,9_dynamic_64x128xHxW_64x128xHxW,ACTIVE-THREADS,0.02,0.02
relu,9_dynamic_64x128xHxW_64x128xHxW,CHECK,0.17,0.17
relu,9_dynamic_64x128xHxW_64x128xHxW,CODEGEN,0.05,1.36
relu,9_dynamic_64x128xHxW_64x128xHxW,GCU,0.08,0.51
relu,9_dynamic_64x128xHxW_64x128xHxW,MUCHK,0.03,0.05
relu,9_dynamic_64x128xHxW_64x128xHxW,ASSERT-SITE,0.04,0.05
relu,9_dynamic_64x128xHxW_64x128xHxW,CODEGEN,0.30,1.36
relu,9_dynamic_64x128xHxW_64x128xHxW,Total,2.33,4.11
reshape,10_dynamic_64x128xHxW_64x128HW,SEMA,0.05,0.04
reshape,10_dynamic_64x128xHxW_64x128HW,NORM,0.05,0.04
reshape,10_dynamic_64x128xHxW_64x128HW,VALNO,0.11,0.23
reshape,10_dynamic_64x128xHxW_64x128HW,INFER,0.03,0.03
reshape,10_dynamic_64x128xHxW_64x128HW,LATENORM,0.02,0.02
reshape,10_dynamic_64x128xHxW_64x128HW,LOOP,0.01,0.01
reshape,10_dynamic_64x128xHxW_64x128HW,MEMORYREUSE,0.12,0.13
reshape,10_dynamic_64x128xHxW_64x128HW,ACTIVE-THREADS,0.01,0.01
reshape,10_dynamic_64x128xHxW_64x128HW,CHECK,0.04,0.05
reshape,10_dynamic_64x128xHxW_64x128HW,CODEGEN,0.02,0.09
reshape,10_dynamic_64x128xHxW_64x128HW,GCU,0.01,0.11
reshape,10_dynamic_64x128xHxW_64x128HW,MUCHK,0.01,0.04
reshape,10_dynamic_64x128xHxW_64x128HW,ASSERT-SITE,0.01,0.01
reshape,10_dynamic_64x128xHxW_64x128HW,CODEGEN,0.07,0.09
reshape,10_dynamic_64x128xHxW_64x128HW,Total,0.57,0.83
reshape,11_dynamic_16x512xSxS_16x512SS,SEMA,0.06,0.04
reshape,11_dynamic_16x512xSxS_16x512SS,NORM,0.06,0.05
reshape,11_dynamic_16x512xSxS_16x512SS,VALNO,0.13,0.24
reshape,11_dynamic_16x512xSxS_16x512SS,INFER,0.03,0.03
reshape,11_dynamic_16x512xSxS_16x512SS,LATENORM,0.03,0.02
reshape,11_dynamic_16x512xSxS_16x512SS,LOOP,0.01,0.01
reshape,11_dynamic_16x512xSxS_16x512SS,MEMORYREUSE,0.14,0.13
reshape,11_dynamic_16x512xSxS_16x512SS,ACTIVE-THREADS,0.01,0.01
reshape,11_dynamic_16x512xSxS_16x512SS,CHECK,0.05,0.05
reshape,11_dynamic_16x512xSxS_16x512SS,CODEGEN,0.02,0.09
reshape,11_dynamic_16x512xSxS_16x512SS,GCU,0.02,0.11
reshape,11_dynamic_16x512xSxS_16x512SS,MUCHK,0.02,0.03
reshape,11_dynamic_16x512xSxS_16x512SS,ASSERT-SITE,0.02,0.01
reshape,11_dynamic_16x512xSxS_16x512SS,CODEGEN,0.08,0.09
reshape,11_dynamic_16x512xSxS_16x512SS,Total,0.68,0.84
reshape,12_dynamic_64xTx256_64Tx256,SEMA,0.06,0.03
reshape,12_dynamic_64xTx256_64Tx256,NORM,0.05,0.04
reshape,12_dynamic_64xTx256_64Tx256,VALNO,0.10,0.13
reshape,12_dynamic_64xTx256_64Tx256,INFER,0.03,0.02
reshape,12_dynamic_64xTx256_64Tx256,LATENORM,0.02,0.02
reshape,12_dynamic_64xTx256_64Tx256,LOOP,0.01,0.01
reshape,12_dynamic_64xTx256_64Tx256,MEMORYREUSE,0.11,0.11
reshape,12_dynamic_64xTx256_64Tx256,ACTIVE-THREADS,0.01,0.01
reshape,12_dynamic_64xTx256_64Tx256,CHECK,0.04,0.04
reshape,12_dynamic_64xTx256_64Tx256,CODEGEN,0.02,0.08
reshape,12_dynamic_64xTx256_64Tx256,GCU,0.01,0.06
reshape,12_dynamic_64xTx256_64Tx256,MUCHK,0.01,0.03
reshape,12_dynamic_64xTx256_64Tx256,ASSERT-SITE,0.01,0.01
reshape,12_dynamic_64xTx256_64Tx256,CODEGEN,0.07,0.08
reshape,12_dynamic_64xTx256_64Tx256,Total,0.56,0.60
reshape,13_dynamic_32x512xV_32x512V,SEMA,0.05,0.04
reshape,13_dynamic_32x512xV_32x512V,NORM,0.05,0.04
reshape,13_dynamic_32x512xV_32x512V,VALNO,0.09,0.13
reshape,13_dynamic_32x512xV_32x512V,INFER,0.02,0.02
reshape,13_dynamic_32x512xV_32x512V,LATENORM,0.03,0.02
reshape,13_dynamic_32x512xV_32x512V,LOOP,0.01,0.01
reshape,13_dynamic_32x512xV_32x512V,MEMORYREUSE,0.11,0.11
reshape,13_dynamic_32x512xV_32x512V,ACTIVE-THREADS,0.01,0.01
reshape,13_dynamic_32x512xV_32x512V,CHECK,0.04,0.04
reshape,13_dynamic_32x512xV_32x512V,CODEGEN,0.02,0.08
reshape,13_dynamic_32x512xV_32x512V,GCU,0.01,0.06
reshape,13_dynamic_32x512xV_32x512V,MUCHK,0.01,0.03
reshape,13_dynamic_32x512xV_32x512V,ASSERT-SITE,0.01,0.01
reshape,13_dynamic_32x512xV_32x512V,CODEGEN,0.06,0.08
reshape,13_dynamic_32x512xV_32x512V,Total,0.52,0.61
reshape,3_attention_BxSx768_BxSx12x64,SEMA,0.05,0.04
reshape,3_attention_BxSx768_BxSx12x64,NORM,0.05,0.04
reshape,3_attention_BxSx768_BxSx12x64,VALNO,0.10,0.14
reshape,3_attention_BxSx768_BxSx12x64,INFER,0.03,0.02
reshape,3_attention_BxSx768_BxSx12x64,LATENORM,0.02,0.02
reshape,3_attention_BxSx768_BxSx12x64,LOOP,0.01,0.01
reshape,3_attention_BxSx768_BxSx12x64,MEMORYREUSE,0.11,0.13
reshape,3_attention_BxSx768_BxSx12x64,ACTIVE-THREADS,0.01,0.01
reshape,3_attention_BxSx768_BxSx12x64,CHECK,0.04,0.03
reshape,3_attention_BxSx768_BxSx12x64,CODEGEN,0.02,0.09
reshape,3_attention_BxSx768_BxSx12x64,GCU,0.01,0.10
reshape,3_attention_BxSx768_BxSx12x64,MUCHK,0.01,0.03
reshape,3_attention_BxSx768_BxSx12x64,ASSERT-SITE,0.01,0.01
reshape,3_attention_BxSx768_BxSx12x64,CODEGEN,0.07,0.09
reshape,3_attention_BxSx768_BxSx12x64,Total,0.54,0.70
reshape,4_attention_32xNx512x64_32x512xN64,SEMA,0.05,0.04
reshape,4_attention_32xNx512x64_32x512xN64,NORM,0.05,0.04
reshape,4_attention_32xNx512x64_32x512xN64,VALNO,0.11,0.15
reshape,4_attention_32xNx512x64_32x512xN64,INFER,0.02,0.02
reshape,4_attention_32xNx512x64_32x512xN64,LATENORM,0.02,0.02
reshape,4_attention_32xNx512x64_32x512xN64,LOOP,0.01,0.01
reshape,4_attention_32xNx512x64_32x512xN64,MEMORYREUSE,0.12,0.11
reshape,4_attention_32xNx512x64_32x512xN64,ACTIVE-THREADS,0.01,0.01
reshape,4_attention_32xNx512x64_32x512xN64,CHECK,0.04,0.04
reshape,4_attention_32xNx512x64_32x512xN64,CODEGEN,0.02,0.09
reshape,4_attention_32xNx512x64_32x512xN64,GCU,0.01,0.06
reshape,4_attention_32xNx512x64_32x512xN64,MUCHK,0.01,0.03
reshape,4_attention_32xNx512x64_32x512xN64,ASSERT-SITE,0.01,0.01
reshape,4_attention_32xNx512x64_32x512xN64,CODEGEN,0.07,0.09
reshape,4_attention_32xNx512x64_32x512xN64,Total,0.57,0.63
reshape,5_dynamic_Bx1280xHxW_Bx1280HW,SEMA,0.05,0.04
reshape,5_dynamic_Bx1280xHxW_Bx1280HW,NORM,0.06,0.05
reshape,5_dynamic_Bx1280xHxW_Bx1280HW,VALNO,0.11,0.26
reshape,5_dynamic_Bx1280xHxW_Bx1280HW,INFER,0.03,0.03
reshape,5_dynamic_Bx1280xHxW_Bx1280HW,LATENORM,0.03,0.03
reshape,5_dynamic_Bx1280xHxW_Bx1280HW,LOOP,0.01,0.01
reshape,5_dynamic_Bx1280xHxW_Bx1280HW,MEMORYREUSE,0.11,0.15
reshape,5_dynamic_Bx1280xHxW_Bx1280HW,ACTIVE-THREADS,0.01,0.01
reshape,5_dynamic_Bx1280xHxW_Bx1280HW,CHECK,0.05,0.05
reshape,5_dynamic_Bx1280xHxW_Bx1280HW,CODEGEN,0.02,0.11
reshape,5_dynamic_Bx1280xHxW_Bx1280HW,GCU,0.01,0.19
reshape,5_dynamic_Bx1280xHxW_Bx1280HW,MUCHK,0.01,0.04
reshape,5_dynamic_Bx1280xHxW_Bx1280HW,ASSERT-SITE,0.01,0.01
reshape,5_dynamic_Bx1280xHxW_Bx1280HW,CODEGEN,0.07,0.11
reshape,5_dynamic_Bx1280xHxW_Bx1280HW,Total,0.57,0.98
reshape,6_dynamic_128xCx112x112_128x112x112xC,SEMA,0.05,0.03
reshape,6_dynamic_128xCx112x112_128x112x112xC,NORM,0.05,0.04
reshape,6_dynamic_128xCx112x112_128x112x112xC,VALNO,0.11,0.12
reshape,6_dynamic_128xCx112x112_128x112x112xC,INFER,0.02,0.03
reshape,6_dynamic_128xCx112x112_128x112x112xC,LATENORM,0.03,0.02
reshape,6_dynamic_128xCx112x112_128x112x112xC,LOOP,0.01,0.01
reshape,6_dynamic_128xCx112x112_128x112x112xC,MEMORYREUSE,0.12,0.11
reshape,6_dynamic_128xCx112x112_128x112x112xC,ACTIVE-THREADS,0.01,0.01
reshape,6_dynamic_128xCx112x112_128x112x112xC,CHECK,0.04,0.04
reshape,6_dynamic_128xCx112x112_128x112x112xC,CODEGEN,0.02,0.08
reshape,6_dynamic_128xCx112x112_128x112x112xC,GCU,0.01,0.06
reshape,6_dynamic_128xCx112x112_128x112x112xC,MUCHK,0.02,0.03
reshape,6_dynamic_128xCx112x112_128x112x112xC,ASSERT-SITE,0.01,0.01
reshape,6_dynamic_128xCx112x112_128x112x112xC,CODEGEN,0.07,0.08
reshape,6_dynamic_128xCx112x112_128x112x112xC,Total,0.57,0.61
reshape,7_dynamic_32x197xE_32x197xEd64x64,SEMA,0.05,0.04
reshape,7_dynamic_32x197xE_32x197xEd64x64,NORM,0.05,0.04
reshape,7_dynamic_32x197xE_32x197xEd64x64,VALNO,0.11,0.18
reshape,7_dynamic_32x197xE_32x197xEd64x64,INFER,0.03,0.03
reshape,7_dynamic_32x197xE_32x197xEd64x64,LATENORM,0.02,0.02
reshape,7_dynamic_32x197xE_32x197xEd64x64,LOOP,0.01,0.01
reshape,7_dynamic_32x197xE_32x197xEd64x64,MEMORYREUSE,0.12,0.12
reshape,7_dynamic_32x197xE_32x197xEd64x64,ACTIVE-THREADS,0.01,0.01
reshape,7_dynamic_32x197xE_32x197xEd64x64,CHECK,0.04,0.04
reshape,7_dynamic_32x197xE_32x197xEd64x64,CODEGEN,0.02,0.09
reshape,7_dynamic_32x197xE_32x197xEd64x64,GCU,0.01,0.08
reshape,7_dynamic_32x197xE_32x197xEd64x64,MUCHK,0.01,0.03
reshape,7_dynamic_32x197xE_32x197xEd64x64,ASSERT-SITE,0.01,0.01
reshape,7_dynamic_32x197xE_32x197xEd64x64,CODEGEN,0.07,0.09
reshape,7_dynamic_32x197xE_32x197xEd64x64,Total,0.58,0.70
reshape,8_dynamic_16x1024xD_16x1024xDd64x64,SEMA,0.05,0.04
reshape,8_dynamic_16x1024xD_16x1024xDd64x64,NORM,0.05,0.04
reshape,8_dynamic_16x1024xD_16x1024xDd64x64,VALNO,0.11,0.18
reshape,8_dynamic_16x1024xD_16x1024xDd64x64,INFER,0.02,0.03
reshape,8_dynamic_16x1024xD_16x1024xDd64x64,LATENORM,0.02,0.02
reshape,8_dynamic_16x1024xD_16x1024xDd64x64,LOOP,0.01,0.01
reshape,8_dynamic_16x1024xD_16x1024xDd64x64,MEMORYREUSE,0.11,0.12
reshape,8_dynamic_16x1024xD_16x1024xDd64x64,ACTIVE-THREADS,0.01,0.01
reshape,8_dynamic_16x1024xD_16x1024xDd64x64,CHECK,0.04,0.04
reshape,8_dynamic_16x1024xD_16x1024xDd64x64,CODEGEN,0.02,0.08
reshape,8_dynamic_16x1024xD_16x1024xDd64x64,GCU,0.01,0.08
reshape,8_dynamic_16x1024xD_16x1024xDd64x64,MUCHK,0.02,0.03
reshape,8_dynamic_16x1024xD_16x1024xDd64x64,ASSERT-SITE,0.01,0.01
reshape,8_dynamic_16x1024xD_16x1024xDd64x64,CODEGEN,0.07,0.08
reshape,8_dynamic_16x1024xD_16x1024xDd64x64,Total,0.55,0.70
reshape,9_dynamic_Bx256xHxW_Bx256HW,SEMA,0.06,0.06
reshape,9_dynamic_Bx256xHxW_Bx256HW,NORM,0.05,0.06
reshape,9_dynamic_Bx256xHxW_Bx256HW,VALNO,0.11,0.34
reshape,9_dynamic_Bx256xHxW_Bx256HW,INFER,0.02,0.04
reshape,9_dynamic_Bx256xHxW_Bx256HW,LATENORM,0.02,0.03
reshape,9_dynamic_Bx256xHxW_Bx256HW,LOOP,0.01,0.01
reshape,9_dynamic_Bx256xHxW_Bx256HW,MEMORYREUSE,0.12,0.20
reshape,9_dynamic_Bx256xHxW_Bx256HW,ACTIVE-THREADS,0.01,0.01
reshape,9_dynamic_Bx256xHxW_Bx256HW,CHECK,0.05,0.06
reshape,9_dynamic_Bx256xHxW_Bx256HW,CODEGEN,0.02,0.11
reshape,9_dynamic_Bx256xHxW_Bx256HW,GCU,0.01,0.24
reshape,9_dynamic_Bx256xHxW_Bx256HW,MUCHK,0.01,0.05
reshape,9_dynamic_Bx256xHxW_Bx256HW,ASSERT-SITE,0.01,0.01
reshape,9_dynamic_Bx256xHxW_Bx256HW,CODEGEN,0.06,0.11
reshape,9_dynamic_Bx256xHxW_Bx256HW,Total,0.57,1.25
sigmoid,10_dynamic_16x512xHxW,SEMA,0.12,0.10
sigmoid,10_dynamic_16x512xHxW,NORM,0.12,0.10
sigmoid,10_dynamic_16x512xHxW,VALNO,0.49,0.51
sigmoid,10_dynamic_16x512xHxW,INFER,0.07,0.10
sigmoid,10_dynamic_16x512xHxW,LATENORM,0.06,0.06
sigmoid,10_dynamic_16x512xHxW,LOOP,0.02,0.02
sigmoid,10_dynamic_16x512xHxW,MEMORYREUSE,0.39,0.42
sigmoid,10_dynamic_16x512xHxW,ACTIVE-THREADS,0.02,0.02
sigmoid,10_dynamic_16x512xHxW,CHECK,0.13,0.14
sigmoid,10_dynamic_16x512xHxW,CODEGEN,0.05,1.24
sigmoid,10_dynamic_16x512xHxW,GCU,0.07,0.27
sigmoid,10_dynamic_16x512xHxW,MUCHK,0.03,0.05
sigmoid,10_dynamic_16x512xHxW,ASSERT-SITE,0.04,0.04
sigmoid,10_dynamic_16x512xHxW,CODEGEN,0.35,1.24
sigmoid,10_dynamic_16x512xHxW,Total,1.97,3.12
sigmoid,11_dynamic_32xSx768,SEMA,0.14,0.12
sigmoid,11_dynamic_32xSx768,NORM,0.13,0.12
sigmoid,11_dynamic_32xSx768,VALNO,0.69,0.70
sigmoid,11_dynamic_32xSx768,INFER,0.10,0.10
sigmoid,11_dynamic_32xSx768,LATENORM,0.07,0.07
sigmoid,11_dynamic_32xSx768,LOOP,0.02,0.02
sigmoid,11_dynamic_32xSx768,MEMORYREUSE,0.60,0.62
sigmoid,11_dynamic_32xSx768,ACTIVE-THREADS,0.02,0.02
sigmoid,11_dynamic_32xSx768,CHECK,0.17,0.18
sigmoid,11_dynamic_32xSx768,CODEGEN,0.06,0.87
sigmoid,11_dynamic_32xSx768,GCU,0.07,0.17
sigmoid,11_dynamic_32xSx768,MUCHK,0.04,0.05
sigmoid,11_dynamic_32xSx768,ASSERT-SITE,0.05,0.06
sigmoid,11_dynamic_32xSx768,CODEGEN,0.42,0.87
sigmoid,11_dynamic_32xSx768,Total,2.59,3.15
sigmoid,12_dynamic_64xTx256,SEMA,0.15,0.12
sigmoid,12_dynamic_64xTx256,NORM,0.15,0.12
sigmoid,12_dynamic_64xTx256,VALNO,0.71,0.71
sigmoid,12_dynamic_64xTx256,INFER,0.10,0.11
sigmoid,12_dynamic_64xTx256,LATENORM,0.07,0.07
sigmoid,12_dynamic_64xTx256,LOOP,0.02,0.02
sigmoid,12_dynamic_64xTx256,MEMORYREUSE,0.61,0.64
sigmoid,12_dynamic_64xTx256,ACTIVE-THREADS,0.02,0.02
sigmoid,12_dynamic_64xTx256,CHECK,0.18,0.18
sigmoid,12_dynamic_64xTx256,CODEGEN,0.06,0.89
sigmoid,12_dynamic_64xTx256,GCU,0.07,0.17
sigmoid,12_dynamic_64xTx256,MUCHK,0.03,0.05
sigmoid,12_dynamic_64xTx256,ASSERT-SITE,0.05,0.06
sigmoid,12_dynamic_64xTx256,CODEGEN,0.94,0.89
sigmoid,12_dynamic_64xTx256,Total,3.17,3.23
sigmoid,13_dynamic_32x512xV,SEMA,0.13,0.11
sigmoid,13_dynamic_32x512xV,NORM,0.12,0.11
sigmoid,13_dynamic_32x512xV,VALNO,0.51,0.50
sigmoid,13_dynamic_32x512xV,INFER,0.09,0.08
sigmoid,13_dynamic_32x512xV,LATENORM,0.07,0.06
sigmoid,13_dynamic_32x512xV,LOOP,0.02,0.02
sigmoid,13_dynamic_32x512xV,MEMORYREUSE,0.53,0.51
sigmoid,13_dynamic_32x512xV,ACTIVE-THREADS,0.02,0.02
sigmoid,13_dynamic_32x512xV,CHECK,0.14,0.13
sigmoid,13_dynamic_32x512xV,CODEGEN,0.05,0.31
sigmoid,13_dynamic_32x512xV,GCU,0.07,0.07
sigmoid,13_dynamic_32x512xV,MUCHK,0.03,0.03
sigmoid,13_dynamic_32x512xV,ASSERT-SITE,0.05,0.05
sigmoid,13_dynamic_32x512xV,CODEGEN,0.31,0.31
sigmoid,13_dynamic_32x512xV,Total,2.14,2.06
sigmoid,5_dynamic_Nx1280xMxK,SEMA,0.16,0.13
sigmoid,5_dynamic_Nx1280xMxK,NORM,0.14,0.12
sigmoid,5_dynamic_Nx1280xMxK,VALNO,0.76,0.80
sigmoid,5_dynamic_Nx1280xMxK,INFER,0.10,0.14
sigmoid,5_dynamic_Nx1280xMxK,LATENORM,0.07,0.07
sigmoid,5_dynamic_Nx1280xMxK,LOOP,0.02,0.02
sigmoid,5_dynamic_Nx1280xMxK,MEMORYREUSE,0.62,0.70
sigmoid,5_dynamic_Nx1280xMxK,ACTIVE-THREADS,0.02,0.02
sigmoid,5_dynamic_Nx1280xMxK,CHECK,0.18,0.21
sigmoid,5_dynamic_Nx1280xMxK,CODEGEN,0.07,1.88
sigmoid,5_dynamic_Nx1280xMxK,GCU,0.07,0.44
sigmoid,5_dynamic_Nx1280xMxK,MUCHK,0.03,0.07
sigmoid,5_dynamic_Nx1280xMxK,ASSERT-SITE,0.06,0.06
sigmoid,5_dynamic_Nx1280xMxK,CODEGEN,0.46,1.88
sigmoid,5_dynamic_Nx1280xMxK,Total,2.78,4.71
sigmoid,6_dynamic_128xCx112x112,SEMA,0.14,0.13
sigmoid,6_dynamic_128xCx112x112,NORM,0.13,0.12
sigmoid,6_dynamic_128xCx112x112,VALNO,0.76,0.76
sigmoid,6_dynamic_128xCx112x112,INFER,0.11,0.11
sigmoid,6_dynamic_128xCx112x112,LATENORM,0.07,0.07
sigmoid,6_dynamic_128xCx112x112,LOOP,0.02,0.02
sigmoid,6_dynamic_128xCx112x112,MEMORYREUSE,0.66,0.63
sigmoid,6_dynamic_128xCx112x112,ACTIVE-THREADS,0.02,0.02
sigmoid,6_dynamic_128xCx112x112,CHECK,0.18,0.18
sigmoid,6_dynamic_128xCx112x112,CODEGEN,0.06,0.94
sigmoid,6_dynamic_128xCx112x112,GCU,0.08,0.18
sigmoid,6_dynamic_128xCx112x112,MUCHK,0.03,0.05
sigmoid,6_dynamic_128xCx112x112,ASSERT-SITE,0.06,0.05
sigmoid,6_dynamic_128xCx112x112,CODEGEN,0.46,0.94
sigmoid,6_dynamic_128xCx112x112,Total,2.78,3.33
sigmoid,7_dynamic_32x197xD,SEMA,0.14,0.12
sigmoid,7_dynamic_32x197xD,NORM,0.13,0.12
sigmoid,7_dynamic_32x197xD,VALNO,0.70,0.74
sigmoid,7_dynamic_32x197xD,INFER,0.10,0.11
sigmoid,7_dynamic_32x197xD,LATENORM,0.07,0.07
sigmoid,7_dynamic_32x197xD,LOOP,0.02,0.02
sigmoid,7_dynamic_32x197xD,MEMORYREUSE,0.59,0.63
sigmoid,7_dynamic_32x197xD,ACTIVE-THREADS,0.02,0.02
sigmoid,7_dynamic_32x197xD,CHECK,0.17,0.20
sigmoid,7_dynamic_32x197xD,CODEGEN,0.06,0.91
sigmoid,7_dynamic_32x197xD,GCU,0.07,0.22
sigmoid,7_dynamic_32x197xD,MUCHK,0.03,0.04
sigmoid,7_dynamic_32x197xD,ASSERT-SITE,0.06,0.05
sigmoid,7_dynamic_32x197xD,CODEGEN,0.42,0.91
sigmoid,7_dynamic_32x197xD,Total,2.59,3.33
sigmoid,8_dynamic_16x1024xD,SEMA,0.13,0.12
sigmoid,8_dynamic_16x1024xD,NORM,0.13,0.12
sigmoid,8_dynamic_16x1024xD,VALNO,0.69,0.68
sigmoid,8_dynamic_16x1024xD,INFER,0.10,0.09
sigmoid,8_dynamic_16x1024xD,LATENORM,0.07,0.07
sigmoid,8_dynamic_16x1024xD,LOOP,0.02,0.02
sigmoid,8_dynamic_16x1024xD,MEMORYREUSE,0.60,0.58
sigmoid,8_dynamic_16x1024xD,ACTIVE-THREADS,0.02,0.02
sigmoid,8_dynamic_16x1024xD,CHECK,0.17,0.17
sigmoid,8_dynamic_16x1024xD,CODEGEN,0.06,0.36
sigmoid,8_dynamic_16x1024xD,GCU,0.07,0.07
sigmoid,8_dynamic_16x1024xD,MUCHK,0.03,0.03
sigmoid,8_dynamic_16x1024xD,ASSERT-SITE,0.05,0.05
sigmoid,8_dynamic_16x1024xD,CODEGEN,0.38,0.36
sigmoid,8_dynamic_16x1024xD,Total,2.54,2.45
sigmoid,9_dynamic_64x128xHxW,SEMA,0.12,0.10
sigmoid,9_dynamic_64x128xHxW,NORM,0.11,0.10
sigmoid,9_dynamic_64x128xHxW,VALNO,0.49,0.47
sigmoid,9_dynamic_64x128xHxW,INFER,0.07,0.07
sigmoid,9_dynamic_64x128xHxW,LATENORM,0.06,0.06
sigmoid,9_dynamic_64x128xHxW,LOOP,0.02,0.02
sigmoid,9_dynamic_64x128xHxW,MEMORYREUSE,0.39,0.36
sigmoid,9_dynamic_64x128xHxW,ACTIVE-THREADS,0.02,0.02
sigmoid,9_dynamic_64x128xHxW,CHECK,0.12,0.12
sigmoid,9_dynamic_64x128xHxW,CODEGEN,0.05,0.31
sigmoid,9_dynamic_64x128xHxW,GCU,0.07,0.06
sigmoid,9_dynamic_64x128xHxW,MUCHK,0.03,0.03
sigmoid,9_dynamic_64x128xHxW,ASSERT-SITE,0.04,0.04
sigmoid,9_dynamic_64x128xHxW,CODEGEN,0.35,0.31
sigmoid,9_dynamic_64x128xHxW,Total,1.94,1.80
softmax,10_dynamic_16x512xHxW_16x512xHxW,SEMA,0.28,0.26
softmax,10_dynamic_16x512xHxW_16x512xHxW,NORM,0.21,0.19
softmax,10_dynamic_16x512xHxW_16x512xHxW,VALNO,1.36,1.59
softmax,10_dynamic_16x512xHxW_16x512xHxW,INFER,0.21,0.25
softmax,10_dynamic_16x512xHxW_16x512xHxW,LATENORM,0.10,0.10
softmax,10_dynamic_16x512xHxW_16x512xHxW,LOOP,0.03,0.03
softmax,10_dynamic_16x512xHxW_16x512xHxW,MEMORYREUSE,1.06,1.19
softmax,10_dynamic_16x512xHxW_16x512xHxW,ACTIVE-THREADS,0.03,0.03
softmax,10_dynamic_16x512xHxW_16x512xHxW,CHECK,8.51,9.43
softmax,10_dynamic_16x512xHxW_16x512xHxW,CODEGEN,0.10,2.00
softmax,10_dynamic_16x512xHxW_16x512xHxW,GCU,0.11,0.62
softmax,10_dynamic_16x512xHxW_16x512xHxW,MUCHK,0.05,0.07
softmax,10_dynamic_16x512xHxW_16x512xHxW,ASSERT-SITE,0.14,0.15
softmax,10_dynamic_16x512xHxW_16x512xHxW,CODEGEN,0.71,2.00
softmax,10_dynamic_16x512xHxW_16x512xHxW,Total,12.89,16.00
softmax,11_dynamic_32xSx768_32xSx768,SEMA,0.24,0.21
softmax,11_dynamic_32xSx768_32xSx768,NORM,0.20,0.18
softmax,11_dynamic_32xSx768_32xSx768,VALNO,1.08,1.12
softmax,11_dynamic_32xSx768_32xSx768,INFER,0.16,0.17
softmax,11_dynamic_32xSx768_32xSx768,LATENORM,0.09,0.09
softmax,11_dynamic_32xSx768_32xSx768,LOOP,0.02,0.03
softmax,11_dynamic_32xSx768_32xSx768,MEMORYREUSE,0.85,0.85
softmax,11_dynamic_32xSx768_32xSx768,ACTIVE-THREADS,0.03,0.03
softmax,11_dynamic_32xSx768_32xSx768,CHECK,3.20,3.39
softmax,11_dynamic_32xSx768_32xSx768,CODEGEN,0.10,0.75
softmax,11_dynamic_32xSx768_32xSx768,GCU,0.09,0.21
softmax,11_dynamic_32xSx768_32xSx768,MUCHK,0.05,0.06
softmax,11_dynamic_32xSx768_32xSx768,ASSERT-SITE,0.11,0.12
softmax,11_dynamic_32xSx768_32xSx768,CODEGEN,0.50,0.75
softmax,11_dynamic_32xSx768_32xSx768,Total,6.73,7.29
softmax,12_dynamic_64xTx256_64xTx256,SEMA,0.24,0.23
softmax,12_dynamic_64xTx256_64xTx256,NORM,0.17,0.16
softmax,12_dynamic_64xTx256_64xTx256,VALNO,1.10,1.21
softmax,12_dynamic_64xTx256_64xTx256,INFER,0.16,0.22
softmax,12_dynamic_64xTx256_64xTx256,LATENORM,0.09,0.09
softmax,12_dynamic_64xTx256_64xTx256,LOOP,0.02,0.03
softmax,12_dynamic_64xTx256_64xTx256,MEMORYREUSE,0.90,0.94
softmax,12_dynamic_64xTx256_64xTx256,ACTIVE-THREADS,0.03,0.03
softmax,12_dynamic_64xTx256_64xTx256,CHECK,3.21,3.68
softmax,12_dynamic_64xTx256_64xTx256,CODEGEN,0.09,0.94
softmax,12_dynamic_64xTx256_64xTx256,GCU,0.09,0.26
softmax,12_dynamic_64xTx256_64xTx256,MUCHK,0.05,0.06
softmax,12_dynamic_64xTx256_64xTx256,ASSERT-SITE,0.11,0.12
softmax,12_dynamic_64xTx256_64xTx256,CODEGEN,0.53,0.94
softmax,12_dynamic_64xTx256_64xTx256,Total,6.81,8.06
softmax,13_dynamic_32x512xV_32x512xV,SEMA,0.25,0.23
softmax,13_dynamic_32x512xV_32x512xV,NORM,0.17,0.16
softmax,13_dynamic_32x512xV_32x512xV,VALNO,1.12,1.13
softmax,13_dynamic_32x512xV_32x512xV,INFER,0.18,0.17
softmax,13_dynamic_32x512xV_32x512xV,LATENORM,0.10,0.10
softmax,13_dynamic_32x512xV_32x512xV,LOOP,0.03,0.02
softmax,13_dynamic_32x512xV_32x512xV,MEMORYREUSE,0.92,0.93
softmax,13_dynamic_32x512xV_32x512xV,ACTIVE-THREADS,0.03,0.03
softmax,13_dynamic_32x512xV_32x512xV,CHECK,3.22,3.37
softmax,13_dynamic_32x512xV_32x512xV,CODEGEN,0.09,0.80
softmax,13_dynamic_32x512xV_32x512xV,GCU,0.10,0.21
softmax,13_dynamic_32x512xV_32x512xV,MUCHK,0.04,0.05
softmax,13_dynamic_32x512xV_32x512xV,ASSERT-SITE,0.11,0.12
softmax,13_dynamic_32x512xV_32x512xV,CODEGEN,0.52,0.80
softmax,13_dynamic_32x512xV_32x512xV,Total,6.88,7.40
softmax,3_attention_32xNx512x64_32xNx512x64,SEMA,0.29,0.27
softmax,3_attention_32xNx512x64_32xNx512x64,NORM,0.21,0.20
softmax,3_attention_32xNx512x64_32xNx512x64,VALNO,1.35,1.39
softmax,3_attention_32xNx512x64_32xNx512x64,INFER,0.21,0.21
softmax,3_attention_32xNx512x64_32xNx512x64,LATENORM,0.10,0.10
softmax,3_attention_32xNx512x64_32xNx512x64,LOOP,0.03,0.03
softmax,3_attention_32xNx512x64_32xNx512x64,MEMORYREUSE,1.06,1.11
softmax,3_attention_32xNx512x64_32xNx512x64,ACTIVE-THREADS,0.03,0.03
softmax,3_attention_32xNx512x64_32xNx512x64,CHECK,8.53,8.60
softmax,3_attention_32xNx512x64_32xNx512x64,CODEGEN,0.10,1.00
softmax,3_attention_32xNx512x64_32xNx512x64,GCU,0.12,0.22
softmax,3_attention_32xNx512x64_32xNx512x64,MUCHK,0.05,0.07
softmax,3_attention_32xNx512x64_32xNx512x64,ASSERT-SITE,0.14,0.15
softmax,3_attention_32xNx512x64_32xNx512x64,CODEGEN,0.72,1.00
softmax,3_attention_32xNx512x64_32xNx512x64,Total,12.94,13.49
softmax,4_dynamic_Bx256x56x56_Bx256x56x56,SEMA,0.27,0.26
softmax,4_dynamic_Bx256x56x56_Bx256x56x56,NORM,0.21,0.20
softmax,4_dynamic_Bx256x56x56_Bx256x56x56,VALNO,1.35,1.52
softmax,4_dynamic_Bx256x56x56_Bx256x56x56,INFER,0.21,0.22
softmax,4_dynamic_Bx256x56x56_Bx256x56x56,LATENORM,0.10,0.14
softmax,4_dynamic_Bx256x56x56_Bx256x56x56,LOOP,0.03,0.03
softmax,4_dynamic_Bx256x56x56_Bx256x56x56,MEMORYREUSE,1.05,1.06
softmax,4_dynamic_Bx256x56x56_Bx256x56x56,ACTIVE-THREADS,0.03,0.03
softmax,4_dynamic_Bx256x56x56_Bx256x56x56,CHECK,8.53,9.49
softmax,4_dynamic_Bx256x56x56_Bx256x56x56,CODEGEN,0.10,0.71
softmax,4_dynamic_Bx256x56x56_Bx256x56x56,GCU,0.11,0.15
softmax,4_dynamic_Bx256x56x56_Bx256x56x56,MUCHK,0.05,0.07
softmax,4_dynamic_Bx256x56x56_Bx256x56x56,ASSERT-SITE,0.14,0.14
softmax,4_dynamic_Bx256x56x56_Bx256x56x56,CODEGEN,0.70,0.71
softmax,4_dynamic_Bx256x56x56_Bx256x56x56,Total,12.88,14.10
softmax,5_dynamic_Bx1280xHxW_Bx1280xHxW,SEMA,0.27,0.26
softmax,5_dynamic_Bx1280xHxW_Bx1280xHxW,NORM,0.21,0.19
softmax,5_dynamic_Bx1280xHxW_Bx1280xHxW,VALNO,1.35,1.77
softmax,5_dynamic_Bx1280xHxW_Bx1280xHxW,INFER,0.21,0.25
softmax,5_dynamic_Bx1280xHxW_Bx1280xHxW,LATENORM,0.10,0.11
softmax,5_dynamic_Bx1280xHxW_Bx1280xHxW,LOOP,0.03,0.03
softmax,5_dynamic_Bx1280xHxW_Bx1280xHxW,MEMORYREUSE,1.05,1.15
softmax,5_dynamic_Bx1280xHxW_Bx1280xHxW,ACTIVE-THREADS,0.03,0.03
softmax,5_dynamic_Bx1280xHxW_Bx1280xHxW,CHECK,8.52,10.32
softmax,5_dynamic_Bx1280xHxW_Bx1280xHxW,CODEGEN,0.10,2.27
softmax,5_dynamic_Bx1280xHxW_Bx1280xHxW,GCU,0.11,0.69
softmax,5_dynamic_Bx1280xHxW_Bx1280xHxW,MUCHK,0.05,0.09
softmax,5_dynamic_Bx1280xHxW_Bx1280xHxW,ASSERT-SITE,0.15,0.16
softmax,5_dynamic_Bx1280xHxW_Bx1280xHxW,CODEGEN,0.73,2.27
softmax,5_dynamic_Bx1280xHxW_Bx1280xHxW,Total,12.91,17.41
softmax,6_dynamic_128xCx112x112_128xCx112x112,SEMA,0.28,0.26
softmax,6_dynamic_128xCx112x112_128xCx112x112,NORM,0.21,0.19
softmax,6_dynamic_128xCx112x112_128xCx112x112,VALNO,1.35,1.35
softmax,6_dynamic_128xCx112x112_128xCx112x112,INFER,0.21,0.25
softmax,6_dynamic_128xCx112x112_128xCx112x112,LATENORM,0.10,0.10
softmax,6_dynamic_128xCx112x112_128xCx112x112,LOOP,0.03,0.03
softmax,6_dynamic_128xCx112x112_128xCx112x112,MEMORYREUSE,1.06,1.08
softmax,6_dynamic_128xCx112x112_128xCx112x112,ACTIVE-THREADS,0.03,0.04
softmax,6_dynamic_128xCx112x112_128xCx112x112,CHECK,8.58,8.54
softmax,6_dynamic_128xCx112x112_128xCx112x112,CODEGEN,0.10,1.01
softmax,6_dynamic_128xCx112x112_128xCx112x112,GCU,0.12,0.22
softmax,6_dynamic_128xCx112x112_128xCx112x112,MUCHK,0.05,0.07
softmax,6_dynamic_128xCx112x112_128xCx112x112,ASSERT-SITE,0.14,0.14
softmax,6_dynamic_128xCx112x112_128xCx112x112,CODEGEN,0.71,1.01
softmax,6_dynamic_128xCx112x112_128xCx112x112,Total,12.98,13.37
softmax,7_dynamic_32x197xE_32x197xE,SEMA,0.23,0.22
softmax,7_dynamic_32x197xE_32x197xE,NORM,0.19,0.18
softmax,7_dynamic_32x197xE_32x197xE,VALNO,1.07,1.08
softmax,7_dynamic_32x197xE_32x197xE,INFER,0.16,0.16
softmax,7_dynamic_32x197xE_32x197xE,LATENORM,0.09,0.09
softmax,7_dynamic_32x197xE_32x197xE,LOOP,0.03,0.02
softmax,7_dynamic_32x197xE_32x197xE,MEMORYREUSE,0.82,0.85
softmax,7_dynamic_32x197xE_32x197xE,ACTIVE-THREADS,0.03,0.03
softmax,7_dynamic_32x197xE_32x197xE,CHECK,3.25,3.29
softmax,7_dynamic_32x197xE_32x197xE,CODEGEN,0.09,0.74
softmax,7_dynamic_32x197xE_32x197xE,GCU,0.10,0.20
softmax,7_dynamic_32x197xE_32x197xE,MUCHK,0.05,0.05
softmax,7_dynamic_32x197xE_32x197xE,ASSERT-SITE,0.11,0.13
softmax,7_dynamic_32x197xE_32x197xE,CODEGEN,0.50,0.74
softmax,7_dynamic_32x197xE_32x197xE,Total,6.71,7.14
softmax,8_dynamic_16x1024xD_16x1024xD,SEMA,0.24,0.23
softmax,8_dynamic_16x1024xD_16x1024xD,NORM,0.17,0.15
softmax,8_dynamic_16x1024xD_16x1024xD,VALNO,1.11,1.11
softmax,8_dynamic_16x1024xD_16x1024xD,INFER,0.16,0.17
softmax,8_dynamic_16x1024xD_16x1024xD,LATENORM,0.09,0.09
softmax,8_dynamic_16x1024xD_16x1024xD,LOOP,0.02,0.02
softmax,8_dynamic_16x1024xD_16x1024xD,MEMORYREUSE,0.90,0.92
softmax,8_dynamic_16x1024xD_16x1024xD,ACTIVE-THREADS,0.03,0.03
softmax,8_dynamic_16x1024xD_16x1024xD,CHECK,3.26,3.28
softmax,8_dynamic_16x1024xD_16x1024xD,CODEGEN,0.09,0.80
softmax,8_dynamic_16x1024xD_16x1024xD,GCU,0.09,0.20
softmax,8_dynamic_16x1024xD_16x1024xD,MUCHK,0.04,0.07
softmax,8_dynamic_16x1024xD_16x1024xD,ASSERT-SITE,0.11,0.12
softmax,8_dynamic_16x1024xD_16x1024xD,CODEGEN,0.52,0.80
softmax,8_dynamic_16x1024xD_16x1024xD,Total,6.85,7.29
softmax,9_dynamic_64x128xHxW_64x128xHxW,SEMA,0.28,0.26
softmax,9_dynamic_64x128xHxW_64x128xHxW,NORM,0.22,0.19
softmax,9_dynamic_64x128xHxW_64x128xHxW,VALNO,1.37,1.58
softmax,9_dynamic_64x128xHxW_64x128xHxW,INFER,0.21,0.25
softmax,9_dynamic_64x128xHxW_64x128xHxW,LATENORM,0.10,0.10
softmax,9_dynamic_64x128xHxW_64x128xHxW,LOOP,0.03,0.03
softmax,9_dynamic_64x128xHxW_64x128xHxW,MEMORYREUSE,1.06,1.16
softmax,9_dynamic_64x128xHxW_64x128xHxW,ACTIVE-THREADS,0.03,0.03
softmax,9_dynamic_64x128xHxW_64x128xHxW,CHECK,8.57,9.62
softmax,9_dynamic_64x128xHxW_64x128xHxW,CODEGEN,0.10,1.99
softmax,9_dynamic_64x128xHxW_64x128xHxW,GCU,0.11,0.61
softmax,9_dynamic_64x128xHxW_64x128xHxW,MUCHK,0.05,0.07
softmax,9_dynamic_64x128xHxW_64x128xHxW,ASSERT-SITE,0.14,0.15
softmax,9_dynamic_64x128xHxW_64x128xHxW,CODEGEN,0.72,1.99
softmax,9_dynamic_64x128xHxW_64x128xHxW,Total,12.99,16.18
transpose,10_dynamic_16x512xHxW_16xHxWx512,SEMA,0.15,0.13
transpose,10_dynamic_16x512xHxW_16xHxWx512,NORM,0.11,0.10
transpose,10_dynamic_16x512xHxW_16xHxWx512,VALNO,1.03,1.06
transpose,10_dynamic_16x512xHxW_16xHxWx512,INFER,0.09,0.10
transpose,10_dynamic_16x512xHxW_16xHxWx512,LATENORM,0.05,0.05
transpose,10_dynamic_16x512xHxW_16xHxWx512,LOOP,0.01,0.01
transpose,10_dynamic_16x512xHxW_16xHxWx512,MEMORYREUSE,0.45,0.49
transpose,10_dynamic_16x512xHxW_16xHxWx512,ACTIVE-THREADS,0.02,0.02
transpose,10_dynamic_16x512xHxW_16xHxWx512,CHECK,0.29,0.29
transpose,10_dynamic_16x512xHxW_16xHxWx512,CODEGEN,0.05,0.85
transpose,10_dynamic_16x512xHxW_16xHxWx512,GCU,0.07,0.33
transpose,10_dynamic_16x512xHxW_16xHxWx512,MUCHK,0.03,0.05
transpose,10_dynamic_16x512xHxW_16xHxWx512,ASSERT-SITE,0.04,0.05
transpose,10_dynamic_16x512xHxW_16xHxWx512,CODEGEN,0.35,0.85
transpose,10_dynamic_16x512xHxW_16xHxWx512,Total,2.75,3.58
transpose,11_dynamic_32xSx768_32x768xS,SEMA,0.18,0.17
transpose,11_dynamic_32xSx768_32x768xS,NORM,0.21,0.20
transpose,11_dynamic_32xSx768_32x768xS,VALNO,1.12,1.17
transpose,11_dynamic_32xSx768_32x768xS,INFER,0.13,0.13
transpose,11_dynamic_32xSx768_32x768xS,LATENORM,0.07,0.07
transpose,11_dynamic_32xSx768_32x768xS,LOOP,0.02,0.02
transpose,11_dynamic_32xSx768_32x768xS,MEMORYREUSE,0.67,0.71
transpose,11_dynamic_32xSx768_32x768xS,ACTIVE-THREADS,0.02,0.02
transpose,11_dynamic_32xSx768_32x768xS,CHECK,0.36,0.50
transpose,11_dynamic_32xSx768_32x768xS,CODEGEN,0.07,0.85
transpose,11_dynamic_32xSx768_32x768xS,GCU,0.10,0.32
transpose,11_dynamic_32xSx768_32x768xS,MUCHK,0.03,0.05
transpose,11_dynamic_32xSx768_32x768xS,ASSERT-SITE,0.06,0.07
transpose,11_dynamic_32xSx768_32x768xS,CODEGEN,0.42,0.85
transpose,11_dynamic_32xSx768_32x768xS,Total,3.47,4.35
transpose,12_dynamic_64xSx256_Sx64x256,SEMA,0.14,0.12
transpose,12_dynamic_64xSx256_Sx64x256,NORM,0.11,0.09
transpose,12_dynamic_64xSx256_Sx64x256,VALNO,0.97,0.99
transpose,12_dynamic_64xSx256_Sx64x256,INFER,0.09,0.09
transpose,12_dynamic_64xSx256_Sx64x256,LATENORM,0.05,0.05
transpose,12_dynamic_64xSx256_Sx64x256,LOOP,0.01,0.01
transpose,12_dynamic_64xSx256_Sx64x256,MEMORYREUSE,0.44,0.47
transpose,12_dynamic_64xSx256_Sx64x256,ACTIVE-THREADS,0.02,0.02
transpose,12_dynamic_64xSx256_Sx64x256,CHECK,0.27,0.24
transpose,12_dynamic_64xSx256_Sx64x256,CODEGEN,0.05,0.77
transpose,12_dynamic_64xSx256_Sx64x256,GCU,0.06,0.53
transpose,12_dynamic_64xSx256_Sx64x256,MUCHK,0.03,0.04
transpose,12_dynamic_64xSx256_Sx64x256,ASSERT-SITE,0.04,0.05
transpose,12_dynamic_64xSx256_Sx64x256,CODEGEN,0.33,0.77
transpose,12_dynamic_64xSx256_Sx64x256,Total,2.62,3.52
transpose,13_dynamic_32x512xV_32xVx512,SEMA,0.14,0.13
transpose,13_dynamic_32x512xV_32xVx512,NORM,0.10,0.09
transpose,13_dynamic_32x512xV_32xVx512,VALNO,0.97,0.98
transpose,13_dynamic_32x512xV_32xVx512,INFER,0.15,0.09
transpose,13_dynamic_32x512xV_32xVx512,LATENORM,0.06,0.05
transpose,13_dynamic_32x512xV_32xVx512,LOOP,0.01,0.01
transpose,13_dynamic_32x512xV_32xVx512,MEMORYREUSE,0.45,0.46
transpose,13_dynamic_32x512xV_32xVx512,ACTIVE-THREADS,0.02,0.02
transpose,13_dynamic_32x512xV_32xVx512,CHECK,0.25,0.25
transpose,13_dynamic_32x512xV_32xVx512,CODEGEN,0.05,0.63
transpose,13_dynamic_32x512xV_32xVx512,GCU,0.06,0.18
transpose,13_dynamic_32x512xV_32xVx512,MUCHK,0.03,0.04
transpose,13_dynamic_32x512xV_32xVx512,ASSERT-SITE,0.04,0.04
transpose,13_dynamic_32x512xV_32xVx512,CODEGEN,0.34,0.63
transpose,13_dynamic_32x512xV_32xVx512,Total,2.67,3.03
transpose,3_attention_32xNx512x64_32x512xNx64,SEMA,0.21,0.19
transpose,3_attention_32xNx512x64_32x512xNx64,NORM,0.16,0.13
transpose,3_attention_32xNx512x64_32x512xNx64,VALNO,1.52,1.53
transpose,3_attention_32xNx512x64_32x512xNx64,INFER,0.13,0.15
transpose,3_attention_32xNx512x64_32x512xNx64,LATENORM,0.08,0.08
transpose,3_attention_32xNx512x64_32x512xNx64,LOOP,0.02,0.02
transpose,3_attention_32xNx512x64_32x512xNx64,MEMORYREUSE,0.66,0.66
transpose,3_attention_32xNx512x64_32x512xNx64,ACTIVE-THREADS,0.03,0.02
transpose,3_attention_32xNx512x64_32x512xNx64,CHECK,0.43,0.45
transpose,3_attention_32xNx512x64_32x512xNx64,CODEGEN,0.07,0.70
transpose,3_attention_32xNx512x64_32x512xNx64,GCU,0.11,0.18
transpose,3_attention_32xNx512x64_32x512xNx64,MUCHK,0.04,0.06
transpose,3_attention_32xNx512x64_32x512xNx64,ASSERT-SITE,0.07,0.07
transpose,3_attention_32xNx512x64_32x512xNx64,CODEGEN,0.53,0.70
transpose,3_attention_32xNx512x64_32x512xNx64,Total,4.06,4.32
transpose,4_dynamic_Nx256x56x56_Nx56x56x256,SEMA,0.15,0.13
transpose,4_dynamic_Nx256x56x56_Nx56x56x256,NORM,0.11,0.10
transpose,4_dynamic_Nx256x56x56_Nx56x56x256,VALNO,1.03,1.35
transpose,4_dynamic_Nx256x56x56_Nx56x56x256,INFER,0.09,0.10
transpose,4_dynamic_Nx256x56x56_Nx56x56x256,LATENORM,0.05,0.05
transpose,4_dynamic_Nx256x56x56_Nx56x56x256,LOOP,0.02,0.01
transpose,4_dynamic_Nx256x56x56_Nx56x56x256,MEMORYREUSE,0.47,0.47
transpose,4_dynamic_Nx256x56x56_Nx56x56x256,ACTIVE-THREADS,0.02,0.02
transpose,4_dynamic_Nx256x56x56_Nx56x56x256,CHECK,0.29,0.33
transpose,4_dynamic_Nx256x56x56_Nx56x56x256,CODEGEN,0.05,0.42
transpose,4_dynamic_Nx256x56x56_Nx56x56x256,GCU,0.07,0.12
transpose,4_dynamic_Nx256x56x56_Nx56x56x256,MUCHK,0.03,0.04
transpose,4_dynamic_Nx256x56x56_Nx56x56x256,ASSERT-SITE,0.05,0.05
transpose,4_dynamic_Nx256x56x56_Nx56x56x256,CODEGEN,0.36,0.42
transpose,4_dynamic_Nx256x56x56_Nx56x56x256,Total,2.81,3.26
transpose,5_dynamic_Nx1280xHxW_NxHxWx1280,SEMA,0.14,0.13
transpose,5_dynamic_Nx1280xHxW_NxHxWx1280,NORM,0.10,0.09
transpose,5_dynamic_Nx1280xHxW_NxHxWx1280,VALNO,1.03,1.41
transpose,5_dynamic_Nx1280xHxW_NxHxWx1280,INFER,0.10,0.12
transpose,5_dynamic_Nx1280xHxW_NxHxWx1280,LATENORM,0.05,0.05
transpose,5_dynamic_Nx1280xHxW_NxHxWx1280,LOOP,0.01,0.02
transpose,5_dynamic_Nx1280xHxW_NxHxWx1280,MEMORYREUSE,0.45,0.52
transpose,5_dynamic_Nx1280xHxW_NxHxWx1280,ACTIVE-THREADS,0.02,0.02
transpose,5_dynamic_Nx1280xHxW_NxHxWx1280,CHECK,0.29,0.34
transpose,5_dynamic_Nx1280xHxW_NxHxWx1280,CODEGEN,0.05,0.97
transpose,5_dynamic_Nx1280xHxW_NxHxWx1280,GCU,0.07,0.40
transpose,5_dynamic_Nx1280xHxW_NxHxWx1280,MUCHK,0.03,0.06
transpose,5_dynamic_Nx1280xHxW_NxHxWx1280,ASSERT-SITE,0.04,0.06
transpose,5_dynamic_Nx1280xHxW_NxHxWx1280,CODEGEN,0.36,0.97
transpose,5_dynamic_Nx1280xHxW_NxHxWx1280,Total,2.75,4.23
transpose,6_dynamic_128xCx112x112_128x112x112xC,SEMA,0.14,0.13
transpose,6_dynamic_128xCx112x112_128x112x112xC,NORM,0.11,0.10
transpose,6_dynamic_128xCx112x112_128x112x112xC,VALNO,1.04,1.04
transpose,6_dynamic_128xCx112x112_128x112x112xC,INFER,0.09,0.10
transpose,6_dynamic_128xCx112x112_128x112x112xC,LATENORM,0.05,0.05
transpose,6_dynamic_128xCx112x112_128x112x112xC,LOOP,0.02,0.01
transpose,6_dynamic_128xCx112x112_128x112x112xC,MEMORYREUSE,0.45,0.45
transpose,6_dynamic_128xCx112x112_128x112x112xC,ACTIVE-THREADS,0.02,0.02
transpose,6_dynamic_128xCx112x112_128x112x112xC,CHECK,0.29,0.30
transpose,6_dynamic_128xCx112x112_128x112x112xC,CODEGEN,0.05,0.51
transpose,6_dynamic_128xCx112x112_128x112x112xC,GCU,0.07,0.11
transpose,6_dynamic_128xCx112x112_128x112x112xC,MUCHK,0.03,0.04
transpose,6_dynamic_128xCx112x112_128x112x112xC,ASSERT-SITE,0.04,0.04
transpose,6_dynamic_128xCx112x112_128x112x112xC,CODEGEN,0.36,0.51
transpose,6_dynamic_128xCx112x112_128x112x112xC,Total,2.76,2.95
transpose,7_dynamic_32x197xD_32xDx197,SEMA,0.11,0.11
transpose,7_dynamic_32x197xD_32xDx197,NORM,0.13,0.12
transpose,7_dynamic_32x197xD_32xDx197,VALNO,0.61,0.62
transpose,7_dynamic_32x197xD_32xDx197,INFER,0.08,0.08
transpose,7_dynamic_32x197xD_32xDx197,LATENORM,0.05,0.05
transpose,7_dynamic_32x197xD_32xDx197,LOOP,0.01,0.01
transpose,7_dynamic_32x197xD_32xDx197,MEMORYREUSE,0.39,0.41
transpose,7_dynamic_32x197xD_32xDx197,ACTIVE-THREADS,0.02,0.02
transpose,7_dynamic_32x197xD_32xDx197,CHECK,0.23,0.22
transpose,7_dynamic_32x197xD_32xDx197,CODEGEN,0.05,0.36
transpose,7_dynamic_32x197xD_32xDx197,GCU,0.06,0.18
transpose,7_dynamic_32x197xD_32xDx197,MUCHK,0.03,0.04
transpose,7_dynamic_32x197xD_32xDx197,ASSERT-SITE,0.04,0.05
transpose,7_dynamic_32x197xD_32xDx197,CODEGEN,0.25,0.36
transpose,7_dynamic_32x197xD_32xDx197,Total,2.06,2.31
transpose,8_dynamic_16x1024xD_16xDx1024,SEMA,0.12,0.10
transpose,8_dynamic_16x1024xD_16xDx1024,NORM,0.13,0.12
transpose,8_dynamic_16x1024xD_16xDx1024,VALNO,0.61,0.62
transpose,8_dynamic_16x1024xD_16xDx1024,INFER,0.08,0.08
transpose,8_dynamic_16x1024xD_16xDx1024,LATENORM,0.05,0.10
transpose,8_dynamic_16x1024xD_16xDx1024,LOOP,0.01,0.01
transpose,8_dynamic_16x1024xD_16xDx1024,MEMORYREUSE,0.39,0.41
transpose,8_dynamic_16x1024xD_16xDx1024,ACTIVE-THREADS,0.02,0.02
transpose,8_dynamic_16x1024xD_16xDx1024,CHECK,0.23,0.22
transpose,8_dynamic_16x1024xD_16xDx1024,CODEGEN,0.05,0.46
transpose,8_dynamic_16x1024xD_16xDx1024,GCU,0.06,0.18
transpose,8_dynamic_16x1024xD_16xDx1024,MUCHK,0.03,0.04
transpose,8_dynamic_16x1024xD_16xDx1024,ASSERT-SITE,0.04,0.05
transpose,8_dynamic_16x1024xD_16xDx1024,CODEGEN,0.26,0.46
transpose,8_dynamic_16x1024xD_16xDx1024,Total,2.08,2.45
transpose,9_dynamic_64x128xHxW_64xHxWx128,SEMA,0.15,0.13
transpose,9_dynamic_64x128xHxW_64xHxWx128,NORM,0.10,0.09
transpose,9_dynamic_64x128xHxW_64xHxWx128,VALNO,1.03,1.07
transpose,9_dynamic_64x128xHxW_64xHxWx128,INFER,0.09,0.11
transpose,9_dynamic_64x128xHxW_64xHxWx128,LATENORM,0.05,0.05
transpose,9_dynamic_64x128xHxW_64xHxWx128,LOOP,0.01,0.01
transpose,9_dynamic_64x128xHxW_64xHxWx128,MEMORYREUSE,0.45,0.49
transpose,9_dynamic_64x128xHxW_64xHxWx128,ACTIVE-THREADS,0.02,0.02
transpose,9_dynamic_64x128xHxW_64xHxWx128,CHECK,0.29,0.28
transpose,9_dynamic_64x128xHxW_64xHxWx128,CODEGEN,0.05,0.86
transpose,9_dynamic_64x128xHxW_64xHxWx128,GCU,0.07,0.32
transpose,9_dynamic_64x128xHxW_64xHxWx128,MUCHK,0.03,0.05
transpose,9_dynamic_64x128xHxW_64xHxWx128,ASSERT-SITE,0.04,0.05
transpose,9_dynamic_64x128xHxW_64xHxWx128,CODEGEN,0.36,0.86
transpose,9_dynamic_64x128xHxW_64xHxWx128,Total,2.76,3.60
